2024-04-16 13:49:09.199 [ INFO] [kground-preinit] o.h.v.i.u.Version              : <clinit>             : 21         : HV000001: Hibernate Validator 8.0.1.Final
2024-04-16 13:49:09.211 [ INFO] [           main] c.i.s.ShoppingMallApplication  : logStarting          : 50         : Starting ShoppingMallApplication using Java 21.0.2 with PID 61315 (/Users/bagsuyeon/Desktop/Team_idle/target/classes started by bagsuyeon in /Users/bagsuyeon/Desktop/Team_idle)
2024-04-16 13:49:09.212 [ INFO] [           main] c.i.s.ShoppingMallApplication  : ogStartupProfileInfo : 654        : No active profile set, falling back to 1 default profile: "default"
2024-04-16 13:49:09.532 [ INFO] [           main] epositoryConfigurationDelegate : gisterRepositoriesIn : 139        : Bootstrapping Spring Data JPA repositories in DEFAULT mode.
2024-04-16 13:49:09.543 [ INFO] [           main] epositoryConfigurationDelegate : gisterRepositoriesIn : 208        : Finished Spring Data repository scanning in 7 ms. Found 0 JPA repository interfaces.
2024-04-16 13:49:09.738 [ INFO] [           main] o.a.c.h.Http11NioProtocol      : log                  : 173        : Initializing ProtocolHandler ["http-nio-9090"]
2024-04-16 13:49:09.739 [ INFO] [           main] o.a.c.c.StandardService        : log                  : 173        : Starting service [Tomcat]
2024-04-16 13:49:09.739 [ INFO] [           main] o.a.c.c.StandardEngine         : log                  : 173        : Starting Servlet engine: [Apache Tomcat/10.1.19]
2024-04-16 13:49:09.762 [ INFO] [           main] o.a.c.c.C.[.[.[/]              : log                  : 173        : Initializing Spring embedded WebApplicationContext
2024-04-16 13:49:09.813 [ INFO] [           main] c.z.h.HikariDataSource         : getConnection        : 110        : HikariPool-1 - Starting...
2024-04-16 13:49:09.939 [ INFO] [           main] c.z.h.p.HikariPool             : checkFailFast        : 565        : HikariPool-1 - Added connection com.mysql.cj.jdbc.ConnectionImpl@14b8a751
2024-04-16 13:49:09.940 [ INFO] [           main] c.z.h.HikariDataSource         : getConnection        : 123        : HikariPool-1 - Start completed.
2024-04-16 13:49:09.956 [ INFO] [           main] o.h.j.i.u.LogHelper            : tenceUnitInformation : 31         : HHH000204: Processing PersistenceUnitInfo [name: default]
2024-04-16 13:49:09.982 [ INFO] [           main] o.h.Version                    : logVersion           : 44         : HHH000412: Hibernate ORM core version 6.4.4.Final
2024-04-16 13:49:09.996 [ INFO] [           main] o.h.c.i.RegionFactoryInitiator : initiateService      : 50         : HHH000026: Second-level cache disabled
2024-04-16 13:49:10.077 [ INFO] [           main] .j.p.SpringPersistenceUnitInfo : addTransformer       : 87         : No LoadTimeWeaver setup: ignoring JPA class transformer
2024-04-16 13:49:10.248 [ INFO] [           main] e.t.j.p.i.JtaPlatformInitiator : initiateService      : 58         : HHH000489: No JTA platform available (set 'hibernate.transaction.jta.platform' to enable JTA platform integration)
2024-04-16 13:49:10.250 [ INFO] [           main] tainerEntityManagerFactoryBean : EntityManagerFactory : 437        : Initialized JPA EntityManagerFactory for persistence unit 'default'
2024-04-16 13:49:10.625 [ WARN] [           main] figuration$JpaWebConfiguration : gerInViewInterceptor : 232        : spring.jpa.open-in-view is enabled by default. Therefore, database queries may be performed during view rendering. Explicitly configure spring.jpa.open-in-view to disable this warning
2024-04-16 13:49:10.748 [ INFO] [           main] s.w.DefaultSecurityFilterChain : <init>               : 54         : Will secure any request with [org.springframework.security.web.session.DisableEncodeUrlFilter@c3836b6, org.springframework.security.web.context.request.async.WebAsyncManagerIntegrationFilter@60317de8, org.springframework.security.web.context.SecurityContextHolderFilter@5058fefb, org.springframework.security.web.header.HeaderWriterFilter@5183131d, org.springframework.web.filter.CorsFilter@363e2009, org.springframework.security.web.authentication.logout.LogoutFilter@188532da, org.springframework.security.oauth2.client.web.OAuth2AuthorizationRequestRedirectFilter@13b5598b, org.springframework.security.oauth2.client.web.OAuth2LoginAuthenticationFilter@389a9ff6, org.springframework.security.web.authentication.UsernamePasswordAuthenticationFilter@49994a4, org.springframework.security.web.savedrequest.RequestCacheAwareFilter@1f207142, org.springframework.security.web.servletapi.SecurityContextHolderAwareRequestFilter@65871cfd, org.springframework.security.web.authentication.AnonymousAuthenticationFilter@7b55fc83, org.springframework.security.web.access.ExceptionTranslationFilter@f31b991, org.springframework.security.web.access.intercept.AuthorizationFilter@2468c0e4]
2024-04-16 13:49:10.862 [ INFO] [           main] o.a.c.h.Http11NioProtocol      : log                  : 173        : Starting ProtocolHandler ["http-nio-9090"]
2024-04-16 13:49:10.876 [ INFO] [           main] c.i.s.ShoppingMallApplication  : logStarted           : 56         : Started ShoppingMallApplication in 1.815 seconds (process running for 2.462)
2024-04-16 13:49:30.299 [ INFO] [nio-9090-exec-1] o.a.c.c.C.[.[.[/]              : log                  : 173        : Initializing Spring DispatcherServlet 'dispatcherServlet'
2024-04-16 13:49:30.299 [ INFO] [nio-9090-exec-1] o.s.w.s.DispatcherServlet      : initServletBean      : 532        : Initializing Servlet 'dispatcherServlet'
2024-04-16 13:49:30.301 [ INFO] [nio-9090-exec-1] o.s.w.s.DispatcherServlet      : initServletBean      : 554        : Completed initialization in 1 ms
2024-04-16 13:51:52.462 [ INFO] [ionShutdownHook] tainerEntityManagerFactoryBean : destroy              : 650        : Closing JPA EntityManagerFactory for persistence unit 'default'
2024-04-16 13:51:52.463 [ INFO] [ionShutdownHook] c.z.h.HikariDataSource         : close                : 350        : HikariPool-1 - Shutdown initiated...
2024-04-16 13:51:52.466 [ INFO] [ionShutdownHook] c.z.h.HikariDataSource         : close                : 352        : HikariPool-1 - Shutdown completed.
2024-04-16 13:51:54.062 [ INFO] [kground-preinit] o.h.v.i.u.Version              : <clinit>             : 21         : HV000001: Hibernate Validator 8.0.1.Final
2024-04-16 13:51:54.073 [ INFO] [           main] c.i.s.ShoppingMallApplication  : logStarting          : 50         : Starting ShoppingMallApplication using Java 21.0.2 with PID 61345 (/Users/bagsuyeon/Desktop/Team_idle/target/classes started by bagsuyeon in /Users/bagsuyeon/Desktop/Team_idle)
2024-04-16 13:51:54.074 [ INFO] [           main] c.i.s.ShoppingMallApplication  : ogStartupProfileInfo : 654        : No active profile set, falling back to 1 default profile: "default"
2024-04-16 13:51:54.344 [ INFO] [           main] epositoryConfigurationDelegate : gisterRepositoriesIn : 139        : Bootstrapping Spring Data JPA repositories in DEFAULT mode.
2024-04-16 13:51:54.354 [ INFO] [           main] epositoryConfigurationDelegate : gisterRepositoriesIn : 208        : Finished Spring Data repository scanning in 7 ms. Found 0 JPA repository interfaces.
2024-04-16 13:51:54.534 [ INFO] [           main] o.a.c.h.Http11NioProtocol      : log                  : 173        : Initializing ProtocolHandler ["http-nio-9090"]
2024-04-16 13:51:54.535 [ INFO] [           main] o.a.c.c.StandardService        : log                  : 173        : Starting service [Tomcat]
2024-04-16 13:51:54.535 [ INFO] [           main] o.a.c.c.StandardEngine         : log                  : 173        : Starting Servlet engine: [Apache Tomcat/10.1.19]
2024-04-16 13:51:54.553 [ INFO] [           main] o.a.c.c.C.[.[.[/]              : log                  : 173        : Initializing Spring embedded WebApplicationContext
2024-04-16 13:51:54.609 [ INFO] [           main] c.z.h.HikariDataSource         : getConnection        : 110        : HikariPool-1 - Starting...
2024-04-16 13:51:55.501 [ INFO] [           main] c.z.h.p.HikariPool             : checkFailFast        : 565        : HikariPool-1 - Added connection com.mysql.cj.jdbc.ConnectionImpl@2b44605c
2024-04-16 13:51:55.503 [ INFO] [           main] c.z.h.HikariDataSource         : getConnection        : 123        : HikariPool-1 - Start completed.
2024-04-16 13:51:55.538 [ INFO] [           main] o.h.j.i.u.LogHelper            : tenceUnitInformation : 31         : HHH000204: Processing PersistenceUnitInfo [name: default]
2024-04-16 13:51:55.567 [ INFO] [           main] o.h.Version                    : logVersion           : 44         : HHH000412: Hibernate ORM core version 6.4.4.Final
2024-04-16 13:51:55.579 [ INFO] [           main] o.h.c.i.RegionFactoryInitiator : initiateService      : 50         : HHH000026: Second-level cache disabled
2024-04-16 13:51:55.653 [ INFO] [           main] .j.p.SpringPersistenceUnitInfo : addTransformer       : 87         : No LoadTimeWeaver setup: ignoring JPA class transformer
2024-04-16 13:51:56.024 [ INFO] [           main] e.t.j.p.i.JtaPlatformInitiator : initiateService      : 58         : HHH000489: No JTA platform available (set 'hibernate.transaction.jta.platform' to enable JTA platform integration)
2024-04-16 13:51:56.026 [ INFO] [           main] tainerEntityManagerFactoryBean : EntityManagerFactory : 437        : Initialized JPA EntityManagerFactory for persistence unit 'default'
2024-04-16 13:51:56.382 [ WARN] [           main] figuration$JpaWebConfiguration : gerInViewInterceptor : 232        : spring.jpa.open-in-view is enabled by default. Therefore, database queries may be performed during view rendering. Explicitly configure spring.jpa.open-in-view to disable this warning
2024-04-16 13:51:56.495 [ INFO] [           main] s.w.DefaultSecurityFilterChain : <init>               : 54         : Will secure any request with [org.springframework.security.web.session.DisableEncodeUrlFilter@ae5d544, org.springframework.security.web.context.request.async.WebAsyncManagerIntegrationFilter@5aec151b, org.springframework.security.web.context.SecurityContextHolderFilter@2be208db, org.springframework.security.web.header.HeaderWriterFilter@27ea552d, org.springframework.web.filter.CorsFilter@74cf2d5f, org.springframework.security.web.authentication.logout.LogoutFilter@50eae15a, org.springframework.security.oauth2.client.web.OAuth2AuthorizationRequestRedirectFilter@7b55fc83, org.springframework.security.oauth2.client.web.OAuth2LoginAuthenticationFilter@1a59500b, org.springframework.security.web.authentication.UsernamePasswordAuthenticationFilter@487bc2fe, org.springframework.security.web.savedrequest.RequestCacheAwareFilter@1ae90cb9, org.springframework.security.web.servletapi.SecurityContextHolderAwareRequestFilter@3b62c51e, org.springframework.security.web.authentication.AnonymousAuthenticationFilter@14b9817b, org.springframework.security.web.access.ExceptionTranslationFilter@723f8990, org.springframework.security.web.access.intercept.AuthorizationFilter@2cdd156b]
2024-04-16 13:51:56.579 [ INFO] [           main] o.a.c.h.Http11NioProtocol      : log                  : 173        : Starting ProtocolHandler ["http-nio-9090"]
2024-04-16 13:51:56.589 [ INFO] [           main] c.i.s.ShoppingMallApplication  : logStarted           : 56         : Started ShoppingMallApplication in 2.638 seconds (process running for 3.036)
2024-04-16 13:51:59.407 [ INFO] [nio-9090-exec-1] o.a.c.c.C.[.[.[/]              : log                  : 173        : Initializing Spring DispatcherServlet 'dispatcherServlet'
2024-04-16 13:51:59.407 [ INFO] [nio-9090-exec-1] o.s.w.s.DispatcherServlet      : initServletBean      : 532        : Initializing Servlet 'dispatcherServlet'
2024-04-16 13:51:59.408 [ INFO] [nio-9090-exec-1] o.s.w.s.DispatcherServlet      : initServletBean      : 554        : Completed initialization in 1 ms
2024-04-16 13:57:09.395 [ INFO] [ionShutdownHook] tainerEntityManagerFactoryBean : destroy              : 650        : Closing JPA EntityManagerFactory for persistence unit 'default'
2024-04-16 13:57:09.396 [ INFO] [ionShutdownHook] c.z.h.HikariDataSource         : close                : 350        : HikariPool-1 - Shutdown initiated...
2024-04-16 13:57:09.399 [ INFO] [ionShutdownHook] c.z.h.HikariDataSource         : close                : 352        : HikariPool-1 - Shutdown completed.
2024-04-16 13:57:10.663 [ INFO] [kground-preinit] o.h.v.i.u.Version              : <clinit>             : 21         : HV000001: Hibernate Validator 8.0.1.Final
2024-04-16 13:57:10.674 [ INFO] [           main] c.i.s.ShoppingMallApplication  : logStarting          : 50         : Starting ShoppingMallApplication using Java 21.0.2 with PID 61384 (/Users/bagsuyeon/Desktop/Team_idle/target/classes started by bagsuyeon in /Users/bagsuyeon/Desktop/Team_idle)
2024-04-16 13:57:10.675 [ INFO] [           main] c.i.s.ShoppingMallApplication  : ogStartupProfileInfo : 654        : No active profile set, falling back to 1 default profile: "default"
2024-04-16 13:57:10.956 [ INFO] [           main] epositoryConfigurationDelegate : gisterRepositoriesIn : 139        : Bootstrapping Spring Data JPA repositories in DEFAULT mode.
2024-04-16 13:57:10.966 [ INFO] [           main] epositoryConfigurationDelegate : gisterRepositoriesIn : 208        : Finished Spring Data repository scanning in 7 ms. Found 0 JPA repository interfaces.
2024-04-16 13:57:11.152 [ INFO] [           main] o.a.c.h.Http11NioProtocol      : log                  : 173        : Initializing ProtocolHandler ["http-nio-9090"]
2024-04-16 13:57:11.153 [ INFO] [           main] o.a.c.c.StandardService        : log                  : 173        : Starting service [Tomcat]
2024-04-16 13:57:11.153 [ INFO] [           main] o.a.c.c.StandardEngine         : log                  : 173        : Starting Servlet engine: [Apache Tomcat/10.1.19]
2024-04-16 13:57:11.170 [ INFO] [           main] o.a.c.c.C.[.[.[/]              : log                  : 173        : Initializing Spring embedded WebApplicationContext
2024-04-16 13:57:11.224 [ INFO] [           main] c.z.h.HikariDataSource         : getConnection        : 110        : HikariPool-1 - Starting...
2024-04-16 13:57:11.348 [ INFO] [           main] c.z.h.p.HikariPool             : checkFailFast        : 565        : HikariPool-1 - Added connection com.mysql.cj.jdbc.ConnectionImpl@2b44605c
2024-04-16 13:57:11.348 [ INFO] [           main] c.z.h.HikariDataSource         : getConnection        : 123        : HikariPool-1 - Start completed.
2024-04-16 13:57:11.364 [ INFO] [           main] o.h.j.i.u.LogHelper            : tenceUnitInformation : 31         : HHH000204: Processing PersistenceUnitInfo [name: default]
2024-04-16 13:57:11.388 [ INFO] [           main] o.h.Version                    : logVersion           : 44         : HHH000412: Hibernate ORM core version 6.4.4.Final
2024-04-16 13:57:11.400 [ INFO] [           main] o.h.c.i.RegionFactoryInitiator : initiateService      : 50         : HHH000026: Second-level cache disabled
2024-04-16 13:57:11.476 [ INFO] [           main] .j.p.SpringPersistenceUnitInfo : addTransformer       : 87         : No LoadTimeWeaver setup: ignoring JPA class transformer
2024-04-16 13:57:11.639 [ INFO] [           main] e.t.j.p.i.JtaPlatformInitiator : initiateService      : 58         : HHH000489: No JTA platform available (set 'hibernate.transaction.jta.platform' to enable JTA platform integration)
2024-04-16 13:57:11.640 [ INFO] [           main] tainerEntityManagerFactoryBean : EntityManagerFactory : 437        : Initialized JPA EntityManagerFactory for persistence unit 'default'
2024-04-16 13:57:11.993 [ WARN] [           main] figuration$JpaWebConfiguration : gerInViewInterceptor : 232        : spring.jpa.open-in-view is enabled by default. Therefore, database queries may be performed during view rendering. Explicitly configure spring.jpa.open-in-view to disable this warning
2024-04-16 13:57:12.100 [ INFO] [           main] s.w.DefaultSecurityFilterChain : <init>               : 54         : Will secure any request with [org.springframework.security.web.session.DisableEncodeUrlFilter@ae5d544, org.springframework.security.web.context.request.async.WebAsyncManagerIntegrationFilter@5aec151b, org.springframework.security.web.context.SecurityContextHolderFilter@2be208db, org.springframework.security.web.header.HeaderWriterFilter@27ea552d, org.springframework.web.filter.CorsFilter@74cf2d5f, org.springframework.security.web.authentication.logout.LogoutFilter@50eae15a, org.springframework.security.oauth2.client.web.OAuth2AuthorizationRequestRedirectFilter@7b55fc83, org.springframework.security.oauth2.client.web.OAuth2LoginAuthenticationFilter@1a59500b, org.springframework.security.web.authentication.UsernamePasswordAuthenticationFilter@487bc2fe, org.springframework.security.web.savedrequest.RequestCacheAwareFilter@1ae90cb9, org.springframework.security.web.servletapi.SecurityContextHolderAwareRequestFilter@3b62c51e, org.springframework.security.web.authentication.AnonymousAuthenticationFilter@14b9817b, org.springframework.security.web.access.ExceptionTranslationFilter@723f8990, org.springframework.security.web.access.intercept.AuthorizationFilter@2cdd156b]
2024-04-16 13:57:12.183 [ INFO] [           main] o.a.c.h.Http11NioProtocol      : log                  : 173        : Starting ProtocolHandler ["http-nio-9090"]
2024-04-16 13:57:12.193 [ INFO] [           main] c.i.s.ShoppingMallApplication  : logStarted           : 56         : Started ShoppingMallApplication in 1.649 seconds (process running for 2.095)
2024-04-16 13:57:21.302 [ INFO] [nio-9090-exec-1] o.a.c.c.C.[.[.[/]              : log                  : 173        : Initializing Spring DispatcherServlet 'dispatcherServlet'
2024-04-16 13:57:21.303 [ INFO] [nio-9090-exec-1] o.s.w.s.DispatcherServlet      : initServletBean      : 532        : Initializing Servlet 'dispatcherServlet'
2024-04-16 13:57:21.304 [ INFO] [nio-9090-exec-1] o.s.w.s.DispatcherServlet      : initServletBean      : 554        : Completed initialization in 1 ms
2024-04-16 13:58:32.827 [ INFO] [ionShutdownHook] tainerEntityManagerFactoryBean : destroy              : 650        : Closing JPA EntityManagerFactory for persistence unit 'default'
2024-04-16 13:58:32.828 [ INFO] [ionShutdownHook] c.z.h.HikariDataSource         : close                : 350        : HikariPool-1 - Shutdown initiated...
2024-04-16 13:58:32.831 [ INFO] [ionShutdownHook] c.z.h.HikariDataSource         : close                : 352        : HikariPool-1 - Shutdown completed.
2024-04-16 13:58:34.005 [ INFO] [kground-preinit] o.h.v.i.u.Version              : <clinit>             : 21         : HV000001: Hibernate Validator 8.0.1.Final
2024-04-16 13:58:34.017 [ INFO] [           main] c.i.s.ShoppingMallApplication  : logStarting          : 50         : Starting ShoppingMallApplication using Java 21.0.2 with PID 61410 (/Users/bagsuyeon/Desktop/Team_idle/target/classes started by bagsuyeon in /Users/bagsuyeon/Desktop/Team_idle)
2024-04-16 13:58:34.018 [ INFO] [           main] c.i.s.ShoppingMallApplication  : ogStartupProfileInfo : 654        : No active profile set, falling back to 1 default profile: "default"
2024-04-16 13:58:34.288 [ INFO] [           main] epositoryConfigurationDelegate : gisterRepositoriesIn : 139        : Bootstrapping Spring Data JPA repositories in DEFAULT mode.
2024-04-16 13:58:34.298 [ INFO] [           main] epositoryConfigurationDelegate : gisterRepositoriesIn : 208        : Finished Spring Data repository scanning in 7 ms. Found 0 JPA repository interfaces.
2024-04-16 13:58:34.482 [ INFO] [           main] o.a.c.h.Http11NioProtocol      : log                  : 173        : Initializing ProtocolHandler ["http-nio-9090"]
2024-04-16 13:58:34.482 [ INFO] [           main] o.a.c.c.StandardService        : log                  : 173        : Starting service [Tomcat]
2024-04-16 13:58:34.482 [ INFO] [           main] o.a.c.c.StandardEngine         : log                  : 173        : Starting Servlet engine: [Apache Tomcat/10.1.19]
2024-04-16 13:58:34.503 [ INFO] [           main] o.a.c.c.C.[.[.[/]              : log                  : 173        : Initializing Spring embedded WebApplicationContext
2024-04-16 13:58:34.559 [ INFO] [           main] c.z.h.HikariDataSource         : getConnection        : 110        : HikariPool-1 - Starting...
2024-04-16 13:58:34.676 [ INFO] [           main] c.z.h.p.HikariPool             : checkFailFast        : 565        : HikariPool-1 - Added connection com.mysql.cj.jdbc.ConnectionImpl@1491cd6c
2024-04-16 13:58:34.677 [ INFO] [           main] c.z.h.HikariDataSource         : getConnection        : 123        : HikariPool-1 - Start completed.
2024-04-16 13:58:34.692 [ INFO] [           main] o.h.j.i.u.LogHelper            : tenceUnitInformation : 31         : HHH000204: Processing PersistenceUnitInfo [name: default]
2024-04-16 13:58:34.716 [ INFO] [           main] o.h.Version                    : logVersion           : 44         : HHH000412: Hibernate ORM core version 6.4.4.Final
2024-04-16 13:58:34.727 [ INFO] [           main] o.h.c.i.RegionFactoryInitiator : initiateService      : 50         : HHH000026: Second-level cache disabled
2024-04-16 13:58:34.803 [ INFO] [           main] .j.p.SpringPersistenceUnitInfo : addTransformer       : 87         : No LoadTimeWeaver setup: ignoring JPA class transformer
2024-04-16 13:58:34.953 [ INFO] [           main] e.t.j.p.i.JtaPlatformInitiator : initiateService      : 58         : HHH000489: No JTA platform available (set 'hibernate.transaction.jta.platform' to enable JTA platform integration)
2024-04-16 13:58:34.955 [ INFO] [           main] tainerEntityManagerFactoryBean : EntityManagerFactory : 437        : Initialized JPA EntityManagerFactory for persistence unit 'default'
2024-04-16 13:58:35.306 [ WARN] [           main] figuration$JpaWebConfiguration : gerInViewInterceptor : 232        : spring.jpa.open-in-view is enabled by default. Therefore, database queries may be performed during view rendering. Explicitly configure spring.jpa.open-in-view to disable this warning
2024-04-16 13:58:35.418 [ INFO] [           main] s.w.DefaultSecurityFilterChain : <init>               : 54         : Will secure any request with [org.springframework.security.web.session.DisableEncodeUrlFilter@26723525, org.springframework.security.web.context.request.async.WebAsyncManagerIntegrationFilter@11c40a65, org.springframework.security.web.context.SecurityContextHolderFilter@344acc03, org.springframework.security.web.header.HeaderWriterFilter@c7d173f, org.springframework.web.filter.CorsFilter@68c3aa38, org.springframework.security.web.authentication.logout.LogoutFilter@6bc8d8bd, org.springframework.security.oauth2.client.web.OAuth2AuthorizationRequestRedirectFilter@26361572, org.springframework.security.oauth2.client.web.OAuth2LoginAuthenticationFilter@33d08a24, org.springframework.security.web.authentication.UsernamePasswordAuthenticationFilter@3615f8d9, org.springframework.security.web.savedrequest.RequestCacheAwareFilter@4bba2704, org.springframework.security.web.servletapi.SecurityContextHolderAwareRequestFilter@5b5f61cc, org.springframework.security.web.authentication.AnonymousAuthenticationFilter@1196537d, org.springframework.security.web.access.ExceptionTranslationFilter@36570936, org.springframework.security.web.access.intercept.AuthorizationFilter@7b55fc83]
2024-04-16 13:58:35.496 [ INFO] [           main] o.a.c.h.Http11NioProtocol      : log                  : 173        : Starting ProtocolHandler ["http-nio-9090"]
2024-04-16 13:58:35.505 [ INFO] [           main] c.i.s.ShoppingMallApplication  : logStarted           : 56         : Started ShoppingMallApplication in 1.67 seconds (process running for 1.996)
2024-04-16 13:58:38.569 [ INFO] [nio-9090-exec-1] o.a.c.c.C.[.[.[/]              : log                  : 173        : Initializing Spring DispatcherServlet 'dispatcherServlet'
2024-04-16 13:58:38.569 [ INFO] [nio-9090-exec-1] o.s.w.s.DispatcherServlet      : initServletBean      : 532        : Initializing Servlet 'dispatcherServlet'
2024-04-16 13:58:38.570 [ INFO] [nio-9090-exec-1] o.s.w.s.DispatcherServlet      : initServletBean      : 554        : Completed initialization in 1 ms
2024-04-16 13:59:44.896 [ INFO] [ionShutdownHook] tainerEntityManagerFactoryBean : destroy              : 650        : Closing JPA EntityManagerFactory for persistence unit 'default'
2024-04-16 13:59:44.897 [ INFO] [ionShutdownHook] c.z.h.HikariDataSource         : close                : 350        : HikariPool-1 - Shutdown initiated...
2024-04-16 13:59:44.899 [ INFO] [ionShutdownHook] c.z.h.HikariDataSource         : close                : 352        : HikariPool-1 - Shutdown completed.
2024-04-16 13:59:46.063 [ INFO] [kground-preinit] o.h.v.i.u.Version              : <clinit>             : 21         : HV000001: Hibernate Validator 8.0.1.Final
2024-04-16 13:59:46.073 [ INFO] [           main] c.i.s.ShoppingMallApplication  : logStarting          : 50         : Starting ShoppingMallApplication using Java 21.0.2 with PID 61418 (/Users/bagsuyeon/Desktop/Team_idle/target/classes started by bagsuyeon in /Users/bagsuyeon/Desktop/Team_idle)
2024-04-16 13:59:46.074 [ INFO] [           main] c.i.s.ShoppingMallApplication  : ogStartupProfileInfo : 654        : No active profile set, falling back to 1 default profile: "default"
2024-04-16 13:59:46.336 [ INFO] [           main] epositoryConfigurationDelegate : gisterRepositoriesIn : 139        : Bootstrapping Spring Data JPA repositories in DEFAULT mode.
2024-04-16 13:59:46.347 [ INFO] [           main] epositoryConfigurationDelegate : gisterRepositoriesIn : 208        : Finished Spring Data repository scanning in 7 ms. Found 0 JPA repository interfaces.
2024-04-16 13:59:46.531 [ INFO] [           main] o.a.c.h.Http11NioProtocol      : log                  : 173        : Initializing ProtocolHandler ["http-nio-9090"]
2024-04-16 13:59:46.531 [ INFO] [           main] o.a.c.c.StandardService        : log                  : 173        : Starting service [Tomcat]
2024-04-16 13:59:46.532 [ INFO] [           main] o.a.c.c.StandardEngine         : log                  : 173        : Starting Servlet engine: [Apache Tomcat/10.1.19]
2024-04-16 13:59:46.547 [ INFO] [           main] o.a.c.c.C.[.[.[/]              : log                  : 173        : Initializing Spring embedded WebApplicationContext
2024-04-16 13:59:46.607 [ INFO] [           main] c.z.h.HikariDataSource         : getConnection        : 110        : HikariPool-1 - Starting...
2024-04-16 13:59:46.879 [ INFO] [           main] c.z.h.p.HikariPool             : checkFailFast        : 565        : HikariPool-1 - Added connection com.mysql.cj.jdbc.ConnectionImpl@1491cd6c
2024-04-16 13:59:46.880 [ INFO] [           main] c.z.h.HikariDataSource         : getConnection        : 123        : HikariPool-1 - Start completed.
2024-04-16 13:59:46.902 [ INFO] [           main] o.h.j.i.u.LogHelper            : tenceUnitInformation : 31         : HHH000204: Processing PersistenceUnitInfo [name: default]
2024-04-16 13:59:46.928 [ INFO] [           main] o.h.Version                    : logVersion           : 44         : HHH000412: Hibernate ORM core version 6.4.4.Final
2024-04-16 13:59:46.941 [ INFO] [           main] o.h.c.i.RegionFactoryInitiator : initiateService      : 50         : HHH000026: Second-level cache disabled
2024-04-16 13:59:47.017 [ INFO] [           main] .j.p.SpringPersistenceUnitInfo : addTransformer       : 87         : No LoadTimeWeaver setup: ignoring JPA class transformer
2024-04-16 13:59:47.249 [ INFO] [           main] e.t.j.p.i.JtaPlatformInitiator : initiateService      : 58         : HHH000489: No JTA platform available (set 'hibernate.transaction.jta.platform' to enable JTA platform integration)
2024-04-16 13:59:47.250 [ INFO] [           main] tainerEntityManagerFactoryBean : EntityManagerFactory : 437        : Initialized JPA EntityManagerFactory for persistence unit 'default'
2024-04-16 13:59:47.605 [ WARN] [           main] figuration$JpaWebConfiguration : gerInViewInterceptor : 232        : spring.jpa.open-in-view is enabled by default. Therefore, database queries may be performed during view rendering. Explicitly configure spring.jpa.open-in-view to disable this warning
2024-04-16 13:59:47.711 [ INFO] [           main] s.w.DefaultSecurityFilterChain : <init>               : 54         : Will secure any request with [org.springframework.security.web.session.DisableEncodeUrlFilter@26723525, org.springframework.security.web.context.request.async.WebAsyncManagerIntegrationFilter@11c40a65, org.springframework.security.web.context.SecurityContextHolderFilter@344acc03, org.springframework.security.web.header.HeaderWriterFilter@c7d173f, org.springframework.web.filter.CorsFilter@68c3aa38, org.springframework.security.web.authentication.logout.LogoutFilter@6bc8d8bd, org.springframework.security.oauth2.client.web.OAuth2AuthorizationRequestRedirectFilter@26361572, org.springframework.security.oauth2.client.web.OAuth2LoginAuthenticationFilter@33d08a24, org.springframework.security.web.authentication.UsernamePasswordAuthenticationFilter@3615f8d9, org.springframework.security.web.savedrequest.RequestCacheAwareFilter@4bba2704, org.springframework.security.web.servletapi.SecurityContextHolderAwareRequestFilter@5b5f61cc, org.springframework.security.web.authentication.AnonymousAuthenticationFilter@1196537d, org.springframework.security.web.access.ExceptionTranslationFilter@36570936, org.springframework.security.web.access.intercept.AuthorizationFilter@7b55fc83]
2024-04-16 13:59:47.790 [ INFO] [           main] o.a.c.h.Http11NioProtocol      : log                  : 173        : Starting ProtocolHandler ["http-nio-9090"]
2024-04-16 13:59:47.800 [ INFO] [           main] c.i.s.ShoppingMallApplication  : logStarted           : 56         : Started ShoppingMallApplication in 1.897 seconds (process running for 2.215)
2024-04-16 13:59:57.370 [ INFO] [nio-9090-exec-1] o.a.c.c.C.[.[.[/]              : log                  : 173        : Initializing Spring DispatcherServlet 'dispatcherServlet'
2024-04-16 13:59:57.371 [ INFO] [nio-9090-exec-1] o.s.w.s.DispatcherServlet      : initServletBean      : 532        : Initializing Servlet 'dispatcherServlet'
2024-04-16 13:59:57.372 [ INFO] [nio-9090-exec-1] o.s.w.s.DispatcherServlet      : initServletBean      : 554        : Completed initialization in 1 ms
2024-04-16 14:00:44.711 [ INFO] [ionShutdownHook] tainerEntityManagerFactoryBean : destroy              : 650        : Closing JPA EntityManagerFactory for persistence unit 'default'
2024-04-16 14:00:44.712 [ INFO] [ionShutdownHook] c.z.h.HikariDataSource         : close                : 350        : HikariPool-1 - Shutdown initiated...
2024-04-16 14:00:44.715 [ INFO] [ionShutdownHook] c.z.h.HikariDataSource         : close                : 352        : HikariPool-1 - Shutdown completed.
2024-04-16 14:00:46.109 [ INFO] [kground-preinit] o.h.v.i.u.Version              : <clinit>             : 21         : HV000001: Hibernate Validator 8.0.1.Final
2024-04-16 14:00:46.120 [ INFO] [           main] c.i.s.ShoppingMallApplication  : logStarting          : 50         : Starting ShoppingMallApplication using Java 21.0.2 with PID 61438 (/Users/bagsuyeon/Desktop/Team_idle/target/classes started by bagsuyeon in /Users/bagsuyeon/Desktop/Team_idle)
2024-04-16 14:00:46.121 [ INFO] [           main] c.i.s.ShoppingMallApplication  : ogStartupProfileInfo : 654        : No active profile set, falling back to 1 default profile: "default"
2024-04-16 14:00:46.396 [ INFO] [           main] epositoryConfigurationDelegate : gisterRepositoriesIn : 139        : Bootstrapping Spring Data JPA repositories in DEFAULT mode.
2024-04-16 14:00:46.411 [ INFO] [           main] epositoryConfigurationDelegate : gisterRepositoriesIn : 208        : Finished Spring Data repository scanning in 11 ms. Found 0 JPA repository interfaces.
2024-04-16 14:00:46.599 [ INFO] [           main] o.a.c.h.Http11NioProtocol      : log                  : 173        : Initializing ProtocolHandler ["http-nio-9090"]
2024-04-16 14:00:46.600 [ INFO] [           main] o.a.c.c.StandardService        : log                  : 173        : Starting service [Tomcat]
2024-04-16 14:00:46.600 [ INFO] [           main] o.a.c.c.StandardEngine         : log                  : 173        : Starting Servlet engine: [Apache Tomcat/10.1.19]
2024-04-16 14:00:46.619 [ INFO] [           main] o.a.c.c.C.[.[.[/]              : log                  : 173        : Initializing Spring embedded WebApplicationContext
2024-04-16 14:00:46.669 [ INFO] [           main] c.z.h.HikariDataSource         : getConnection        : 110        : HikariPool-1 - Starting...
2024-04-16 14:00:46.924 [ INFO] [           main] c.z.h.p.HikariPool             : checkFailFast        : 565        : HikariPool-1 - Added connection com.mysql.cj.jdbc.ConnectionImpl@7345f97d
2024-04-16 14:00:46.925 [ INFO] [           main] c.z.h.HikariDataSource         : getConnection        : 123        : HikariPool-1 - Start completed.
2024-04-16 14:00:46.948 [ INFO] [           main] o.h.j.i.u.LogHelper            : tenceUnitInformation : 31         : HHH000204: Processing PersistenceUnitInfo [name: default]
2024-04-16 14:00:46.974 [ INFO] [           main] o.h.Version                    : logVersion           : 44         : HHH000412: Hibernate ORM core version 6.4.4.Final
2024-04-16 14:00:46.987 [ INFO] [           main] o.h.c.i.RegionFactoryInitiator : initiateService      : 50         : HHH000026: Second-level cache disabled
2024-04-16 14:00:47.066 [ INFO] [           main] .j.p.SpringPersistenceUnitInfo : addTransformer       : 87         : No LoadTimeWeaver setup: ignoring JPA class transformer
2024-04-16 14:00:47.250 [ INFO] [           main] e.t.j.p.i.JtaPlatformInitiator : initiateService      : 58         : HHH000489: No JTA platform available (set 'hibernate.transaction.jta.platform' to enable JTA platform integration)
2024-04-16 14:00:47.252 [ INFO] [           main] tainerEntityManagerFactoryBean : EntityManagerFactory : 437        : Initialized JPA EntityManagerFactory for persistence unit 'default'
2024-04-16 14:00:47.601 [ WARN] [           main] figuration$JpaWebConfiguration : gerInViewInterceptor : 232        : spring.jpa.open-in-view is enabled by default. Therefore, database queries may be performed during view rendering. Explicitly configure spring.jpa.open-in-view to disable this warning
2024-04-16 14:00:47.707 [ INFO] [           main] s.w.DefaultSecurityFilterChain : <init>               : 54         : Will secure any request with [org.springframework.security.web.session.DisableEncodeUrlFilter@60317de8, org.springframework.security.web.context.request.async.WebAsyncManagerIntegrationFilter@363e2009, org.springframework.security.web.context.SecurityContextHolderFilter@198a0416, org.springframework.security.web.header.HeaderWriterFilter@6b3da23f, org.springframework.web.filter.CorsFilter@7b55fc83, org.springframework.security.web.authentication.logout.LogoutFilter@f10927f, org.springframework.security.oauth2.client.web.OAuth2AuthorizationRequestRedirectFilter@141c66db, org.springframework.security.oauth2.client.web.OAuth2LoginAuthenticationFilter@15af06f, org.springframework.security.web.authentication.UsernamePasswordAuthenticationFilter@1a82453, org.springframework.security.web.savedrequest.RequestCacheAwareFilter@65871cfd, org.springframework.security.web.servletapi.SecurityContextHolderAwareRequestFilter@723f8990, org.springframework.security.web.authentication.AnonymousAuthenticationFilter@3615f8d9, org.springframework.security.web.access.ExceptionTranslationFilter@46bff388, org.springframework.security.web.access.intercept.AuthorizationFilter@49994a4]
2024-04-16 14:00:47.789 [ INFO] [           main] o.a.c.h.Http11NioProtocol      : log                  : 173        : Starting ProtocolHandler ["http-nio-9090"]
2024-04-16 14:00:47.799 [ INFO] [           main] c.i.s.ShoppingMallApplication  : logStarted           : 56         : Started ShoppingMallApplication in 1.831 seconds (process running for 2.402)
2024-04-16 14:00:53.962 [ INFO] [nio-9090-exec-1] o.a.c.c.C.[.[.[/]              : log                  : 173        : Initializing Spring DispatcherServlet 'dispatcherServlet'
2024-04-16 14:00:53.962 [ INFO] [nio-9090-exec-1] o.s.w.s.DispatcherServlet      : initServletBean      : 532        : Initializing Servlet 'dispatcherServlet'
2024-04-16 14:00:53.964 [ INFO] [nio-9090-exec-1] o.s.w.s.DispatcherServlet      : initServletBean      : 554        : Completed initialization in 2 ms
2024-04-16 14:09:03.545 [ INFO] [ionShutdownHook] tainerEntityManagerFactoryBean : destroy              : 650        : Closing JPA EntityManagerFactory for persistence unit 'default'
2024-04-16 14:09:03.546 [ INFO] [ionShutdownHook] c.z.h.HikariDataSource         : close                : 350        : HikariPool-1 - Shutdown initiated...
2024-04-16 14:09:03.548 [ INFO] [ionShutdownHook] c.z.h.HikariDataSource         : close                : 352        : HikariPool-1 - Shutdown completed.
2024-04-16 14:09:04.825 [ INFO] [kground-preinit] o.h.v.i.u.Version              : <clinit>             : 21         : HV000001: Hibernate Validator 8.0.1.Final
2024-04-16 14:09:04.843 [ INFO] [           main] c.i.s.ShoppingMallApplication  : logStarting          : 50         : Starting ShoppingMallApplication using Java 21.0.2 with PID 61535 (/Users/bagsuyeon/Desktop/Team_idle/target/classes started by bagsuyeon in /Users/bagsuyeon/Desktop/Team_idle)
2024-04-16 14:09:04.845 [ INFO] [           main] c.i.s.ShoppingMallApplication  : ogStartupProfileInfo : 654        : No active profile set, falling back to 1 default profile: "default"
2024-04-16 14:09:05.141 [ INFO] [           main] epositoryConfigurationDelegate : gisterRepositoriesIn : 139        : Bootstrapping Spring Data JPA repositories in DEFAULT mode.
2024-04-16 14:09:05.152 [ INFO] [           main] epositoryConfigurationDelegate : gisterRepositoriesIn : 208        : Finished Spring Data repository scanning in 7 ms. Found 0 JPA repository interfaces.
2024-04-16 14:09:05.327 [ INFO] [           main] o.a.c.h.Http11NioProtocol      : log                  : 173        : Initializing ProtocolHandler ["http-nio-9090"]
2024-04-16 14:09:05.328 [ INFO] [           main] o.a.c.c.StandardService        : log                  : 173        : Starting service [Tomcat]
2024-04-16 14:09:05.328 [ INFO] [           main] o.a.c.c.StandardEngine         : log                  : 173        : Starting Servlet engine: [Apache Tomcat/10.1.19]
2024-04-16 14:09:05.344 [ INFO] [           main] o.a.c.c.C.[.[.[/]              : log                  : 173        : Initializing Spring embedded WebApplicationContext
2024-04-16 14:09:05.404 [ INFO] [           main] c.z.h.HikariDataSource         : getConnection        : 110        : HikariPool-1 - Starting...
2024-04-16 14:09:05.594 [ INFO] [           main] c.z.h.p.HikariPool             : checkFailFast        : 565        : HikariPool-1 - Added connection com.mysql.cj.jdbc.ConnectionImpl@664db2ca
2024-04-16 14:09:05.594 [ INFO] [           main] c.z.h.HikariDataSource         : getConnection        : 123        : HikariPool-1 - Start completed.
2024-04-16 14:09:05.612 [ INFO] [           main] o.h.j.i.u.LogHelper            : tenceUnitInformation : 31         : HHH000204: Processing PersistenceUnitInfo [name: default]
2024-04-16 14:09:05.637 [ INFO] [           main] o.h.Version                    : logVersion           : 44         : HHH000412: Hibernate ORM core version 6.4.4.Final
2024-04-16 14:09:05.649 [ INFO] [           main] o.h.c.i.RegionFactoryInitiator : initiateService      : 50         : HHH000026: Second-level cache disabled
2024-04-16 14:09:05.728 [ INFO] [           main] .j.p.SpringPersistenceUnitInfo : addTransformer       : 87         : No LoadTimeWeaver setup: ignoring JPA class transformer
2024-04-16 14:09:05.937 [ INFO] [           main] e.t.j.p.i.JtaPlatformInitiator : initiateService      : 58         : HHH000489: No JTA platform available (set 'hibernate.transaction.jta.platform' to enable JTA platform integration)
2024-04-16 14:09:05.939 [ INFO] [           main] tainerEntityManagerFactoryBean : EntityManagerFactory : 437        : Initialized JPA EntityManagerFactory for persistence unit 'default'
2024-04-16 14:09:06.288 [ WARN] [           main] figuration$JpaWebConfiguration : gerInViewInterceptor : 232        : spring.jpa.open-in-view is enabled by default. Therefore, database queries may be performed during view rendering. Explicitly configure spring.jpa.open-in-view to disable this warning
2024-04-16 14:09:06.391 [ INFO] [           main] s.w.DefaultSecurityFilterChain : <init>               : 54         : Will secure any request with [org.springframework.security.web.session.DisableEncodeUrlFilter@11c40a65, org.springframework.security.web.context.request.async.WebAsyncManagerIntegrationFilter@68c3aa38, org.springframework.security.web.context.SecurityContextHolderFilter@50eae15a, org.springframework.security.web.header.HeaderWriterFilter@12f12744, org.springframework.web.filter.CorsFilter@1196537d, org.springframework.security.web.authentication.logout.LogoutFilter@395c21ee, org.springframework.security.oauth2.client.web.OAuth2AuthorizationRequestRedirectFilter@5dc8448b, org.springframework.security.oauth2.client.web.OAuth2LoginAuthenticationFilter@255b84a9, org.springframework.security.web.authentication.UsernamePasswordAuthenticationFilter@5d200dce, org.springframework.security.web.savedrequest.RequestCacheAwareFilter@5b5f61cc, org.springframework.security.web.servletapi.SecurityContextHolderAwareRequestFilter@39179470, org.springframework.security.web.authentication.AnonymousAuthenticationFilter@267a8777, org.springframework.security.web.access.ExceptionTranslationFilter@775fec4, org.springframework.security.web.access.intercept.AuthorizationFilter@3615f8d9]
2024-04-16 14:09:06.474 [ INFO] [           main] o.a.c.h.Http11NioProtocol      : log                  : 173        : Starting ProtocolHandler ["http-nio-9090"]
2024-04-16 14:09:06.484 [ INFO] [           main] c.i.s.ShoppingMallApplication  : logStarted           : 56         : Started ShoppingMallApplication in 1.83 seconds (process running for 2.121)
2024-04-16 14:09:07.905 [ INFO] [nio-9090-exec-1] o.a.c.c.C.[.[.[/]              : log                  : 173        : Initializing Spring DispatcherServlet 'dispatcherServlet'
2024-04-16 14:09:07.906 [ INFO] [nio-9090-exec-1] o.s.w.s.DispatcherServlet      : initServletBean      : 532        : Initializing Servlet 'dispatcherServlet'
2024-04-16 14:09:07.907 [ INFO] [nio-9090-exec-1] o.s.w.s.DispatcherServlet      : initServletBean      : 554        : Completed initialization in 1 ms
2024-04-16 14:11:29.888 [ INFO] [ionShutdownHook] tainerEntityManagerFactoryBean : destroy              : 650        : Closing JPA EntityManagerFactory for persistence unit 'default'
2024-04-16 14:11:29.889 [ INFO] [ionShutdownHook] c.z.h.HikariDataSource         : close                : 350        : HikariPool-1 - Shutdown initiated...
2024-04-16 14:11:29.891 [ INFO] [ionShutdownHook] c.z.h.HikariDataSource         : close                : 352        : HikariPool-1 - Shutdown completed.
2024-04-16 14:11:31.199 [ INFO] [kground-preinit] o.h.v.i.u.Version              : <clinit>             : 21         : HV000001: Hibernate Validator 8.0.1.Final
2024-04-16 14:11:31.210 [ INFO] [           main] c.i.s.ShoppingMallApplication  : logStarting          : 50         : Starting ShoppingMallApplication using Java 21.0.2 with PID 61551 (/Users/bagsuyeon/Desktop/Team_idle/target/classes started by bagsuyeon in /Users/bagsuyeon/Desktop/Team_idle)
2024-04-16 14:11:31.211 [ INFO] [           main] c.i.s.ShoppingMallApplication  : ogStartupProfileInfo : 654        : No active profile set, falling back to 1 default profile: "default"
2024-04-16 14:11:31.491 [ INFO] [           main] epositoryConfigurationDelegate : gisterRepositoriesIn : 139        : Bootstrapping Spring Data JPA repositories in DEFAULT mode.
2024-04-16 14:11:31.501 [ INFO] [           main] epositoryConfigurationDelegate : gisterRepositoriesIn : 208        : Finished Spring Data repository scanning in 8 ms. Found 0 JPA repository interfaces.
2024-04-16 14:11:31.684 [ INFO] [           main] o.a.c.h.Http11NioProtocol      : log                  : 173        : Initializing ProtocolHandler ["http-nio-9090"]
2024-04-16 14:11:31.685 [ INFO] [           main] o.a.c.c.StandardService        : log                  : 173        : Starting service [Tomcat]
2024-04-16 14:11:31.685 [ INFO] [           main] o.a.c.c.StandardEngine         : log                  : 173        : Starting Servlet engine: [Apache Tomcat/10.1.19]
2024-04-16 14:11:31.701 [ INFO] [           main] o.a.c.c.C.[.[.[/]              : log                  : 173        : Initializing Spring embedded WebApplicationContext
2024-04-16 14:11:31.761 [ INFO] [           main] c.z.h.HikariDataSource         : getConnection        : 110        : HikariPool-1 - Starting...
2024-04-16 14:11:32.002 [ INFO] [           main] c.z.h.p.HikariPool             : checkFailFast        : 565        : HikariPool-1 - Added connection com.mysql.cj.jdbc.ConnectionImpl@6615237
2024-04-16 14:11:32.003 [ INFO] [           main] c.z.h.HikariDataSource         : getConnection        : 123        : HikariPool-1 - Start completed.
2024-04-16 14:11:32.026 [ INFO] [           main] o.h.j.i.u.LogHelper            : tenceUnitInformation : 31         : HHH000204: Processing PersistenceUnitInfo [name: default]
2024-04-16 14:11:32.053 [ INFO] [           main] o.h.Version                    : logVersion           : 44         : HHH000412: Hibernate ORM core version 6.4.4.Final
2024-04-16 14:11:32.065 [ INFO] [           main] o.h.c.i.RegionFactoryInitiator : initiateService      : 50         : HHH000026: Second-level cache disabled
2024-04-16 14:11:32.143 [ INFO] [           main] .j.p.SpringPersistenceUnitInfo : addTransformer       : 87         : No LoadTimeWeaver setup: ignoring JPA class transformer
2024-04-16 14:11:32.315 [ INFO] [           main] e.t.j.p.i.JtaPlatformInitiator : initiateService      : 58         : HHH000489: No JTA platform available (set 'hibernate.transaction.jta.platform' to enable JTA platform integration)
2024-04-16 14:11:32.317 [ INFO] [           main] tainerEntityManagerFactoryBean : EntityManagerFactory : 437        : Initialized JPA EntityManagerFactory for persistence unit 'default'
2024-04-16 14:11:32.670 [ WARN] [           main] figuration$JpaWebConfiguration : gerInViewInterceptor : 232        : spring.jpa.open-in-view is enabled by default. Therefore, database queries may be performed during view rendering. Explicitly configure spring.jpa.open-in-view to disable this warning
2024-04-16 14:11:32.775 [ INFO] [           main] s.w.DefaultSecurityFilterChain : <init>               : 54         : Will secure any request with [org.springframework.security.web.session.DisableEncodeUrlFilter@74cf2d5f, org.springframework.security.web.context.request.async.WebAsyncManagerIntegrationFilter@14b9817b, org.springframework.security.web.context.SecurityContextHolderFilter@1ae90cb9, org.springframework.security.web.header.HeaderWriterFilter@742aa00a, org.springframework.web.filter.CorsFilter@3052395d, org.springframework.security.web.authentication.logout.LogoutFilter@5b5f61cc, org.springframework.security.oauth2.client.web.OAuth2AuthorizationRequestRedirectFilter@5d200dce, org.springframework.security.oauth2.client.web.OAuth2LoginAuthenticationFilter@57f6fc09, org.springframework.security.web.authentication.UsernamePasswordAuthenticationFilter@6491006, org.springframework.security.web.savedrequest.RequestCacheAwareFilter@7db679, org.springframework.security.web.servletapi.SecurityContextHolderAwareRequestFilter@7dc9b41a, org.springframework.security.web.authentication.AnonymousAuthenticationFilter@a2ca681, org.springframework.security.web.access.ExceptionTranslationFilter@27ea552d, org.springframework.security.web.access.intercept.AuthorizationFilter@58038583]
2024-04-16 14:11:32.856 [ INFO] [           main] o.a.c.h.Http11NioProtocol      : log                  : 173        : Starting ProtocolHandler ["http-nio-9090"]
2024-04-16 14:11:32.866 [ INFO] [           main] c.i.s.ShoppingMallApplication  : logStarted           : 56         : Started ShoppingMallApplication in 1.786 seconds (process running for 2.25)
2024-04-16 14:11:34.147 [ INFO] [nio-9090-exec-1] o.a.c.c.C.[.[.[/]              : log                  : 173        : Initializing Spring DispatcherServlet 'dispatcherServlet'
2024-04-16 14:11:34.147 [ INFO] [nio-9090-exec-1] o.s.w.s.DispatcherServlet      : initServletBean      : 532        : Initializing Servlet 'dispatcherServlet'
2024-04-16 14:11:34.148 [ INFO] [nio-9090-exec-1] o.s.w.s.DispatcherServlet      : initServletBean      : 554        : Completed initialization in 1 ms
2024-04-16 14:16:27.786 [ INFO] [ionShutdownHook] tainerEntityManagerFactoryBean : destroy              : 650        : Closing JPA EntityManagerFactory for persistence unit 'default'
2024-04-16 14:16:27.788 [ INFO] [ionShutdownHook] c.z.h.HikariDataSource         : close                : 350        : HikariPool-1 - Shutdown initiated...
2024-04-16 14:16:27.790 [ INFO] [ionShutdownHook] c.z.h.HikariDataSource         : close                : 352        : HikariPool-1 - Shutdown completed.
2024-04-16 14:16:29.062 [ INFO] [kground-preinit] o.h.v.i.u.Version              : <clinit>             : 21         : HV000001: Hibernate Validator 8.0.1.Final
2024-04-16 14:16:29.072 [ INFO] [           main] c.i.s.ShoppingMallApplication  : logStarting          : 50         : Starting ShoppingMallApplication using Java 21.0.2 with PID 61753 (/Users/bagsuyeon/Desktop/Team_idle/target/classes started by bagsuyeon in /Users/bagsuyeon/Desktop/Team_idle)
2024-04-16 14:16:29.073 [ INFO] [           main] c.i.s.ShoppingMallApplication  : ogStartupProfileInfo : 654        : No active profile set, falling back to 1 default profile: "default"
2024-04-16 14:16:29.349 [ INFO] [           main] epositoryConfigurationDelegate : gisterRepositoriesIn : 139        : Bootstrapping Spring Data JPA repositories in DEFAULT mode.
2024-04-16 14:16:29.360 [ INFO] [           main] epositoryConfigurationDelegate : gisterRepositoriesIn : 208        : Finished Spring Data repository scanning in 8 ms. Found 0 JPA repository interfaces.
2024-04-16 14:16:29.541 [ INFO] [           main] o.a.c.h.Http11NioProtocol      : log                  : 173        : Initializing ProtocolHandler ["http-nio-9090"]
2024-04-16 14:16:29.542 [ INFO] [           main] o.a.c.c.StandardService        : log                  : 173        : Starting service [Tomcat]
2024-04-16 14:16:29.542 [ INFO] [           main] o.a.c.c.StandardEngine         : log                  : 173        : Starting Servlet engine: [Apache Tomcat/10.1.19]
2024-04-16 14:16:29.557 [ INFO] [           main] o.a.c.c.C.[.[.[/]              : log                  : 173        : Initializing Spring embedded WebApplicationContext
2024-04-16 14:16:29.613 [ INFO] [           main] c.z.h.HikariDataSource         : getConnection        : 110        : HikariPool-1 - Starting...
2024-04-16 14:16:29.751 [ INFO] [           main] c.z.h.p.HikariPool             : checkFailFast        : 565        : HikariPool-1 - Added connection com.mysql.cj.jdbc.ConnectionImpl@2b44605c
2024-04-16 14:16:29.752 [ INFO] [           main] c.z.h.HikariDataSource         : getConnection        : 123        : HikariPool-1 - Start completed.
2024-04-16 14:16:29.769 [ INFO] [           main] o.h.j.i.u.LogHelper            : tenceUnitInformation : 31         : HHH000204: Processing PersistenceUnitInfo [name: default]
2024-04-16 14:16:29.793 [ INFO] [           main] o.h.Version                    : logVersion           : 44         : HHH000412: Hibernate ORM core version 6.4.4.Final
2024-04-16 14:16:29.805 [ INFO] [           main] o.h.c.i.RegionFactoryInitiator : initiateService      : 50         : HHH000026: Second-level cache disabled
2024-04-16 14:16:29.882 [ INFO] [           main] .j.p.SpringPersistenceUnitInfo : addTransformer       : 87         : No LoadTimeWeaver setup: ignoring JPA class transformer
2024-04-16 14:16:30.040 [ INFO] [           main] e.t.j.p.i.JtaPlatformInitiator : initiateService      : 58         : HHH000489: No JTA platform available (set 'hibernate.transaction.jta.platform' to enable JTA platform integration)
2024-04-16 14:16:30.042 [ INFO] [           main] tainerEntityManagerFactoryBean : EntityManagerFactory : 437        : Initialized JPA EntityManagerFactory for persistence unit 'default'
2024-04-16 14:16:30.391 [ WARN] [           main] figuration$JpaWebConfiguration : gerInViewInterceptor : 232        : spring.jpa.open-in-view is enabled by default. Therefore, database queries may be performed during view rendering. Explicitly configure spring.jpa.open-in-view to disable this warning
2024-04-16 14:16:30.502 [ INFO] [           main] s.w.DefaultSecurityFilterChain : <init>               : 54         : Will secure any request with [org.springframework.security.web.session.DisableEncodeUrlFilter@ae5d544, org.springframework.security.web.context.request.async.WebAsyncManagerIntegrationFilter@5aec151b, org.springframework.security.web.context.SecurityContextHolderFilter@2be208db, org.springframework.security.web.header.HeaderWriterFilter@27ea552d, org.springframework.web.filter.CorsFilter@74cf2d5f, org.springframework.security.web.authentication.logout.LogoutFilter@50eae15a, org.springframework.security.oauth2.client.web.OAuth2AuthorizationRequestRedirectFilter@7b55fc83, org.springframework.security.oauth2.client.web.OAuth2LoginAuthenticationFilter@1a59500b, org.springframework.security.web.authentication.UsernamePasswordAuthenticationFilter@487bc2fe, org.springframework.security.web.savedrequest.RequestCacheAwareFilter@1ae90cb9, org.springframework.security.web.servletapi.SecurityContextHolderAwareRequestFilter@3b62c51e, org.springframework.security.web.authentication.AnonymousAuthenticationFilter@14b9817b, org.springframework.security.web.access.ExceptionTranslationFilter@723f8990, org.springframework.security.web.access.intercept.AuthorizationFilter@2cdd156b]
2024-04-16 14:16:30.581 [ INFO] [           main] o.a.c.h.Http11NioProtocol      : log                  : 173        : Starting ProtocolHandler ["http-nio-9090"]
2024-04-16 14:16:30.591 [ INFO] [           main] c.i.s.ShoppingMallApplication  : logStarted           : 56         : Started ShoppingMallApplication in 1.641 seconds (process running for 2.107)
2024-04-16 14:16:33.376 [ INFO] [nio-9090-exec-1] o.a.c.c.C.[.[.[/]              : log                  : 173        : Initializing Spring DispatcherServlet 'dispatcherServlet'
2024-04-16 14:16:33.376 [ INFO] [nio-9090-exec-1] o.s.w.s.DispatcherServlet      : initServletBean      : 532        : Initializing Servlet 'dispatcherServlet'
2024-04-16 14:16:33.378 [ INFO] [nio-9090-exec-1] o.s.w.s.DispatcherServlet      : initServletBean      : 554        : Completed initialization in 1 ms
2024-04-16 14:20:12.027 [ INFO] [ionShutdownHook] tainerEntityManagerFactoryBean : destroy              : 650        : Closing JPA EntityManagerFactory for persistence unit 'default'
2024-04-16 14:20:12.028 [ INFO] [ionShutdownHook] c.z.h.HikariDataSource         : close                : 350        : HikariPool-1 - Shutdown initiated...
2024-04-16 14:20:12.030 [ INFO] [ionShutdownHook] c.z.h.HikariDataSource         : close                : 352        : HikariPool-1 - Shutdown completed.
2024-04-16 14:20:13.312 [ INFO] [kground-preinit] o.h.v.i.u.Version              : <clinit>             : 21         : HV000001: Hibernate Validator 8.0.1.Final
2024-04-16 14:20:13.322 [ INFO] [           main] c.i.s.ShoppingMallApplication  : logStarting          : 50         : Starting ShoppingMallApplication using Java 21.0.2 with PID 61821 (/Users/bagsuyeon/Desktop/Team_idle/target/classes started by bagsuyeon in /Users/bagsuyeon/Desktop/Team_idle)
2024-04-16 14:20:13.323 [ INFO] [           main] c.i.s.ShoppingMallApplication  : ogStartupProfileInfo : 654        : No active profile set, falling back to 1 default profile: "default"
2024-04-16 14:20:13.592 [ INFO] [           main] epositoryConfigurationDelegate : gisterRepositoriesIn : 139        : Bootstrapping Spring Data JPA repositories in DEFAULT mode.
2024-04-16 14:20:13.603 [ INFO] [           main] epositoryConfigurationDelegate : gisterRepositoriesIn : 208        : Finished Spring Data repository scanning in 8 ms. Found 0 JPA repository interfaces.
2024-04-16 14:20:13.785 [ INFO] [           main] o.a.c.h.Http11NioProtocol      : log                  : 173        : Initializing ProtocolHandler ["http-nio-9090"]
2024-04-16 14:20:13.785 [ INFO] [           main] o.a.c.c.StandardService        : log                  : 173        : Starting service [Tomcat]
2024-04-16 14:20:13.785 [ INFO] [           main] o.a.c.c.StandardEngine         : log                  : 173        : Starting Servlet engine: [Apache Tomcat/10.1.19]
2024-04-16 14:20:13.801 [ INFO] [           main] o.a.c.c.C.[.[.[/]              : log                  : 173        : Initializing Spring embedded WebApplicationContext
2024-04-16 14:20:13.855 [ INFO] [           main] c.z.h.HikariDataSource         : getConnection        : 110        : HikariPool-1 - Starting...
2024-04-16 14:20:13.999 [ INFO] [           main] c.z.h.p.HikariPool             : checkFailFast        : 565        : HikariPool-1 - Added connection com.mysql.cj.jdbc.ConnectionImpl@2b44605c
2024-04-16 14:20:13.999 [ INFO] [           main] c.z.h.HikariDataSource         : getConnection        : 123        : HikariPool-1 - Start completed.
2024-04-16 14:20:14.017 [ INFO] [           main] o.h.j.i.u.LogHelper            : tenceUnitInformation : 31         : HHH000204: Processing PersistenceUnitInfo [name: default]
2024-04-16 14:20:14.042 [ INFO] [           main] o.h.Version                    : logVersion           : 44         : HHH000412: Hibernate ORM core version 6.4.4.Final
2024-04-16 14:20:14.054 [ INFO] [           main] o.h.c.i.RegionFactoryInitiator : initiateService      : 50         : HHH000026: Second-level cache disabled
2024-04-16 14:20:14.130 [ INFO] [           main] .j.p.SpringPersistenceUnitInfo : addTransformer       : 87         : No LoadTimeWeaver setup: ignoring JPA class transformer
2024-04-16 14:20:14.315 [ INFO] [           main] e.t.j.p.i.JtaPlatformInitiator : initiateService      : 58         : HHH000489: No JTA platform available (set 'hibernate.transaction.jta.platform' to enable JTA platform integration)
2024-04-16 14:20:14.317 [ INFO] [           main] tainerEntityManagerFactoryBean : EntityManagerFactory : 437        : Initialized JPA EntityManagerFactory for persistence unit 'default'
2024-04-16 14:20:14.663 [ WARN] [           main] figuration$JpaWebConfiguration : gerInViewInterceptor : 232        : spring.jpa.open-in-view is enabled by default. Therefore, database queries may be performed during view rendering. Explicitly configure spring.jpa.open-in-view to disable this warning
2024-04-16 14:20:14.774 [ INFO] [           main] s.w.DefaultSecurityFilterChain : <init>               : 54         : Will secure any request with [org.springframework.security.web.session.DisableEncodeUrlFilter@ae5d544, org.springframework.security.web.context.request.async.WebAsyncManagerIntegrationFilter@5aec151b, org.springframework.security.web.context.SecurityContextHolderFilter@2be208db, org.springframework.security.web.header.HeaderWriterFilter@27ea552d, org.springframework.web.filter.CorsFilter@74cf2d5f, org.springframework.security.web.authentication.logout.LogoutFilter@50eae15a, org.springframework.security.oauth2.client.web.OAuth2AuthorizationRequestRedirectFilter@7b55fc83, org.springframework.security.oauth2.client.web.OAuth2LoginAuthenticationFilter@1a59500b, org.springframework.security.web.authentication.UsernamePasswordAuthenticationFilter@487bc2fe, org.springframework.security.web.savedrequest.RequestCacheAwareFilter@1ae90cb9, org.springframework.security.web.servletapi.SecurityContextHolderAwareRequestFilter@3b62c51e, org.springframework.security.web.authentication.AnonymousAuthenticationFilter@14b9817b, org.springframework.security.web.access.ExceptionTranslationFilter@723f8990, org.springframework.security.web.access.intercept.AuthorizationFilter@2cdd156b]
2024-04-16 14:20:14.854 [ INFO] [           main] o.a.c.h.Http11NioProtocol      : log                  : 173        : Starting ProtocolHandler ["http-nio-9090"]
2024-04-16 14:20:14.864 [ INFO] [           main] c.i.s.ShoppingMallApplication  : logStarted           : 56         : Started ShoppingMallApplication in 1.664 seconds (process running for 2.108)
2024-04-16 14:20:18.280 [ INFO] [nio-9090-exec-1] o.a.c.c.C.[.[.[/]              : log                  : 173        : Initializing Spring DispatcherServlet 'dispatcherServlet'
2024-04-16 14:20:18.280 [ INFO] [nio-9090-exec-1] o.s.w.s.DispatcherServlet      : initServletBean      : 532        : Initializing Servlet 'dispatcherServlet'
2024-04-16 14:20:18.282 [ INFO] [nio-9090-exec-1] o.s.w.s.DispatcherServlet      : initServletBean      : 554        : Completed initialization in 1 ms
2024-04-16 14:20:47.334 [ INFO] [ionShutdownHook] tainerEntityManagerFactoryBean : destroy              : 650        : Closing JPA EntityManagerFactory for persistence unit 'default'
2024-04-16 14:20:47.335 [ INFO] [ionShutdownHook] c.z.h.HikariDataSource         : close                : 350        : HikariPool-1 - Shutdown initiated...
2024-04-16 14:20:47.338 [ INFO] [ionShutdownHook] c.z.h.HikariDataSource         : close                : 352        : HikariPool-1 - Shutdown completed.
2024-04-16 14:20:48.563 [ INFO] [kground-preinit] o.h.v.i.u.Version              : <clinit>             : 21         : HV000001: Hibernate Validator 8.0.1.Final
2024-04-16 14:20:48.579 [ INFO] [           main] c.i.s.ShoppingMallApplication  : logStarting          : 50         : Starting ShoppingMallApplication using Java 21.0.2 with PID 61833 (/Users/bagsuyeon/Desktop/Team_idle/target/classes started by bagsuyeon in /Users/bagsuyeon/Desktop/Team_idle)
2024-04-16 14:20:48.582 [ INFO] [           main] c.i.s.ShoppingMallApplication  : ogStartupProfileInfo : 654        : No active profile set, falling back to 1 default profile: "default"
2024-04-16 14:20:48.909 [ INFO] [           main] epositoryConfigurationDelegate : gisterRepositoriesIn : 139        : Bootstrapping Spring Data JPA repositories in DEFAULT mode.
2024-04-16 14:20:48.920 [ INFO] [           main] epositoryConfigurationDelegate : gisterRepositoriesIn : 208        : Finished Spring Data repository scanning in 8 ms. Found 0 JPA repository interfaces.
2024-04-16 14:20:49.096 [ INFO] [           main] o.a.c.h.Http11NioProtocol      : log                  : 173        : Initializing ProtocolHandler ["http-nio-9090"]
2024-04-16 14:20:49.096 [ INFO] [           main] o.a.c.c.StandardService        : log                  : 173        : Starting service [Tomcat]
2024-04-16 14:20:49.096 [ INFO] [           main] o.a.c.c.StandardEngine         : log                  : 173        : Starting Servlet engine: [Apache Tomcat/10.1.19]
2024-04-16 14:20:49.113 [ INFO] [           main] o.a.c.c.C.[.[.[/]              : log                  : 173        : Initializing Spring embedded WebApplicationContext
2024-04-16 14:20:49.167 [ INFO] [           main] c.z.h.HikariDataSource         : getConnection        : 110        : HikariPool-1 - Starting...
2024-04-16 14:20:49.338 [ INFO] [           main] c.z.h.p.HikariPool             : checkFailFast        : 565        : HikariPool-1 - Added connection com.mysql.cj.jdbc.ConnectionImpl@2b44605c
2024-04-16 14:20:49.338 [ INFO] [           main] c.z.h.HikariDataSource         : getConnection        : 123        : HikariPool-1 - Start completed.
2024-04-16 14:20:49.357 [ INFO] [           main] o.h.j.i.u.LogHelper            : tenceUnitInformation : 31         : HHH000204: Processing PersistenceUnitInfo [name: default]
2024-04-16 14:20:49.381 [ INFO] [           main] o.h.Version                    : logVersion           : 44         : HHH000412: Hibernate ORM core version 6.4.4.Final
2024-04-16 14:20:49.393 [ INFO] [           main] o.h.c.i.RegionFactoryInitiator : initiateService      : 50         : HHH000026: Second-level cache disabled
2024-04-16 14:20:49.467 [ INFO] [           main] .j.p.SpringPersistenceUnitInfo : addTransformer       : 87         : No LoadTimeWeaver setup: ignoring JPA class transformer
2024-04-16 14:20:49.642 [ INFO] [           main] e.t.j.p.i.JtaPlatformInitiator : initiateService      : 58         : HHH000489: No JTA platform available (set 'hibernate.transaction.jta.platform' to enable JTA platform integration)
2024-04-16 14:20:49.643 [ INFO] [           main] tainerEntityManagerFactoryBean : EntityManagerFactory : 437        : Initialized JPA EntityManagerFactory for persistence unit 'default'
2024-04-16 14:20:50.014 [ WARN] [           main] figuration$JpaWebConfiguration : gerInViewInterceptor : 232        : spring.jpa.open-in-view is enabled by default. Therefore, database queries may be performed during view rendering. Explicitly configure spring.jpa.open-in-view to disable this warning
2024-04-16 14:20:50.115 [ INFO] [           main] s.w.DefaultSecurityFilterChain : <init>               : 54         : Will secure any request with [org.springframework.security.web.session.DisableEncodeUrlFilter@5aec151b, org.springframework.security.web.context.request.async.WebAsyncManagerIntegrationFilter@74cf2d5f, org.springframework.security.web.context.SecurityContextHolderFilter@5ed463b7, org.springframework.security.web.header.HeaderWriterFilter@7a57c5d9, org.springframework.web.filter.CorsFilter@14b9817b, org.springframework.security.web.authentication.logout.LogoutFilter@4bba2704, org.springframework.security.oauth2.client.web.OAuth2AuthorizationRequestRedirectFilter@3615f8d9, org.springframework.security.oauth2.client.web.OAuth2LoginAuthenticationFilter@4e3c0627, org.springframework.security.web.authentication.UsernamePasswordAuthenticationFilter@58038583, org.springframework.security.web.savedrequest.RequestCacheAwareFilter@3b62c51e, org.springframework.security.web.servletapi.SecurityContextHolderAwareRequestFilter@7db679, org.springframework.security.web.authentication.AnonymousAuthenticationFilter@3052395d, org.springframework.security.web.access.ExceptionTranslationFilter@3bdc8975, org.springframework.security.web.access.intercept.AuthorizationFilter@487bc2fe]
2024-04-16 14:20:50.197 [ INFO] [           main] o.a.c.h.Http11NioProtocol      : log                  : 173        : Starting ProtocolHandler ["http-nio-9090"]
2024-04-16 14:20:50.206 [ INFO] [           main] c.i.s.ShoppingMallApplication  : logStarted           : 56         : Started ShoppingMallApplication in 1.842 seconds (process running for 2.13)
2024-04-16 14:21:27.254 [ INFO] [nio-9090-exec-1] o.a.c.c.C.[.[.[/]              : log                  : 173        : Initializing Spring DispatcherServlet 'dispatcherServlet'
2024-04-16 14:21:27.254 [ INFO] [nio-9090-exec-1] o.s.w.s.DispatcherServlet      : initServletBean      : 532        : Initializing Servlet 'dispatcherServlet'
2024-04-16 14:21:27.256 [ INFO] [nio-9090-exec-1] o.s.w.s.DispatcherServlet      : initServletBean      : 554        : Completed initialization in 2 ms
2024-04-16 14:25:26.931 [ INFO] [ionShutdownHook] tainerEntityManagerFactoryBean : destroy              : 650        : Closing JPA EntityManagerFactory for persistence unit 'default'
2024-04-16 14:25:26.933 [ INFO] [ionShutdownHook] c.z.h.HikariDataSource         : close                : 350        : HikariPool-1 - Shutdown initiated...
2024-04-16 14:25:26.935 [ INFO] [ionShutdownHook] c.z.h.HikariDataSource         : close                : 352        : HikariPool-1 - Shutdown completed.
2024-04-16 14:25:28.254 [ INFO] [kground-preinit] o.h.v.i.u.Version              : <clinit>             : 21         : HV000001: Hibernate Validator 8.0.1.Final
2024-04-16 14:25:28.264 [ INFO] [           main] c.i.s.ShoppingMallApplication  : logStarting          : 50         : Starting ShoppingMallApplication using Java 21.0.2 with PID 62491 (/Users/bagsuyeon/Desktop/Team_idle/target/classes started by bagsuyeon in /Users/bagsuyeon/Desktop/Team_idle)
2024-04-16 14:25:28.265 [ INFO] [           main] c.i.s.ShoppingMallApplication  : ogStartupProfileInfo : 654        : No active profile set, falling back to 1 default profile: "default"
2024-04-16 14:25:28.537 [ INFO] [           main] epositoryConfigurationDelegate : gisterRepositoriesIn : 139        : Bootstrapping Spring Data JPA repositories in DEFAULT mode.
2024-04-16 14:25:28.548 [ INFO] [           main] epositoryConfigurationDelegate : gisterRepositoriesIn : 208        : Finished Spring Data repository scanning in 8 ms. Found 0 JPA repository interfaces.
2024-04-16 14:25:28.731 [ INFO] [           main] o.a.c.h.Http11NioProtocol      : log                  : 173        : Initializing ProtocolHandler ["http-nio-9090"]
2024-04-16 14:25:28.731 [ INFO] [           main] o.a.c.c.StandardService        : log                  : 173        : Starting service [Tomcat]
2024-04-16 14:25:28.732 [ INFO] [           main] o.a.c.c.StandardEngine         : log                  : 173        : Starting Servlet engine: [Apache Tomcat/10.1.19]
2024-04-16 14:25:28.750 [ INFO] [           main] o.a.c.c.C.[.[.[/]              : log                  : 173        : Initializing Spring embedded WebApplicationContext
2024-04-16 14:25:28.804 [ INFO] [           main] c.z.h.HikariDataSource         : getConnection        : 110        : HikariPool-1 - Starting...
2024-04-16 14:25:28.948 [ INFO] [           main] c.z.h.p.HikariPool             : checkFailFast        : 565        : HikariPool-1 - Added connection com.mysql.cj.jdbc.ConnectionImpl@eaf8427
2024-04-16 14:25:28.949 [ INFO] [           main] c.z.h.HikariDataSource         : getConnection        : 123        : HikariPool-1 - Start completed.
2024-04-16 14:25:28.967 [ INFO] [           main] o.h.j.i.u.LogHelper            : tenceUnitInformation : 31         : HHH000204: Processing PersistenceUnitInfo [name: default]
2024-04-16 14:25:28.991 [ INFO] [           main] o.h.Version                    : logVersion           : 44         : HHH000412: Hibernate ORM core version 6.4.4.Final
2024-04-16 14:25:29.003 [ INFO] [           main] o.h.c.i.RegionFactoryInitiator : initiateService      : 50         : HHH000026: Second-level cache disabled
2024-04-16 14:25:29.080 [ INFO] [           main] .j.p.SpringPersistenceUnitInfo : addTransformer       : 87         : No LoadTimeWeaver setup: ignoring JPA class transformer
2024-04-16 14:25:29.250 [ INFO] [           main] e.t.j.p.i.JtaPlatformInitiator : initiateService      : 58         : HHH000489: No JTA platform available (set 'hibernate.transaction.jta.platform' to enable JTA platform integration)
2024-04-16 14:25:29.251 [ INFO] [           main] tainerEntityManagerFactoryBean : EntityManagerFactory : 437        : Initialized JPA EntityManagerFactory for persistence unit 'default'
2024-04-16 14:25:29.603 [ WARN] [           main] figuration$JpaWebConfiguration : gerInViewInterceptor : 232        : spring.jpa.open-in-view is enabled by default. Therefore, database queries may be performed during view rendering. Explicitly configure spring.jpa.open-in-view to disable this warning
2024-04-16 14:25:29.712 [ INFO] [           main] s.w.DefaultSecurityFilterChain : <init>               : 54         : Will secure any request with [org.springframework.security.web.session.DisableEncodeUrlFilter@74cf2d5f, org.springframework.security.web.context.request.async.WebAsyncManagerIntegrationFilter@14b9817b, org.springframework.security.web.context.SecurityContextHolderFilter@1ae90cb9, org.springframework.security.web.header.HeaderWriterFilter@742aa00a, org.springframework.web.filter.CorsFilter@3052395d, org.springframework.security.web.authentication.logout.LogoutFilter@5b5f61cc, org.springframework.security.oauth2.client.web.OAuth2AuthorizationRequestRedirectFilter@5d200dce, org.springframework.security.oauth2.client.web.OAuth2LoginAuthenticationFilter@57f6fc09, org.springframework.security.web.authentication.UsernamePasswordAuthenticationFilter@6491006, org.springframework.security.web.savedrequest.RequestCacheAwareFilter@7db679, org.springframework.security.web.servletapi.SecurityContextHolderAwareRequestFilter@7dc9b41a, org.springframework.security.web.authentication.AnonymousAuthenticationFilter@a2ca681, org.springframework.security.web.access.ExceptionTranslationFilter@27ea552d, org.springframework.security.web.access.intercept.AuthorizationFilter@58038583]
2024-04-16 14:25:29.796 [ INFO] [           main] o.a.c.h.Http11NioProtocol      : log                  : 173        : Starting ProtocolHandler ["http-nio-9090"]
2024-04-16 14:25:29.806 [ INFO] [           main] c.i.s.ShoppingMallApplication  : logStarted           : 56         : Started ShoppingMallApplication in 1.666 seconds (process running for 2.115)
2024-04-16 14:25:32.225 [ INFO] [nio-9090-exec-1] o.a.c.c.C.[.[.[/]              : log                  : 173        : Initializing Spring DispatcherServlet 'dispatcherServlet'
2024-04-16 14:25:32.225 [ INFO] [nio-9090-exec-1] o.s.w.s.DispatcherServlet      : initServletBean      : 532        : Initializing Servlet 'dispatcherServlet'
2024-04-16 14:25:32.226 [ INFO] [nio-9090-exec-1] o.s.w.s.DispatcherServlet      : initServletBean      : 554        : Completed initialization in 1 ms
2024-04-16 14:48:39.313 [ INFO] [ionShutdownHook] tainerEntityManagerFactoryBean : destroy              : 650        : Closing JPA EntityManagerFactory for persistence unit 'default'
2024-04-16 14:48:39.315 [ INFO] [ionShutdownHook] c.z.h.HikariDataSource         : close                : 350        : HikariPool-1 - Shutdown initiated...
2024-04-16 14:48:39.317 [ INFO] [ionShutdownHook] c.z.h.HikariDataSource         : close                : 352        : HikariPool-1 - Shutdown completed.
2024-04-16 14:48:40.566 [ INFO] [kground-preinit] o.h.v.i.u.Version              : <clinit>             : 21         : HV000001: Hibernate Validator 8.0.1.Final
2024-04-16 14:48:40.586 [ INFO] [           main] c.i.s.ShoppingMallApplication  : logStarting          : 50         : Starting ShoppingMallApplication using Java 21.0.2 with PID 62687 (/Users/bagsuyeon/Desktop/Team_idle/target/classes started by bagsuyeon in /Users/bagsuyeon/Desktop/Team_idle)
2024-04-16 14:48:40.588 [ INFO] [           main] c.i.s.ShoppingMallApplication  : ogStartupProfileInfo : 654        : No active profile set, falling back to 1 default profile: "default"
2024-04-16 14:48:40.935 [ INFO] [           main] epositoryConfigurationDelegate : gisterRepositoriesIn : 139        : Bootstrapping Spring Data JPA repositories in DEFAULT mode.
2024-04-16 14:48:40.946 [ INFO] [           main] epositoryConfigurationDelegate : gisterRepositoriesIn : 208        : Finished Spring Data repository scanning in 7 ms. Found 0 JPA repository interfaces.
2024-04-16 14:48:41.130 [ INFO] [           main] o.a.c.h.Http11NioProtocol      : log                  : 173        : Initializing ProtocolHandler ["http-nio-9090"]
2024-04-16 14:48:41.130 [ INFO] [           main] o.a.c.c.StandardService        : log                  : 173        : Starting service [Tomcat]
2024-04-16 14:48:41.130 [ INFO] [           main] o.a.c.c.StandardEngine         : log                  : 173        : Starting Servlet engine: [Apache Tomcat/10.1.19]
2024-04-16 14:48:41.148 [ INFO] [           main] o.a.c.c.C.[.[.[/]              : log                  : 173        : Initializing Spring embedded WebApplicationContext
2024-04-16 14:48:41.207 [ INFO] [           main] c.z.h.HikariDataSource         : getConnection        : 110        : HikariPool-1 - Starting...
2024-04-16 14:48:41.330 [ INFO] [           main] c.z.h.p.HikariPool             : checkFailFast        : 565        : HikariPool-1 - Added connection com.mysql.cj.jdbc.ConnectionImpl@2b44605c
2024-04-16 14:48:41.331 [ INFO] [           main] c.z.h.HikariDataSource         : getConnection        : 123        : HikariPool-1 - Start completed.
2024-04-16 14:48:41.346 [ INFO] [           main] o.h.j.i.u.LogHelper            : tenceUnitInformation : 31         : HHH000204: Processing PersistenceUnitInfo [name: default]
2024-04-16 14:48:41.370 [ INFO] [           main] o.h.Version                    : logVersion           : 44         : HHH000412: Hibernate ORM core version 6.4.4.Final
2024-04-16 14:48:41.383 [ INFO] [           main] o.h.c.i.RegionFactoryInitiator : initiateService      : 50         : HHH000026: Second-level cache disabled
2024-04-16 14:48:41.462 [ INFO] [           main] .j.p.SpringPersistenceUnitInfo : addTransformer       : 87         : No LoadTimeWeaver setup: ignoring JPA class transformer
2024-04-16 14:48:41.617 [ INFO] [           main] e.t.j.p.i.JtaPlatformInitiator : initiateService      : 58         : HHH000489: No JTA platform available (set 'hibernate.transaction.jta.platform' to enable JTA platform integration)
2024-04-16 14:48:41.618 [ INFO] [           main] tainerEntityManagerFactoryBean : EntityManagerFactory : 437        : Initialized JPA EntityManagerFactory for persistence unit 'default'
2024-04-16 14:48:41.977 [ WARN] [           main] figuration$JpaWebConfiguration : gerInViewInterceptor : 232        : spring.jpa.open-in-view is enabled by default. Therefore, database queries may be performed during view rendering. Explicitly configure spring.jpa.open-in-view to disable this warning
2024-04-16 14:48:42.085 [ INFO] [           main] s.w.DefaultSecurityFilterChain : <init>               : 54         : Will secure any request with [org.springframework.security.web.session.DisableEncodeUrlFilter@5aec151b, org.springframework.security.web.context.request.async.WebAsyncManagerIntegrationFilter@74cf2d5f, org.springframework.security.web.context.SecurityContextHolderFilter@5ed463b7, org.springframework.security.web.header.HeaderWriterFilter@7a57c5d9, org.springframework.web.filter.CorsFilter@14b9817b, org.springframework.security.web.authentication.logout.LogoutFilter@4bba2704, org.springframework.security.oauth2.client.web.OAuth2AuthorizationRequestRedirectFilter@3615f8d9, org.springframework.security.oauth2.client.web.OAuth2LoginAuthenticationFilter@4e3c0627, org.springframework.security.web.authentication.UsernamePasswordAuthenticationFilter@58038583, org.springframework.security.web.savedrequest.RequestCacheAwareFilter@3b62c51e, org.springframework.security.web.servletapi.SecurityContextHolderAwareRequestFilter@7db679, org.springframework.security.web.authentication.AnonymousAuthenticationFilter@3052395d, org.springframework.security.web.access.ExceptionTranslationFilter@3bdc8975, org.springframework.security.web.access.intercept.AuthorizationFilter@487bc2fe]
2024-04-16 14:48:42.169 [ INFO] [           main] o.a.c.h.Http11NioProtocol      : log                  : 173        : Starting ProtocolHandler ["http-nio-9090"]
2024-04-16 14:48:42.179 [ INFO] [           main] c.i.s.ShoppingMallApplication  : logStarted           : 56         : Started ShoppingMallApplication in 1.816 seconds (process running for 2.114)
2024-04-16 14:48:50.490 [ INFO] [nio-9090-exec-1] o.a.c.c.C.[.[.[/]              : log                  : 173        : Initializing Spring DispatcherServlet 'dispatcherServlet'
2024-04-16 14:48:50.490 [ INFO] [nio-9090-exec-1] o.s.w.s.DispatcherServlet      : initServletBean      : 532        : Initializing Servlet 'dispatcherServlet'
2024-04-16 14:48:50.492 [ INFO] [nio-9090-exec-1] o.s.w.s.DispatcherServlet      : initServletBean      : 554        : Completed initialization in 1 ms
2024-04-16 14:50:00.314 [ INFO] [ionShutdownHook] tainerEntityManagerFactoryBean : destroy              : 650        : Closing JPA EntityManagerFactory for persistence unit 'default'
2024-04-16 14:50:00.314 [ INFO] [ionShutdownHook] c.z.h.HikariDataSource         : close                : 350        : HikariPool-1 - Shutdown initiated...
2024-04-16 14:50:00.317 [ INFO] [ionShutdownHook] c.z.h.HikariDataSource         : close                : 352        : HikariPool-1 - Shutdown completed.
2024-04-16 14:50:02.499 [ INFO] [kground-preinit] o.h.v.i.u.Version              : <clinit>             : 21         : HV000001: Hibernate Validator 8.0.1.Final
2024-04-16 14:50:02.510 [ INFO] [           main] c.i.s.ShoppingMallApplication  : logStarting          : 50         : Starting ShoppingMallApplication using Java 21.0.2 with PID 62709 (/Users/bagsuyeon/Desktop/Team_idle/target/classes started by bagsuyeon in /Users/bagsuyeon/Desktop/Team_idle)
2024-04-16 14:50:02.511 [ INFO] [           main] c.i.s.ShoppingMallApplication  : ogStartupProfileInfo : 654        : No active profile set, falling back to 1 default profile: "default"
2024-04-16 14:50:02.832 [ INFO] [           main] epositoryConfigurationDelegate : gisterRepositoriesIn : 139        : Bootstrapping Spring Data JPA repositories in DEFAULT mode.
2024-04-16 14:50:02.843 [ INFO] [           main] epositoryConfigurationDelegate : gisterRepositoriesIn : 208        : Finished Spring Data repository scanning in 8 ms. Found 0 JPA repository interfaces.
2024-04-16 14:50:03.028 [ INFO] [           main] o.a.c.h.Http11NioProtocol      : log                  : 173        : Initializing ProtocolHandler ["http-nio-9090"]
2024-04-16 14:50:03.029 [ INFO] [           main] o.a.c.c.StandardService        : log                  : 173        : Starting service [Tomcat]
2024-04-16 14:50:03.029 [ INFO] [           main] o.a.c.c.StandardEngine         : log                  : 173        : Starting Servlet engine: [Apache Tomcat/10.1.19]
2024-04-16 14:50:03.045 [ INFO] [           main] o.a.c.c.C.[.[.[/]              : log                  : 173        : Initializing Spring embedded WebApplicationContext
2024-04-16 14:50:03.100 [ INFO] [           main] c.z.h.HikariDataSource         : getConnection        : 110        : HikariPool-1 - Starting...
2024-04-16 14:50:03.240 [ INFO] [           main] c.z.h.p.HikariPool             : checkFailFast        : 565        : HikariPool-1 - Added connection com.mysql.cj.jdbc.ConnectionImpl@68c34db2
2024-04-16 14:50:03.241 [ INFO] [           main] c.z.h.HikariDataSource         : getConnection        : 123        : HikariPool-1 - Start completed.
2024-04-16 14:50:03.256 [ INFO] [           main] o.h.j.i.u.LogHelper            : tenceUnitInformation : 31         : HHH000204: Processing PersistenceUnitInfo [name: default]
2024-04-16 14:50:03.279 [ INFO] [           main] o.h.Version                    : logVersion           : 44         : HHH000412: Hibernate ORM core version 6.4.4.Final
2024-04-16 14:50:03.290 [ INFO] [           main] o.h.c.i.RegionFactoryInitiator : initiateService      : 50         : HHH000026: Second-level cache disabled
2024-04-16 14:50:03.365 [ INFO] [           main] .j.p.SpringPersistenceUnitInfo : addTransformer       : 87         : No LoadTimeWeaver setup: ignoring JPA class transformer
2024-04-16 14:50:03.525 [ INFO] [           main] e.t.j.p.i.JtaPlatformInitiator : initiateService      : 58         : HHH000489: No JTA platform available (set 'hibernate.transaction.jta.platform' to enable JTA platform integration)
2024-04-16 14:50:03.527 [ INFO] [           main] tainerEntityManagerFactoryBean : EntityManagerFactory : 437        : Initialized JPA EntityManagerFactory for persistence unit 'default'
2024-04-16 14:50:03.887 [ WARN] [           main] figuration$JpaWebConfiguration : gerInViewInterceptor : 232        : spring.jpa.open-in-view is enabled by default. Therefore, database queries may be performed during view rendering. Explicitly configure spring.jpa.open-in-view to disable this warning
2024-04-16 14:50:03.994 [ INFO] [           main] s.w.DefaultSecurityFilterChain : <init>               : 54         : Will secure any request with [org.springframework.security.web.session.DisableEncodeUrlFilter@623bdc46, org.springframework.security.web.context.request.async.WebAsyncManagerIntegrationFilter@411576c7, org.springframework.security.web.context.SecurityContextHolderFilter@2468c0e4, org.springframework.security.web.header.HeaderWriterFilter@5b5f61cc, org.springframework.web.filter.CorsFilter@332610ad, org.springframework.security.web.authentication.logout.LogoutFilter@141c66db, org.springframework.security.oauth2.client.web.OAuth2AuthorizationRequestRedirectFilter@26723525, org.springframework.security.oauth2.client.web.OAuth2LoginAuthenticationFilter@1196537d, org.springframework.security.web.authentication.UsernamePasswordAuthenticationFilter@5aec151b, org.springframework.security.web.savedrequest.RequestCacheAwareFilter@1a82453, org.springframework.security.web.servletapi.SecurityContextHolderAwareRequestFilter@3df54fd5, org.springframework.security.web.authentication.AnonymousAuthenticationFilter@45bbb3e8, org.springframework.security.web.access.ExceptionTranslationFilter@50eae15a, org.springframework.security.web.access.intercept.AuthorizationFilter@ae5d544]
2024-04-16 14:50:04.075 [ INFO] [           main] o.a.c.h.Http11NioProtocol      : log                  : 173        : Starting ProtocolHandler ["http-nio-9090"]
2024-04-16 14:50:04.084 [ INFO] [           main] c.i.s.ShoppingMallApplication  : logStarted           : 56         : Started ShoppingMallApplication in 1.719 seconds (process running for 3.061)
2024-04-16 14:50:05.332 [ INFO] [nio-9090-exec-1] o.a.c.c.C.[.[.[/]              : log                  : 173        : Initializing Spring DispatcherServlet 'dispatcherServlet'
2024-04-16 14:50:05.333 [ INFO] [nio-9090-exec-1] o.s.w.s.DispatcherServlet      : initServletBean      : 532        : Initializing Servlet 'dispatcherServlet'
2024-04-16 14:50:05.334 [ INFO] [nio-9090-exec-1] o.s.w.s.DispatcherServlet      : initServletBean      : 554        : Completed initialization in 1 ms
2024-04-16 14:51:22.145 [ INFO] [ionShutdownHook] tainerEntityManagerFactoryBean : destroy              : 650        : Closing JPA EntityManagerFactory for persistence unit 'default'
2024-04-16 14:51:22.147 [ INFO] [ionShutdownHook] c.z.h.HikariDataSource         : close                : 350        : HikariPool-1 - Shutdown initiated...
2024-04-16 14:51:22.149 [ INFO] [ionShutdownHook] c.z.h.HikariDataSource         : close                : 352        : HikariPool-1 - Shutdown completed.
2024-04-16 14:51:23.346 [ INFO] [kground-preinit] o.h.v.i.u.Version              : <clinit>             : 21         : HV000001: Hibernate Validator 8.0.1.Final
2024-04-16 14:51:23.358 [ INFO] [           main] c.i.s.ShoppingMallApplication  : logStarting          : 50         : Starting ShoppingMallApplication using Java 21.0.2 with PID 62746 (/Users/bagsuyeon/Desktop/Team_idle/target/classes started by bagsuyeon in /Users/bagsuyeon/Desktop/Team_idle)
2024-04-16 14:51:23.359 [ INFO] [           main] c.i.s.ShoppingMallApplication  : ogStartupProfileInfo : 654        : No active profile set, falling back to 1 default profile: "default"
2024-04-16 14:51:23.629 [ INFO] [           main] epositoryConfigurationDelegate : gisterRepositoriesIn : 139        : Bootstrapping Spring Data JPA repositories in DEFAULT mode.
2024-04-16 14:51:23.640 [ INFO] [           main] epositoryConfigurationDelegate : gisterRepositoriesIn : 208        : Finished Spring Data repository scanning in 8 ms. Found 0 JPA repository interfaces.
2024-04-16 14:51:23.846 [ INFO] [           main] o.a.c.h.Http11NioProtocol      : log                  : 173        : Initializing ProtocolHandler ["http-nio-9090"]
2024-04-16 14:51:23.847 [ INFO] [           main] o.a.c.c.StandardService        : log                  : 173        : Starting service [Tomcat]
2024-04-16 14:51:23.847 [ INFO] [           main] o.a.c.c.StandardEngine         : log                  : 173        : Starting Servlet engine: [Apache Tomcat/10.1.19]
2024-04-16 14:51:23.867 [ INFO] [           main] o.a.c.c.C.[.[.[/]              : log                  : 173        : Initializing Spring embedded WebApplicationContext
2024-04-16 14:51:23.925 [ INFO] [           main] c.z.h.HikariDataSource         : getConnection        : 110        : HikariPool-1 - Starting...
2024-04-16 14:51:24.043 [ INFO] [           main] c.z.h.p.HikariPool             : checkFailFast        : 565        : HikariPool-1 - Added connection com.mysql.cj.jdbc.ConnectionImpl@2b44605c
2024-04-16 14:51:24.043 [ INFO] [           main] c.z.h.HikariDataSource         : getConnection        : 123        : HikariPool-1 - Start completed.
2024-04-16 14:51:24.058 [ INFO] [           main] o.h.j.i.u.LogHelper            : tenceUnitInformation : 31         : HHH000204: Processing PersistenceUnitInfo [name: default]
2024-04-16 14:51:24.081 [ INFO] [           main] o.h.Version                    : logVersion           : 44         : HHH000412: Hibernate ORM core version 6.4.4.Final
2024-04-16 14:51:24.092 [ INFO] [           main] o.h.c.i.RegionFactoryInitiator : initiateService      : 50         : HHH000026: Second-level cache disabled
2024-04-16 14:51:24.165 [ INFO] [           main] .j.p.SpringPersistenceUnitInfo : addTransformer       : 87         : No LoadTimeWeaver setup: ignoring JPA class transformer
2024-04-16 14:51:24.311 [ INFO] [           main] e.t.j.p.i.JtaPlatformInitiator : initiateService      : 58         : HHH000489: No JTA platform available (set 'hibernate.transaction.jta.platform' to enable JTA platform integration)
2024-04-16 14:51:24.312 [ INFO] [           main] tainerEntityManagerFactoryBean : EntityManagerFactory : 437        : Initialized JPA EntityManagerFactory for persistence unit 'default'
2024-04-16 14:51:24.675 [ WARN] [           main] figuration$JpaWebConfiguration : gerInViewInterceptor : 232        : spring.jpa.open-in-view is enabled by default. Therefore, database queries may be performed during view rendering. Explicitly configure spring.jpa.open-in-view to disable this warning
2024-04-16 14:51:24.792 [ INFO] [           main] s.w.DefaultSecurityFilterChain : <init>               : 54         : Will secure any request with [org.springframework.security.web.session.DisableEncodeUrlFilter@ae5d544, org.springframework.security.web.context.request.async.WebAsyncManagerIntegrationFilter@5aec151b, org.springframework.security.web.context.SecurityContextHolderFilter@2be208db, org.springframework.security.web.header.HeaderWriterFilter@27ea552d, org.springframework.web.filter.CorsFilter@74cf2d5f, org.springframework.security.web.authentication.logout.LogoutFilter@50eae15a, org.springframework.security.oauth2.client.web.OAuth2AuthorizationRequestRedirectFilter@7b55fc83, org.springframework.security.oauth2.client.web.OAuth2LoginAuthenticationFilter@1a59500b, org.springframework.security.web.authentication.UsernamePasswordAuthenticationFilter@487bc2fe, org.springframework.security.web.savedrequest.RequestCacheAwareFilter@1ae90cb9, org.springframework.security.web.servletapi.SecurityContextHolderAwareRequestFilter@3b62c51e, org.springframework.security.web.authentication.AnonymousAuthenticationFilter@14b9817b, org.springframework.security.web.access.ExceptionTranslationFilter@723f8990, org.springframework.security.web.access.intercept.AuthorizationFilter@2cdd156b]
2024-04-16 14:51:24.886 [ INFO] [           main] o.a.c.h.Http11NioProtocol      : log                  : 173        : Starting ProtocolHandler ["http-nio-9090"]
2024-04-16 14:51:24.897 [ INFO] [           main] c.i.s.ShoppingMallApplication  : logStarted           : 56         : Started ShoppingMallApplication in 1.762 seconds (process running for 2.055)
2024-04-16 14:51:34.487 [ INFO] [nio-9090-exec-1] o.a.c.c.C.[.[.[/]              : log                  : 173        : Initializing Spring DispatcherServlet 'dispatcherServlet'
2024-04-16 14:51:34.487 [ INFO] [nio-9090-exec-1] o.s.w.s.DispatcherServlet      : initServletBean      : 532        : Initializing Servlet 'dispatcherServlet'
2024-04-16 14:51:34.489 [ INFO] [nio-9090-exec-1] o.s.w.s.DispatcherServlet      : initServletBean      : 554        : Completed initialization in 2 ms
2024-04-16 14:54:41.039 [ INFO] [ionShutdownHook] tainerEntityManagerFactoryBean : destroy              : 650        : Closing JPA EntityManagerFactory for persistence unit 'default'
2024-04-16 14:54:41.040 [ INFO] [ionShutdownHook] c.z.h.HikariDataSource         : close                : 350        : HikariPool-1 - Shutdown initiated...
2024-04-16 14:54:41.042 [ INFO] [ionShutdownHook] c.z.h.HikariDataSource         : close                : 352        : HikariPool-1 - Shutdown completed.
2024-04-16 14:54:42.407 [ INFO] [kground-preinit] o.h.v.i.u.Version              : <clinit>             : 21         : HV000001: Hibernate Validator 8.0.1.Final
2024-04-16 14:54:42.417 [ INFO] [           main] c.i.s.ShoppingMallApplication  : logStarting          : 50         : Starting ShoppingMallApplication using Java 21.0.2 with PID 62771 (/Users/bagsuyeon/Desktop/Team_idle/target/classes started by bagsuyeon in /Users/bagsuyeon/Desktop/Team_idle)
2024-04-16 14:54:42.418 [ INFO] [           main] c.i.s.ShoppingMallApplication  : ogStartupProfileInfo : 654        : No active profile set, falling back to 1 default profile: "default"
2024-04-16 14:54:42.691 [ INFO] [           main] epositoryConfigurationDelegate : gisterRepositoriesIn : 139        : Bootstrapping Spring Data JPA repositories in DEFAULT mode.
2024-04-16 14:54:42.702 [ INFO] [           main] epositoryConfigurationDelegate : gisterRepositoriesIn : 208        : Finished Spring Data repository scanning in 8 ms. Found 0 JPA repository interfaces.
2024-04-16 14:54:42.887 [ INFO] [           main] o.a.c.h.Http11NioProtocol      : log                  : 173        : Initializing ProtocolHandler ["http-nio-9090"]
2024-04-16 14:54:42.888 [ INFO] [           main] o.a.c.c.StandardService        : log                  : 173        : Starting service [Tomcat]
2024-04-16 14:54:42.888 [ INFO] [           main] o.a.c.c.StandardEngine         : log                  : 173        : Starting Servlet engine: [Apache Tomcat/10.1.19]
2024-04-16 14:54:42.906 [ INFO] [           main] o.a.c.c.C.[.[.[/]              : log                  : 173        : Initializing Spring embedded WebApplicationContext
2024-04-16 14:54:42.955 [ INFO] [           main] c.z.h.HikariDataSource         : getConnection        : 110        : HikariPool-1 - Starting...
2024-04-16 14:54:43.082 [ INFO] [           main] c.z.h.p.HikariPool             : checkFailFast        : 565        : HikariPool-1 - Added connection com.mysql.cj.jdbc.ConnectionImpl@3751acd7
2024-04-16 14:54:43.082 [ INFO] [           main] c.z.h.HikariDataSource         : getConnection        : 123        : HikariPool-1 - Start completed.
2024-04-16 14:54:43.098 [ INFO] [           main] o.h.j.i.u.LogHelper            : tenceUnitInformation : 31         : HHH000204: Processing PersistenceUnitInfo [name: default]
2024-04-16 14:54:43.122 [ INFO] [           main] o.h.Version                    : logVersion           : 44         : HHH000412: Hibernate ORM core version 6.4.4.Final
2024-04-16 14:54:43.134 [ INFO] [           main] o.h.c.i.RegionFactoryInitiator : initiateService      : 50         : HHH000026: Second-level cache disabled
2024-04-16 14:54:43.211 [ INFO] [           main] .j.p.SpringPersistenceUnitInfo : addTransformer       : 87         : No LoadTimeWeaver setup: ignoring JPA class transformer
2024-04-16 14:54:43.363 [ INFO] [           main] e.t.j.p.i.JtaPlatformInitiator : initiateService      : 58         : HHH000489: No JTA platform available (set 'hibernate.transaction.jta.platform' to enable JTA platform integration)
2024-04-16 14:54:43.365 [ INFO] [           main] tainerEntityManagerFactoryBean : EntityManagerFactory : 437        : Initialized JPA EntityManagerFactory for persistence unit 'default'
2024-04-16 14:54:43.713 [ WARN] [           main] figuration$JpaWebConfiguration : gerInViewInterceptor : 232        : spring.jpa.open-in-view is enabled by default. Therefore, database queries may be performed during view rendering. Explicitly configure spring.jpa.open-in-view to disable this warning
2024-04-16 14:54:43.821 [ INFO] [           main] s.w.DefaultSecurityFilterChain : <init>               : 54         : Will secure any request with [org.springframework.security.web.session.DisableEncodeUrlFilter@7b55fc83, org.springframework.security.web.context.request.async.WebAsyncManagerIntegrationFilter@3615f8d9, org.springframework.security.web.context.SecurityContextHolderFilter@65871cfd, org.springframework.security.web.header.HeaderWriterFilter@5058fefb, org.springframework.web.filter.CorsFilter@5d200dce, org.springframework.security.web.authentication.logout.LogoutFilter@36570936, org.springframework.security.oauth2.client.web.OAuth2AuthorizationRequestRedirectFilter@389a9ff6, org.springframework.security.oauth2.client.web.OAuth2LoginAuthenticationFilter@c3836b6, org.springframework.security.web.authentication.UsernamePasswordAuthenticationFilter@5ff8d76f, org.springframework.security.web.savedrequest.RequestCacheAwareFilter@3bdc8975, org.springframework.security.web.servletapi.SecurityContextHolderAwareRequestFilter@27ea552d, org.springframework.security.web.authentication.AnonymousAuthenticationFilter@1a59500b, org.springframework.security.web.access.ExceptionTranslationFilter@6b3da23f, org.springframework.security.web.access.intercept.AuthorizationFilter@3df54fd5]
2024-04-16 14:54:43.904 [ INFO] [           main] o.a.c.h.Http11NioProtocol      : log                  : 173        : Starting ProtocolHandler ["http-nio-9090"]
2024-04-16 14:54:43.915 [ INFO] [           main] c.i.s.ShoppingMallApplication  : logStarted           : 56         : Started ShoppingMallApplication in 1.622 seconds (process running for 2.176)
2024-04-16 14:54:50.100 [ INFO] [nio-9090-exec-1] o.a.c.c.C.[.[.[/]              : log                  : 173        : Initializing Spring DispatcherServlet 'dispatcherServlet'
2024-04-16 14:54:50.101 [ INFO] [nio-9090-exec-1] o.s.w.s.DispatcherServlet      : initServletBean      : 532        : Initializing Servlet 'dispatcherServlet'
2024-04-16 14:54:50.102 [ INFO] [nio-9090-exec-1] o.s.w.s.DispatcherServlet      : initServletBean      : 554        : Completed initialization in 1 ms
2024-04-16 14:55:38.661 [ INFO] [ionShutdownHook] tainerEntityManagerFactoryBean : destroy              : 650        : Closing JPA EntityManagerFactory for persistence unit 'default'
2024-04-16 14:55:38.662 [ INFO] [ionShutdownHook] c.z.h.HikariDataSource         : close                : 350        : HikariPool-1 - Shutdown initiated...
2024-04-16 14:55:38.664 [ INFO] [ionShutdownHook] c.z.h.HikariDataSource         : close                : 352        : HikariPool-1 - Shutdown completed.
2024-04-16 14:55:39.814 [ INFO] [kground-preinit] o.h.v.i.u.Version              : <clinit>             : 21         : HV000001: Hibernate Validator 8.0.1.Final
2024-04-16 14:55:39.825 [ INFO] [           main] c.i.s.ShoppingMallApplication  : logStarting          : 50         : Starting ShoppingMallApplication using Java 21.0.2 with PID 62780 (/Users/bagsuyeon/Desktop/Team_idle/target/classes started by bagsuyeon in /Users/bagsuyeon/Desktop/Team_idle)
2024-04-16 14:55:39.826 [ INFO] [           main] c.i.s.ShoppingMallApplication  : ogStartupProfileInfo : 654        : No active profile set, falling back to 1 default profile: "default"
2024-04-16 14:55:40.095 [ INFO] [           main] epositoryConfigurationDelegate : gisterRepositoriesIn : 139        : Bootstrapping Spring Data JPA repositories in DEFAULT mode.
2024-04-16 14:55:40.110 [ INFO] [           main] epositoryConfigurationDelegate : gisterRepositoriesIn : 208        : Finished Spring Data repository scanning in 12 ms. Found 0 JPA repository interfaces.
2024-04-16 14:55:40.292 [ INFO] [           main] o.a.c.h.Http11NioProtocol      : log                  : 173        : Initializing ProtocolHandler ["http-nio-9090"]
2024-04-16 14:55:40.293 [ INFO] [           main] o.a.c.c.StandardService        : log                  : 173        : Starting service [Tomcat]
2024-04-16 14:55:40.293 [ INFO] [           main] o.a.c.c.StandardEngine         : log                  : 173        : Starting Servlet engine: [Apache Tomcat/10.1.19]
2024-04-16 14:55:40.309 [ INFO] [           main] o.a.c.c.C.[.[.[/]              : log                  : 173        : Initializing Spring embedded WebApplicationContext
2024-04-16 14:55:40.365 [ INFO] [           main] c.z.h.HikariDataSource         : getConnection        : 110        : HikariPool-1 - Starting...
2024-04-16 14:55:40.508 [ INFO] [           main] c.z.h.p.HikariPool             : checkFailFast        : 565        : HikariPool-1 - Added connection com.mysql.cj.jdbc.ConnectionImpl@664db2ca
2024-04-16 14:55:40.509 [ INFO] [           main] c.z.h.HikariDataSource         : getConnection        : 123        : HikariPool-1 - Start completed.
2024-04-16 14:55:40.524 [ INFO] [           main] o.h.j.i.u.LogHelper            : tenceUnitInformation : 31         : HHH000204: Processing PersistenceUnitInfo [name: default]
2024-04-16 14:55:40.548 [ INFO] [           main] o.h.Version                    : logVersion           : 44         : HHH000412: Hibernate ORM core version 6.4.4.Final
2024-04-16 14:55:40.559 [ INFO] [           main] o.h.c.i.RegionFactoryInitiator : initiateService      : 50         : HHH000026: Second-level cache disabled
2024-04-16 14:55:40.633 [ INFO] [           main] .j.p.SpringPersistenceUnitInfo : addTransformer       : 87         : No LoadTimeWeaver setup: ignoring JPA class transformer
2024-04-16 14:55:40.794 [ INFO] [           main] e.t.j.p.i.JtaPlatformInitiator : initiateService      : 58         : HHH000489: No JTA platform available (set 'hibernate.transaction.jta.platform' to enable JTA platform integration)
2024-04-16 14:55:40.796 [ INFO] [           main] tainerEntityManagerFactoryBean : EntityManagerFactory : 437        : Initialized JPA EntityManagerFactory for persistence unit 'default'
2024-04-16 14:55:41.145 [ WARN] [           main] figuration$JpaWebConfiguration : gerInViewInterceptor : 232        : spring.jpa.open-in-view is enabled by default. Therefore, database queries may be performed during view rendering. Explicitly configure spring.jpa.open-in-view to disable this warning
2024-04-16 14:55:41.254 [ INFO] [           main] s.w.DefaultSecurityFilterChain : <init>               : 54         : Will secure any request with [org.springframework.security.web.session.DisableEncodeUrlFilter@11c40a65, org.springframework.security.web.context.request.async.WebAsyncManagerIntegrationFilter@68c3aa38, org.springframework.security.web.context.SecurityContextHolderFilter@50eae15a, org.springframework.security.web.header.HeaderWriterFilter@12f12744, org.springframework.web.filter.CorsFilter@1196537d, org.springframework.security.web.authentication.logout.LogoutFilter@395c21ee, org.springframework.security.oauth2.client.web.OAuth2AuthorizationRequestRedirectFilter@5dc8448b, org.springframework.security.oauth2.client.web.OAuth2LoginAuthenticationFilter@255b84a9, org.springframework.security.web.authentication.UsernamePasswordAuthenticationFilter@5d200dce, org.springframework.security.web.savedrequest.RequestCacheAwareFilter@5b5f61cc, org.springframework.security.web.servletapi.SecurityContextHolderAwareRequestFilter@39179470, org.springframework.security.web.authentication.AnonymousAuthenticationFilter@267a8777, org.springframework.security.web.access.ExceptionTranslationFilter@775fec4, org.springframework.security.web.access.intercept.AuthorizationFilter@3615f8d9]
2024-04-16 14:55:41.334 [ INFO] [           main] o.a.c.h.Http11NioProtocol      : log                  : 173        : Starting ProtocolHandler ["http-nio-9090"]
2024-04-16 14:55:41.344 [ INFO] [           main] c.i.s.ShoppingMallApplication  : logStarted           : 56         : Started ShoppingMallApplication in 1.727 seconds (process running for 2.008)
2024-04-16 14:55:49.463 [ INFO] [nio-9090-exec-1] o.a.c.c.C.[.[.[/]              : log                  : 173        : Initializing Spring DispatcherServlet 'dispatcherServlet'
2024-04-16 14:55:49.463 [ INFO] [nio-9090-exec-1] o.s.w.s.DispatcherServlet      : initServletBean      : 532        : Initializing Servlet 'dispatcherServlet'
2024-04-16 14:55:49.464 [ INFO] [nio-9090-exec-1] o.s.w.s.DispatcherServlet      : initServletBean      : 554        : Completed initialization in 1 ms
2024-04-16 14:58:09.550 [ INFO] [ionShutdownHook] tainerEntityManagerFactoryBean : destroy              : 650        : Closing JPA EntityManagerFactory for persistence unit 'default'
2024-04-16 14:58:09.552 [ INFO] [ionShutdownHook] c.z.h.HikariDataSource         : close                : 350        : HikariPool-1 - Shutdown initiated...
2024-04-16 14:58:09.555 [ INFO] [ionShutdownHook] c.z.h.HikariDataSource         : close                : 352        : HikariPool-1 - Shutdown completed.
2024-04-16 14:58:10.852 [ INFO] [kground-preinit] o.h.v.i.u.Version              : <clinit>             : 21         : HV000001: Hibernate Validator 8.0.1.Final
2024-04-16 14:58:10.862 [ INFO] [           main] c.i.s.ShoppingMallApplication  : logStarting          : 50         : Starting ShoppingMallApplication using Java 21.0.2 with PID 62823 (/Users/bagsuyeon/Desktop/Team_idle/target/classes started by bagsuyeon in /Users/bagsuyeon/Desktop/Team_idle)
2024-04-16 14:58:10.863 [ INFO] [           main] c.i.s.ShoppingMallApplication  : ogStartupProfileInfo : 654        : No active profile set, falling back to 1 default profile: "default"
2024-04-16 14:58:11.138 [ INFO] [           main] epositoryConfigurationDelegate : gisterRepositoriesIn : 139        : Bootstrapping Spring Data JPA repositories in DEFAULT mode.
2024-04-16 14:58:11.149 [ INFO] [           main] epositoryConfigurationDelegate : gisterRepositoriesIn : 208        : Finished Spring Data repository scanning in 7 ms. Found 0 JPA repository interfaces.
2024-04-16 14:58:11.331 [ INFO] [           main] o.a.c.h.Http11NioProtocol      : log                  : 173        : Initializing ProtocolHandler ["http-nio-9090"]
2024-04-16 14:58:11.332 [ INFO] [           main] o.a.c.c.StandardService        : log                  : 173        : Starting service [Tomcat]
2024-04-16 14:58:11.332 [ INFO] [           main] o.a.c.c.StandardEngine         : log                  : 173        : Starting Servlet engine: [Apache Tomcat/10.1.19]
2024-04-16 14:58:11.350 [ INFO] [           main] o.a.c.c.C.[.[.[/]              : log                  : 173        : Initializing Spring embedded WebApplicationContext
2024-04-16 14:58:11.410 [ INFO] [           main] c.z.h.HikariDataSource         : getConnection        : 110        : HikariPool-1 - Starting...
2024-04-16 14:58:11.557 [ INFO] [           main] c.z.h.p.HikariPool             : checkFailFast        : 565        : HikariPool-1 - Added connection com.mysql.cj.jdbc.ConnectionImpl@591f6f83
2024-04-16 14:58:11.558 [ INFO] [           main] c.z.h.HikariDataSource         : getConnection        : 123        : HikariPool-1 - Start completed.
2024-04-16 14:58:11.574 [ INFO] [           main] o.h.j.i.u.LogHelper            : tenceUnitInformation : 31         : HHH000204: Processing PersistenceUnitInfo [name: default]
2024-04-16 14:58:11.597 [ INFO] [           main] o.h.Version                    : logVersion           : 44         : HHH000412: Hibernate ORM core version 6.4.4.Final
2024-04-16 14:58:11.608 [ INFO] [           main] o.h.c.i.RegionFactoryInitiator : initiateService      : 50         : HHH000026: Second-level cache disabled
2024-04-16 14:58:11.681 [ INFO] [           main] .j.p.SpringPersistenceUnitInfo : addTransformer       : 87         : No LoadTimeWeaver setup: ignoring JPA class transformer
2024-04-16 14:58:11.841 [ INFO] [           main] e.t.j.p.i.JtaPlatformInitiator : initiateService      : 58         : HHH000489: No JTA platform available (set 'hibernate.transaction.jta.platform' to enable JTA platform integration)
2024-04-16 14:58:11.843 [ INFO] [           main] tainerEntityManagerFactoryBean : EntityManagerFactory : 437        : Initialized JPA EntityManagerFactory for persistence unit 'default'
2024-04-16 14:58:12.192 [ WARN] [           main] figuration$JpaWebConfiguration : gerInViewInterceptor : 232        : spring.jpa.open-in-view is enabled by default. Therefore, database queries may be performed during view rendering. Explicitly configure spring.jpa.open-in-view to disable this warning
2024-04-16 14:58:12.301 [ INFO] [           main] s.w.DefaultSecurityFilterChain : <init>               : 54         : Will secure any request with [org.springframework.security.web.session.DisableEncodeUrlFilter@ae5d544, org.springframework.security.web.context.request.async.WebAsyncManagerIntegrationFilter@5aec151b, org.springframework.security.web.context.SecurityContextHolderFilter@2be208db, org.springframework.security.web.header.HeaderWriterFilter@27ea552d, org.springframework.web.filter.CorsFilter@74cf2d5f, org.springframework.security.web.authentication.logout.LogoutFilter@50eae15a, org.springframework.security.oauth2.client.web.OAuth2AuthorizationRequestRedirectFilter@7b55fc83, org.springframework.security.oauth2.client.web.OAuth2LoginAuthenticationFilter@1a59500b, org.springframework.security.web.authentication.UsernamePasswordAuthenticationFilter@487bc2fe, org.springframework.security.web.savedrequest.RequestCacheAwareFilter@1ae90cb9, org.springframework.security.web.servletapi.SecurityContextHolderAwareRequestFilter@3b62c51e, org.springframework.security.web.authentication.AnonymousAuthenticationFilter@14b9817b, org.springframework.security.web.access.ExceptionTranslationFilter@723f8990, org.springframework.security.web.access.intercept.AuthorizationFilter@2cdd156b]
2024-04-16 14:58:12.379 [ INFO] [           main] o.a.c.h.Http11NioProtocol      : log                  : 173        : Starting ProtocolHandler ["http-nio-9090"]
2024-04-16 14:58:12.389 [ INFO] [           main] c.i.s.ShoppingMallApplication  : logStarted           : 56         : Started ShoppingMallApplication in 1.651 seconds (process running for 2.145)
2024-04-16 14:58:16.639 [ INFO] [nio-9090-exec-1] o.a.c.c.C.[.[.[/]              : log                  : 173        : Initializing Spring DispatcherServlet 'dispatcherServlet'
2024-04-16 14:58:16.640 [ INFO] [nio-9090-exec-1] o.s.w.s.DispatcherServlet      : initServletBean      : 532        : Initializing Servlet 'dispatcherServlet'
2024-04-16 14:58:16.641 [ INFO] [nio-9090-exec-1] o.s.w.s.DispatcherServlet      : initServletBean      : 554        : Completed initialization in 1 ms
2024-04-16 14:59:39.452 [ INFO] [ionShutdownHook] tainerEntityManagerFactoryBean : destroy              : 650        : Closing JPA EntityManagerFactory for persistence unit 'default'
2024-04-16 14:59:39.453 [ INFO] [ionShutdownHook] c.z.h.HikariDataSource         : close                : 350        : HikariPool-1 - Shutdown initiated...
2024-04-16 14:59:39.455 [ INFO] [ionShutdownHook] c.z.h.HikariDataSource         : close                : 352        : HikariPool-1 - Shutdown completed.
2024-04-16 14:59:40.677 [ INFO] [kground-preinit] o.h.v.i.u.Version              : <clinit>             : 21         : HV000001: Hibernate Validator 8.0.1.Final
2024-04-16 14:59:40.693 [ INFO] [           main] c.i.s.ShoppingMallApplication  : logStarting          : 50         : Starting ShoppingMallApplication using Java 21.0.2 with PID 62843 (/Users/bagsuyeon/Desktop/Team_idle/target/classes started by bagsuyeon in /Users/bagsuyeon/Desktop/Team_idle)
2024-04-16 14:59:40.695 [ INFO] [           main] c.i.s.ShoppingMallApplication  : ogStartupProfileInfo : 654        : No active profile set, falling back to 1 default profile: "default"
2024-04-16 14:59:40.997 [ INFO] [           main] epositoryConfigurationDelegate : gisterRepositoriesIn : 139        : Bootstrapping Spring Data JPA repositories in DEFAULT mode.
2024-04-16 14:59:41.011 [ INFO] [           main] epositoryConfigurationDelegate : gisterRepositoriesIn : 208        : Finished Spring Data repository scanning in 11 ms. Found 0 JPA repository interfaces.
2024-04-16 14:59:41.188 [ INFO] [           main] o.a.c.h.Http11NioProtocol      : log                  : 173        : Initializing ProtocolHandler ["http-nio-9090"]
2024-04-16 14:59:41.189 [ INFO] [           main] o.a.c.c.StandardService        : log                  : 173        : Starting service [Tomcat]
2024-04-16 14:59:41.189 [ INFO] [           main] o.a.c.c.StandardEngine         : log                  : 173        : Starting Servlet engine: [Apache Tomcat/10.1.19]
2024-04-16 14:59:41.204 [ INFO] [           main] o.a.c.c.C.[.[.[/]              : log                  : 173        : Initializing Spring embedded WebApplicationContext
2024-04-16 14:59:41.259 [ INFO] [           main] c.z.h.HikariDataSource         : getConnection        : 110        : HikariPool-1 - Starting...
2024-04-16 14:59:41.414 [ INFO] [           main] c.z.h.p.HikariPool             : checkFailFast        : 565        : HikariPool-1 - Added connection com.mysql.cj.jdbc.ConnectionImpl@2b44605c
2024-04-16 14:59:41.415 [ INFO] [           main] c.z.h.HikariDataSource         : getConnection        : 123        : HikariPool-1 - Start completed.
2024-04-16 14:59:41.432 [ INFO] [           main] o.h.j.i.u.LogHelper            : tenceUnitInformation : 31         : HHH000204: Processing PersistenceUnitInfo [name: default]
2024-04-16 14:59:41.455 [ INFO] [           main] o.h.Version                    : logVersion           : 44         : HHH000412: Hibernate ORM core version 6.4.4.Final
2024-04-16 14:59:41.468 [ INFO] [           main] o.h.c.i.RegionFactoryInitiator : initiateService      : 50         : HHH000026: Second-level cache disabled
2024-04-16 14:59:41.552 [ INFO] [           main] .j.p.SpringPersistenceUnitInfo : addTransformer       : 87         : No LoadTimeWeaver setup: ignoring JPA class transformer
2024-04-16 14:59:41.740 [ INFO] [           main] e.t.j.p.i.JtaPlatformInitiator : initiateService      : 58         : HHH000489: No JTA platform available (set 'hibernate.transaction.jta.platform' to enable JTA platform integration)
2024-04-16 14:59:41.742 [ INFO] [           main] tainerEntityManagerFactoryBean : EntityManagerFactory : 437        : Initialized JPA EntityManagerFactory for persistence unit 'default'
2024-04-16 14:59:42.113 [ WARN] [           main] figuration$JpaWebConfiguration : gerInViewInterceptor : 232        : spring.jpa.open-in-view is enabled by default. Therefore, database queries may be performed during view rendering. Explicitly configure spring.jpa.open-in-view to disable this warning
2024-04-16 14:59:42.222 [ INFO] [           main] s.w.DefaultSecurityFilterChain : <init>               : 54         : Will secure any request with [org.springframework.security.web.session.DisableEncodeUrlFilter@5aec151b, org.springframework.security.web.context.request.async.WebAsyncManagerIntegrationFilter@74cf2d5f, org.springframework.security.web.context.SecurityContextHolderFilter@5ed463b7, org.springframework.security.web.header.HeaderWriterFilter@7a57c5d9, org.springframework.web.filter.CorsFilter@14b9817b, org.springframework.security.web.authentication.logout.LogoutFilter@4bba2704, org.springframework.security.oauth2.client.web.OAuth2AuthorizationRequestRedirectFilter@3615f8d9, org.springframework.security.oauth2.client.web.OAuth2LoginAuthenticationFilter@4e3c0627, org.springframework.security.web.authentication.UsernamePasswordAuthenticationFilter@58038583, org.springframework.security.web.savedrequest.RequestCacheAwareFilter@3b62c51e, org.springframework.security.web.servletapi.SecurityContextHolderAwareRequestFilter@7db679, org.springframework.security.web.authentication.AnonymousAuthenticationFilter@3052395d, org.springframework.security.web.access.ExceptionTranslationFilter@3bdc8975, org.springframework.security.web.access.intercept.AuthorizationFilter@487bc2fe]
2024-04-16 14:59:42.298 [ INFO] [           main] o.a.c.h.Http11NioProtocol      : log                  : 173        : Starting ProtocolHandler ["http-nio-9090"]
2024-04-16 14:59:42.308 [ INFO] [           main] c.i.s.ShoppingMallApplication  : logStarted           : 56         : Started ShoppingMallApplication in 1.857 seconds (process running for 2.15)
2024-04-16 14:59:46.076 [ INFO] [nio-9090-exec-1] o.a.c.c.C.[.[.[/]              : log                  : 173        : Initializing Spring DispatcherServlet 'dispatcherServlet'
2024-04-16 14:59:46.077 [ INFO] [nio-9090-exec-1] o.s.w.s.DispatcherServlet      : initServletBean      : 532        : Initializing Servlet 'dispatcherServlet'
2024-04-16 14:59:46.078 [ INFO] [nio-9090-exec-1] o.s.w.s.DispatcherServlet      : initServletBean      : 554        : Completed initialization in 1 ms
2024-04-16 15:06:17.646 [ INFO] [ionShutdownHook] tainerEntityManagerFactoryBean : destroy              : 650        : Closing JPA EntityManagerFactory for persistence unit 'default'
2024-04-16 15:06:17.647 [ INFO] [ionShutdownHook] c.z.h.HikariDataSource         : close                : 350        : HikariPool-1 - Shutdown initiated...
2024-04-16 15:06:17.649 [ INFO] [ionShutdownHook] c.z.h.HikariDataSource         : close                : 352        : HikariPool-1 - Shutdown completed.
2024-04-16 15:06:18.850 [ INFO] [kground-preinit] o.h.v.i.u.Version              : <clinit>             : 21         : HV000001: Hibernate Validator 8.0.1.Final
2024-04-16 15:06:18.867 [ INFO] [           main] c.i.s.ShoppingMallApplication  : logStarting          : 50         : Starting ShoppingMallApplication using Java 21.0.2 with PID 62935 (/Users/bagsuyeon/Desktop/Team_idle/target/classes started by bagsuyeon in /Users/bagsuyeon/Desktop/Team_idle)
2024-04-16 15:06:18.868 [ INFO] [           main] c.i.s.ShoppingMallApplication  : ogStartupProfileInfo : 654        : No active profile set, falling back to 1 default profile: "default"
2024-04-16 15:06:19.210 [ INFO] [           main] epositoryConfigurationDelegate : gisterRepositoriesIn : 139        : Bootstrapping Spring Data JPA repositories in DEFAULT mode.
2024-04-16 15:06:19.221 [ INFO] [           main] epositoryConfigurationDelegate : gisterRepositoriesIn : 208        : Finished Spring Data repository scanning in 7 ms. Found 0 JPA repository interfaces.
2024-04-16 15:06:19.398 [ INFO] [           main] o.a.c.h.Http11NioProtocol      : log                  : 173        : Initializing ProtocolHandler ["http-nio-9090"]
2024-04-16 15:06:19.399 [ INFO] [           main] o.a.c.c.StandardService        : log                  : 173        : Starting service [Tomcat]
2024-04-16 15:06:19.399 [ INFO] [           main] o.a.c.c.StandardEngine         : log                  : 173        : Starting Servlet engine: [Apache Tomcat/10.1.19]
2024-04-16 15:06:19.414 [ INFO] [           main] o.a.c.c.C.[.[.[/]              : log                  : 173        : Initializing Spring embedded WebApplicationContext
2024-04-16 15:06:19.468 [ INFO] [           main] c.z.h.HikariDataSource         : getConnection        : 110        : HikariPool-1 - Starting...
2024-04-16 15:06:19.580 [ INFO] [           main] c.z.h.p.HikariPool             : checkFailFast        : 565        : HikariPool-1 - Added connection com.mysql.cj.jdbc.ConnectionImpl@554566a8
2024-04-16 15:06:19.581 [ INFO] [           main] c.z.h.HikariDataSource         : getConnection        : 123        : HikariPool-1 - Start completed.
2024-04-16 15:06:19.597 [ INFO] [           main] o.h.j.i.u.LogHelper            : tenceUnitInformation : 31         : HHH000204: Processing PersistenceUnitInfo [name: default]
2024-04-16 15:06:19.619 [ INFO] [           main] o.h.Version                    : logVersion           : 44         : HHH000412: Hibernate ORM core version 6.4.4.Final
2024-04-16 15:06:19.631 [ INFO] [           main] o.h.c.i.RegionFactoryInitiator : initiateService      : 50         : HHH000026: Second-level cache disabled
2024-04-16 15:06:19.708 [ INFO] [           main] .j.p.SpringPersistenceUnitInfo : addTransformer       : 87         : No LoadTimeWeaver setup: ignoring JPA class transformer
2024-04-16 15:06:19.865 [ INFO] [           main] e.t.j.p.i.JtaPlatformInitiator : initiateService      : 58         : HHH000489: No JTA platform available (set 'hibernate.transaction.jta.platform' to enable JTA platform integration)
2024-04-16 15:06:19.866 [ INFO] [           main] tainerEntityManagerFactoryBean : EntityManagerFactory : 437        : Initialized JPA EntityManagerFactory for persistence unit 'default'
2024-04-16 15:06:20.209 [ WARN] [           main] figuration$JpaWebConfiguration : gerInViewInterceptor : 232        : spring.jpa.open-in-view is enabled by default. Therefore, database queries may be performed during view rendering. Explicitly configure spring.jpa.open-in-view to disable this warning
2024-04-16 15:06:20.313 [ INFO] [           main] s.w.DefaultSecurityFilterChain : <init>               : 54         : Will secure any request with [org.springframework.security.web.session.DisableEncodeUrlFilter@363e2009, org.springframework.security.web.context.request.async.WebAsyncManagerIntegrationFilter@7b55fc83, org.springframework.security.web.context.SecurityContextHolderFilter@1f207142, org.springframework.security.web.header.HeaderWriterFilter@69c263f8, org.springframework.web.filter.CorsFilter@3615f8d9, org.springframework.security.web.authentication.logout.LogoutFilter@7e4c0bc7, org.springframework.security.oauth2.client.web.OAuth2AuthorizationRequestRedirectFilter@18f794e, org.springframework.security.oauth2.client.web.OAuth2LoginAuthenticationFilter@76876421, org.springframework.security.web.authentication.UsernamePasswordAuthenticationFilter@3df54fd5, org.springframework.security.web.savedrequest.RequestCacheAwareFilter@723f8990, org.springframework.security.web.servletapi.SecurityContextHolderAwareRequestFilter@3bdc8975, org.springframework.security.web.authentication.AnonymousAuthenticationFilter@5d200dce, org.springframework.security.web.access.ExceptionTranslationFilter@5183131d, org.springframework.security.web.access.intercept.AuthorizationFilter@1a82453]
2024-04-16 15:06:20.394 [ INFO] [           main] o.a.c.h.Http11NioProtocol      : log                  : 173        : Starting ProtocolHandler ["http-nio-9090"]
2024-04-16 15:06:20.403 [ INFO] [           main] c.i.s.ShoppingMallApplication  : logStarted           : 56         : Started ShoppingMallApplication in 1.779 seconds (process running for 2.062)
2024-04-16 15:06:29.148 [ INFO] [nio-9090-exec-1] o.a.c.c.C.[.[.[/]              : log                  : 173        : Initializing Spring DispatcherServlet 'dispatcherServlet'
2024-04-16 15:06:29.148 [ INFO] [nio-9090-exec-1] o.s.w.s.DispatcherServlet      : initServletBean      : 532        : Initializing Servlet 'dispatcherServlet'
2024-04-16 15:06:29.149 [ INFO] [nio-9090-exec-1] o.s.w.s.DispatcherServlet      : initServletBean      : 554        : Completed initialization in 1 ms
2024-04-16 15:09:16.575 [ INFO] [ionShutdownHook] tainerEntityManagerFactoryBean : destroy              : 650        : Closing JPA EntityManagerFactory for persistence unit 'default'
2024-04-16 15:09:16.576 [ INFO] [ionShutdownHook] c.z.h.HikariDataSource         : close                : 350        : HikariPool-1 - Shutdown initiated...
2024-04-16 15:09:16.578 [ INFO] [ionShutdownHook] c.z.h.HikariDataSource         : close                : 352        : HikariPool-1 - Shutdown completed.
2024-04-16 15:09:17.726 [ INFO] [kground-preinit] o.h.v.i.u.Version              : <clinit>             : 21         : HV000001: Hibernate Validator 8.0.1.Final
2024-04-16 15:09:17.738 [ INFO] [           main] c.i.s.ShoppingMallApplication  : logStarting          : 50         : Starting ShoppingMallApplication using Java 21.0.2 with PID 62949 (/Users/bagsuyeon/Desktop/Team_idle/target/classes started by bagsuyeon in /Users/bagsuyeon/Desktop/Team_idle)
2024-04-16 15:09:17.739 [ INFO] [           main] c.i.s.ShoppingMallApplication  : ogStartupProfileInfo : 654        : No active profile set, falling back to 1 default profile: "default"
2024-04-16 15:09:18.014 [ INFO] [           main] epositoryConfigurationDelegate : gisterRepositoriesIn : 139        : Bootstrapping Spring Data JPA repositories in DEFAULT mode.
2024-04-16 15:09:18.025 [ INFO] [           main] epositoryConfigurationDelegate : gisterRepositoriesIn : 208        : Finished Spring Data repository scanning in 7 ms. Found 0 JPA repository interfaces.
2024-04-16 15:09:18.208 [ INFO] [           main] o.a.c.h.Http11NioProtocol      : log                  : 173        : Initializing ProtocolHandler ["http-nio-9090"]
2024-04-16 15:09:18.209 [ INFO] [           main] o.a.c.c.StandardService        : log                  : 173        : Starting service [Tomcat]
2024-04-16 15:09:18.209 [ INFO] [           main] o.a.c.c.StandardEngine         : log                  : 173        : Starting Servlet engine: [Apache Tomcat/10.1.19]
2024-04-16 15:09:18.225 [ INFO] [           main] o.a.c.c.C.[.[.[/]              : log                  : 173        : Initializing Spring embedded WebApplicationContext
2024-04-16 15:09:18.287 [ INFO] [           main] c.z.h.HikariDataSource         : getConnection        : 110        : HikariPool-1 - Starting...
2024-04-16 15:09:18.612 [ INFO] [           main] c.z.h.p.HikariPool             : checkFailFast        : 565        : HikariPool-1 - Added connection com.mysql.cj.jdbc.ConnectionImpl@423f8a73
2024-04-16 15:09:18.613 [ INFO] [           main] c.z.h.HikariDataSource         : getConnection        : 123        : HikariPool-1 - Start completed.
2024-04-16 15:09:18.638 [ INFO] [           main] o.h.j.i.u.LogHelper            : tenceUnitInformation : 31         : HHH000204: Processing PersistenceUnitInfo [name: default]
2024-04-16 15:09:18.665 [ INFO] [           main] o.h.Version                    : logVersion           : 44         : HHH000412: Hibernate ORM core version 6.4.4.Final
2024-04-16 15:09:18.678 [ INFO] [           main] o.h.c.i.RegionFactoryInitiator : initiateService      : 50         : HHH000026: Second-level cache disabled
2024-04-16 15:09:18.756 [ INFO] [           main] .j.p.SpringPersistenceUnitInfo : addTransformer       : 87         : No LoadTimeWeaver setup: ignoring JPA class transformer
2024-04-16 15:09:18.954 [ INFO] [           main] e.t.j.p.i.JtaPlatformInitiator : initiateService      : 58         : HHH000489: No JTA platform available (set 'hibernate.transaction.jta.platform' to enable JTA platform integration)
2024-04-16 15:09:18.956 [ INFO] [           main] tainerEntityManagerFactoryBean : EntityManagerFactory : 437        : Initialized JPA EntityManagerFactory for persistence unit 'default'
2024-04-16 15:09:19.306 [ WARN] [           main] figuration$JpaWebConfiguration : gerInViewInterceptor : 232        : spring.jpa.open-in-view is enabled by default. Therefore, database queries may be performed during view rendering. Explicitly configure spring.jpa.open-in-view to disable this warning
2024-04-16 15:09:19.416 [ INFO] [           main] s.w.DefaultSecurityFilterChain : <init>               : 54         : Will secure any request with [org.springframework.security.web.session.DisableEncodeUrlFilter@11c40a65, org.springframework.security.web.context.request.async.WebAsyncManagerIntegrationFilter@68c3aa38, org.springframework.security.web.context.SecurityContextHolderFilter@50eae15a, org.springframework.security.web.header.HeaderWriterFilter@12f12744, org.springframework.web.filter.CorsFilter@1196537d, org.springframework.security.web.authentication.logout.LogoutFilter@395c21ee, org.springframework.security.oauth2.client.web.OAuth2AuthorizationRequestRedirectFilter@5dc8448b, org.springframework.security.oauth2.client.web.OAuth2LoginAuthenticationFilter@255b84a9, org.springframework.security.web.authentication.UsernamePasswordAuthenticationFilter@5d200dce, org.springframework.security.web.savedrequest.RequestCacheAwareFilter@5b5f61cc, org.springframework.security.web.servletapi.SecurityContextHolderAwareRequestFilter@39179470, org.springframework.security.web.authentication.AnonymousAuthenticationFilter@267a8777, org.springframework.security.web.access.ExceptionTranslationFilter@775fec4, org.springframework.security.web.access.intercept.AuthorizationFilter@3615f8d9]
2024-04-16 15:09:19.493 [ INFO] [           main] o.a.c.h.Http11NioProtocol      : log                  : 173        : Starting ProtocolHandler ["http-nio-9090"]
2024-04-16 15:09:19.502 [ INFO] [           main] c.i.s.ShoppingMallApplication  : logStarted           : 56         : Started ShoppingMallApplication in 1.959 seconds (process running for 2.242)
2024-04-16 15:09:24.970 [ INFO] [nio-9090-exec-1] o.a.c.c.C.[.[.[/]              : log                  : 173        : Initializing Spring DispatcherServlet 'dispatcherServlet'
2024-04-16 15:09:24.970 [ INFO] [nio-9090-exec-1] o.s.w.s.DispatcherServlet      : initServletBean      : 532        : Initializing Servlet 'dispatcherServlet'
2024-04-16 15:09:24.972 [ INFO] [nio-9090-exec-1] o.s.w.s.DispatcherServlet      : initServletBean      : 554        : Completed initialization in 1 ms
2024-04-16 15:15:24.251 [ INFO] [ionShutdownHook] tainerEntityManagerFactoryBean : destroy              : 650        : Closing JPA EntityManagerFactory for persistence unit 'default'
2024-04-16 15:15:24.252 [ INFO] [ionShutdownHook] c.z.h.HikariDataSource         : close                : 350        : HikariPool-1 - Shutdown initiated...
2024-04-16 15:15:24.255 [ INFO] [ionShutdownHook] c.z.h.HikariDataSource         : close                : 352        : HikariPool-1 - Shutdown completed.
2024-04-16 15:15:25.448 [ INFO] [kground-preinit] o.h.v.i.u.Version              : <clinit>             : 21         : HV000001: Hibernate Validator 8.0.1.Final
2024-04-16 15:15:25.459 [ INFO] [           main] c.i.s.ShoppingMallApplication  : logStarting          : 50         : Starting ShoppingMallApplication using Java 21.0.2 with PID 62990 (/Users/bagsuyeon/Desktop/Team_idle/target/classes started by bagsuyeon in /Users/bagsuyeon/Desktop/Team_idle)
2024-04-16 15:15:25.460 [ INFO] [           main] c.i.s.ShoppingMallApplication  : ogStartupProfileInfo : 654        : No active profile set, falling back to 1 default profile: "default"
2024-04-16 15:15:25.734 [ INFO] [           main] epositoryConfigurationDelegate : gisterRepositoriesIn : 139        : Bootstrapping Spring Data JPA repositories in DEFAULT mode.
2024-04-16 15:15:25.745 [ INFO] [           main] epositoryConfigurationDelegate : gisterRepositoriesIn : 208        : Finished Spring Data repository scanning in 8 ms. Found 0 JPA repository interfaces.
2024-04-16 15:15:25.929 [ INFO] [           main] o.a.c.h.Http11NioProtocol      : log                  : 173        : Initializing ProtocolHandler ["http-nio-9090"]
2024-04-16 15:15:25.929 [ INFO] [           main] o.a.c.c.StandardService        : log                  : 173        : Starting service [Tomcat]
2024-04-16 15:15:25.929 [ INFO] [           main] o.a.c.c.StandardEngine         : log                  : 173        : Starting Servlet engine: [Apache Tomcat/10.1.19]
2024-04-16 15:15:25.945 [ INFO] [           main] o.a.c.c.C.[.[.[/]              : log                  : 173        : Initializing Spring embedded WebApplicationContext
2024-04-16 15:15:26.001 [ INFO] [           main] c.z.h.HikariDataSource         : getConnection        : 110        : HikariPool-1 - Starting...
2024-04-16 15:15:26.165 [ INFO] [           main] c.z.h.p.HikariPool             : checkFailFast        : 565        : HikariPool-1 - Added connection com.mysql.cj.jdbc.ConnectionImpl@664db2ca
2024-04-16 15:15:26.166 [ INFO] [           main] c.z.h.HikariDataSource         : getConnection        : 123        : HikariPool-1 - Start completed.
2024-04-16 15:15:26.182 [ INFO] [           main] o.h.j.i.u.LogHelper            : tenceUnitInformation : 31         : HHH000204: Processing PersistenceUnitInfo [name: default]
2024-04-16 15:15:26.206 [ INFO] [           main] o.h.Version                    : logVersion           : 44         : HHH000412: Hibernate ORM core version 6.4.4.Final
2024-04-16 15:15:26.219 [ INFO] [           main] o.h.c.i.RegionFactoryInitiator : initiateService      : 50         : HHH000026: Second-level cache disabled
2024-04-16 15:15:26.298 [ INFO] [           main] .j.p.SpringPersistenceUnitInfo : addTransformer       : 87         : No LoadTimeWeaver setup: ignoring JPA class transformer
2024-04-16 15:15:26.457 [ INFO] [           main] e.t.j.p.i.JtaPlatformInitiator : initiateService      : 58         : HHH000489: No JTA platform available (set 'hibernate.transaction.jta.platform' to enable JTA platform integration)
2024-04-16 15:15:26.459 [ INFO] [           main] tainerEntityManagerFactoryBean : EntityManagerFactory : 437        : Initialized JPA EntityManagerFactory for persistence unit 'default'
2024-04-16 15:15:26.813 [ WARN] [           main] figuration$JpaWebConfiguration : gerInViewInterceptor : 232        : spring.jpa.open-in-view is enabled by default. Therefore, database queries may be performed during view rendering. Explicitly configure spring.jpa.open-in-view to disable this warning
2024-04-16 15:15:26.922 [ INFO] [           main] s.w.DefaultSecurityFilterChain : <init>               : 54         : Will secure any request with [org.springframework.security.web.session.DisableEncodeUrlFilter@11c40a65, org.springframework.security.web.context.request.async.WebAsyncManagerIntegrationFilter@68c3aa38, org.springframework.security.web.context.SecurityContextHolderFilter@50eae15a, org.springframework.security.web.header.HeaderWriterFilter@12f12744, org.springframework.web.filter.CorsFilter@1196537d, org.springframework.security.web.authentication.logout.LogoutFilter@395c21ee, org.springframework.security.oauth2.client.web.OAuth2AuthorizationRequestRedirectFilter@5dc8448b, org.springframework.security.oauth2.client.web.OAuth2LoginAuthenticationFilter@255b84a9, org.springframework.security.web.authentication.UsernamePasswordAuthenticationFilter@5d200dce, org.springframework.security.web.savedrequest.RequestCacheAwareFilter@5b5f61cc, org.springframework.security.web.servletapi.SecurityContextHolderAwareRequestFilter@39179470, org.springframework.security.web.authentication.AnonymousAuthenticationFilter@267a8777, org.springframework.security.web.access.ExceptionTranslationFilter@775fec4, org.springframework.security.web.access.intercept.AuthorizationFilter@3615f8d9]
2024-04-16 15:15:27.000 [ INFO] [           main] o.a.c.h.Http11NioProtocol      : log                  : 173        : Starting ProtocolHandler ["http-nio-9090"]
2024-04-16 15:15:27.010 [ INFO] [           main] c.i.s.ShoppingMallApplication  : logStarted           : 56         : Started ShoppingMallApplication in 1.753 seconds (process running for 2.033)
2024-04-16 15:15:35.609 [ INFO] [nio-9090-exec-1] o.a.c.c.C.[.[.[/]              : log                  : 173        : Initializing Spring DispatcherServlet 'dispatcherServlet'
2024-04-16 15:15:35.609 [ INFO] [nio-9090-exec-1] o.s.w.s.DispatcherServlet      : initServletBean      : 532        : Initializing Servlet 'dispatcherServlet'
2024-04-16 15:15:35.611 [ INFO] [nio-9090-exec-1] o.s.w.s.DispatcherServlet      : initServletBean      : 554        : Completed initialization in 2 ms
2024-04-16 15:17:50.260 [ INFO] [ionShutdownHook] tainerEntityManagerFactoryBean : destroy              : 650        : Closing JPA EntityManagerFactory for persistence unit 'default'
2024-04-16 15:17:50.262 [ INFO] [ionShutdownHook] c.z.h.HikariDataSource         : close                : 350        : HikariPool-1 - Shutdown initiated...
2024-04-16 15:17:50.265 [ INFO] [ionShutdownHook] c.z.h.HikariDataSource         : close                : 352        : HikariPool-1 - Shutdown completed.
2024-04-16 15:17:51.622 [ INFO] [kground-preinit] o.h.v.i.u.Version              : <clinit>             : 21         : HV000001: Hibernate Validator 8.0.1.Final
2024-04-16 15:17:51.633 [ INFO] [           main] c.i.s.ShoppingMallApplication  : logStarting          : 50         : Starting ShoppingMallApplication using Java 21.0.2 with PID 63016 (/Users/bagsuyeon/Desktop/Team_idle/target/classes started by bagsuyeon in /Users/bagsuyeon/Desktop/Team_idle)
2024-04-16 15:17:51.634 [ INFO] [           main] c.i.s.ShoppingMallApplication  : ogStartupProfileInfo : 654        : No active profile set, falling back to 1 default profile: "default"
2024-04-16 15:17:51.911 [ INFO] [           main] epositoryConfigurationDelegate : gisterRepositoriesIn : 139        : Bootstrapping Spring Data JPA repositories in DEFAULT mode.
2024-04-16 15:17:51.922 [ INFO] [           main] epositoryConfigurationDelegate : gisterRepositoriesIn : 208        : Finished Spring Data repository scanning in 8 ms. Found 0 JPA repository interfaces.
2024-04-16 15:17:52.114 [ INFO] [           main] o.a.c.h.Http11NioProtocol      : log                  : 173        : Initializing ProtocolHandler ["http-nio-9090"]
2024-04-16 15:17:52.115 [ INFO] [           main] o.a.c.c.StandardService        : log                  : 173        : Starting service [Tomcat]
2024-04-16 15:17:52.115 [ INFO] [           main] o.a.c.c.StandardEngine         : log                  : 173        : Starting Servlet engine: [Apache Tomcat/10.1.19]
2024-04-16 15:17:52.133 [ INFO] [           main] o.a.c.c.C.[.[.[/]              : log                  : 173        : Initializing Spring embedded WebApplicationContext
2024-04-16 15:17:52.179 [ INFO] [           main] c.z.h.HikariDataSource         : getConnection        : 110        : HikariPool-1 - Starting...
2024-04-16 15:17:52.868 [ INFO] [           main] c.z.h.p.HikariPool             : checkFailFast        : 565        : HikariPool-1 - Added connection com.mysql.cj.jdbc.ConnectionImpl@3751acd7
2024-04-16 15:17:52.871 [ INFO] [           main] c.z.h.HikariDataSource         : getConnection        : 123        : HikariPool-1 - Start completed.
2024-04-16 15:17:52.908 [ INFO] [           main] o.h.j.i.u.LogHelper            : tenceUnitInformation : 31         : HHH000204: Processing PersistenceUnitInfo [name: default]
2024-04-16 15:17:52.937 [ INFO] [           main] o.h.Version                    : logVersion           : 44         : HHH000412: Hibernate ORM core version 6.4.4.Final
2024-04-16 15:17:52.951 [ INFO] [           main] o.h.c.i.RegionFactoryInitiator : initiateService      : 50         : HHH000026: Second-level cache disabled
2024-04-16 15:17:53.034 [ INFO] [           main] .j.p.SpringPersistenceUnitInfo : addTransformer       : 87         : No LoadTimeWeaver setup: ignoring JPA class transformer
2024-04-16 15:17:53.249 [ INFO] [           main] e.t.j.p.i.JtaPlatformInitiator : initiateService      : 58         : HHH000489: No JTA platform available (set 'hibernate.transaction.jta.platform' to enable JTA platform integration)
2024-04-16 15:17:53.250 [ INFO] [           main] tainerEntityManagerFactoryBean : EntityManagerFactory : 437        : Initialized JPA EntityManagerFactory for persistence unit 'default'
2024-04-16 15:17:53.593 [ WARN] [           main] figuration$JpaWebConfiguration : gerInViewInterceptor : 232        : spring.jpa.open-in-view is enabled by default. Therefore, database queries may be performed during view rendering. Explicitly configure spring.jpa.open-in-view to disable this warning
2024-04-16 15:17:53.699 [ INFO] [           main] s.w.DefaultSecurityFilterChain : <init>               : 54         : Will secure any request with [org.springframework.security.web.session.DisableEncodeUrlFilter@7b55fc83, org.springframework.security.web.context.request.async.WebAsyncManagerIntegrationFilter@3615f8d9, org.springframework.security.web.context.SecurityContextHolderFilter@65871cfd, org.springframework.security.web.header.HeaderWriterFilter@5058fefb, org.springframework.web.filter.CorsFilter@5d200dce, org.springframework.security.web.authentication.logout.LogoutFilter@36570936, org.springframework.security.oauth2.client.web.OAuth2AuthorizationRequestRedirectFilter@389a9ff6, org.springframework.security.oauth2.client.web.OAuth2LoginAuthenticationFilter@c3836b6, org.springframework.security.web.authentication.UsernamePasswordAuthenticationFilter@5ff8d76f, org.springframework.security.web.savedrequest.RequestCacheAwareFilter@3bdc8975, org.springframework.security.web.servletapi.SecurityContextHolderAwareRequestFilter@27ea552d, org.springframework.security.web.authentication.AnonymousAuthenticationFilter@1a59500b, org.springframework.security.web.access.ExceptionTranslationFilter@6b3da23f, org.springframework.security.web.access.intercept.AuthorizationFilter@3df54fd5]
2024-04-16 15:17:53.776 [ INFO] [           main] o.a.c.h.Http11NioProtocol      : log                  : 173        : Starting ProtocolHandler ["http-nio-9090"]
2024-04-16 15:17:53.786 [ INFO] [           main] c.i.s.ShoppingMallApplication  : logStarted           : 56         : Started ShoppingMallApplication in 2.28 seconds (process running for 2.82)
2024-04-16 15:17:54.786 [ INFO] [nio-9090-exec-1] o.a.c.c.C.[.[.[/]              : log                  : 173        : Initializing Spring DispatcherServlet 'dispatcherServlet'
2024-04-16 15:17:54.786 [ INFO] [nio-9090-exec-1] o.s.w.s.DispatcherServlet      : initServletBean      : 532        : Initializing Servlet 'dispatcherServlet'
2024-04-16 15:17:54.788 [ INFO] [nio-9090-exec-1] o.s.w.s.DispatcherServlet      : initServletBean      : 554        : Completed initialization in 1 ms
2024-04-16 15:18:31.814 [ INFO] [ionShutdownHook] tainerEntityManagerFactoryBean : destroy              : 650        : Closing JPA EntityManagerFactory for persistence unit 'default'
2024-04-16 15:18:31.815 [ INFO] [ionShutdownHook] c.z.h.HikariDataSource         : close                : 350        : HikariPool-1 - Shutdown initiated...
2024-04-16 15:18:31.817 [ INFO] [ionShutdownHook] c.z.h.HikariDataSource         : close                : 352        : HikariPool-1 - Shutdown completed.
2024-04-16 15:18:32.991 [ INFO] [kground-preinit] o.h.v.i.u.Version              : <clinit>             : 21         : HV000001: Hibernate Validator 8.0.1.Final
2024-04-16 15:18:33.002 [ INFO] [           main] c.i.s.ShoppingMallApplication  : logStarting          : 50         : Starting ShoppingMallApplication using Java 21.0.2 with PID 63036 (/Users/bagsuyeon/Desktop/Team_idle/target/classes started by bagsuyeon in /Users/bagsuyeon/Desktop/Team_idle)
2024-04-16 15:18:33.003 [ INFO] [           main] c.i.s.ShoppingMallApplication  : ogStartupProfileInfo : 654        : No active profile set, falling back to 1 default profile: "default"
2024-04-16 15:18:33.277 [ INFO] [           main] epositoryConfigurationDelegate : gisterRepositoriesIn : 139        : Bootstrapping Spring Data JPA repositories in DEFAULT mode.
2024-04-16 15:18:33.288 [ INFO] [           main] epositoryConfigurationDelegate : gisterRepositoriesIn : 208        : Finished Spring Data repository scanning in 8 ms. Found 0 JPA repository interfaces.
2024-04-16 15:18:33.468 [ INFO] [           main] o.a.c.h.Http11NioProtocol      : log                  : 173        : Initializing ProtocolHandler ["http-nio-9090"]
2024-04-16 15:18:33.469 [ INFO] [           main] o.a.c.c.StandardService        : log                  : 173        : Starting service [Tomcat]
2024-04-16 15:18:33.469 [ INFO] [           main] o.a.c.c.StandardEngine         : log                  : 173        : Starting Servlet engine: [Apache Tomcat/10.1.19]
2024-04-16 15:18:33.484 [ INFO] [           main] o.a.c.c.C.[.[.[/]              : log                  : 173        : Initializing Spring embedded WebApplicationContext
2024-04-16 15:18:33.542 [ INFO] [           main] c.z.h.HikariDataSource         : getConnection        : 110        : HikariPool-1 - Starting...
2024-04-16 15:18:33.671 [ INFO] [           main] c.z.h.p.HikariPool             : checkFailFast        : 565        : HikariPool-1 - Added connection com.mysql.cj.jdbc.ConnectionImpl@664db2ca
2024-04-16 15:18:33.671 [ INFO] [           main] c.z.h.HikariDataSource         : getConnection        : 123        : HikariPool-1 - Start completed.
2024-04-16 15:18:33.686 [ INFO] [           main] o.h.j.i.u.LogHelper            : tenceUnitInformation : 31         : HHH000204: Processing PersistenceUnitInfo [name: default]
2024-04-16 15:18:33.710 [ INFO] [           main] o.h.Version                    : logVersion           : 44         : HHH000412: Hibernate ORM core version 6.4.4.Final
2024-04-16 15:18:33.722 [ INFO] [           main] o.h.c.i.RegionFactoryInitiator : initiateService      : 50         : HHH000026: Second-level cache disabled
2024-04-16 15:18:33.797 [ INFO] [           main] .j.p.SpringPersistenceUnitInfo : addTransformer       : 87         : No LoadTimeWeaver setup: ignoring JPA class transformer
2024-04-16 15:18:33.961 [ INFO] [           main] e.t.j.p.i.JtaPlatformInitiator : initiateService      : 58         : HHH000489: No JTA platform available (set 'hibernate.transaction.jta.platform' to enable JTA platform integration)
2024-04-16 15:18:33.963 [ INFO] [           main] tainerEntityManagerFactoryBean : EntityManagerFactory : 437        : Initialized JPA EntityManagerFactory for persistence unit 'default'
2024-04-16 15:18:34.308 [ WARN] [           main] figuration$JpaWebConfiguration : gerInViewInterceptor : 232        : spring.jpa.open-in-view is enabled by default. Therefore, database queries may be performed during view rendering. Explicitly configure spring.jpa.open-in-view to disable this warning
2024-04-16 15:18:34.420 [ INFO] [           main] s.w.DefaultSecurityFilterChain : <init>               : 54         : Will secure any request with [org.springframework.security.web.session.DisableEncodeUrlFilter@68c3aa38, org.springframework.security.web.context.request.async.WebAsyncManagerIntegrationFilter@1196537d, org.springframework.security.web.context.SecurityContextHolderFilter@4bba2704, org.springframework.security.web.header.HeaderWriterFilter@1c618295, org.springframework.web.filter.CorsFilter@267a8777, org.springframework.security.web.authentication.logout.LogoutFilter@1e733bb5, org.springframework.security.oauth2.client.web.OAuth2AuthorizationRequestRedirectFilter@30259c61, org.springframework.security.oauth2.client.web.OAuth2LoginAuthenticationFilter@3a286095, org.springframework.security.web.authentication.UsernamePasswordAuthenticationFilter@1a59500b, org.springframework.security.web.savedrequest.RequestCacheAwareFilter@39179470, org.springframework.security.web.servletapi.SecurityContextHolderAwareRequestFilter@3ef04239, org.springframework.security.web.authentication.AnonymousAuthenticationFilter@175c26ff, org.springframework.security.web.access.ExceptionTranslationFilter@c7d173f, org.springframework.security.web.access.intercept.AuthorizationFilter@5d200dce]
2024-04-16 15:18:34.513 [ INFO] [           main] o.a.c.h.Http11NioProtocol      : log                  : 173        : Starting ProtocolHandler ["http-nio-9090"]
2024-04-16 15:18:34.523 [ INFO] [           main] c.i.s.ShoppingMallApplication  : logStarted           : 56         : Started ShoppingMallApplication in 1.72 seconds (process running for 2.019)
2024-04-16 15:18:35.779 [ INFO] [nio-9090-exec-1] o.a.c.c.C.[.[.[/]              : log                  : 173        : Initializing Spring DispatcherServlet 'dispatcherServlet'
2024-04-16 15:18:35.779 [ INFO] [nio-9090-exec-1] o.s.w.s.DispatcherServlet      : initServletBean      : 532        : Initializing Servlet 'dispatcherServlet'
2024-04-16 15:18:35.780 [ INFO] [nio-9090-exec-1] o.s.w.s.DispatcherServlet      : initServletBean      : 554        : Completed initialization in 1 ms
2024-04-16 15:18:59.920 [ INFO] [ionShutdownHook] tainerEntityManagerFactoryBean : destroy              : 650        : Closing JPA EntityManagerFactory for persistence unit 'default'
2024-04-16 15:18:59.922 [ INFO] [ionShutdownHook] c.z.h.HikariDataSource         : close                : 350        : HikariPool-1 - Shutdown initiated...
2024-04-16 15:18:59.924 [ INFO] [ionShutdownHook] c.z.h.HikariDataSource         : close                : 352        : HikariPool-1 - Shutdown completed.
2024-04-16 15:19:01.133 [ INFO] [kground-preinit] o.h.v.i.u.Version              : <clinit>             : 21         : HV000001: Hibernate Validator 8.0.1.Final
2024-04-16 15:19:01.145 [ INFO] [           main] c.i.s.ShoppingMallApplication  : logStarting          : 50         : Starting ShoppingMallApplication using Java 21.0.2 with PID 63043 (/Users/bagsuyeon/Desktop/Team_idle/target/classes started by bagsuyeon in /Users/bagsuyeon/Desktop/Team_idle)
2024-04-16 15:19:01.146 [ INFO] [           main] c.i.s.ShoppingMallApplication  : ogStartupProfileInfo : 654        : No active profile set, falling back to 1 default profile: "default"
2024-04-16 15:19:01.425 [ INFO] [           main] epositoryConfigurationDelegate : gisterRepositoriesIn : 139        : Bootstrapping Spring Data JPA repositories in DEFAULT mode.
2024-04-16 15:19:01.436 [ INFO] [           main] epositoryConfigurationDelegate : gisterRepositoriesIn : 208        : Finished Spring Data repository scanning in 8 ms. Found 0 JPA repository interfaces.
2024-04-16 15:19:01.623 [ INFO] [           main] o.a.c.h.Http11NioProtocol      : log                  : 173        : Initializing ProtocolHandler ["http-nio-9090"]
2024-04-16 15:19:01.623 [ INFO] [           main] o.a.c.c.StandardService        : log                  : 173        : Starting service [Tomcat]
2024-04-16 15:19:01.624 [ INFO] [           main] o.a.c.c.StandardEngine         : log                  : 173        : Starting Servlet engine: [Apache Tomcat/10.1.19]
2024-04-16 15:19:01.639 [ INFO] [           main] o.a.c.c.C.[.[.[/]              : log                  : 173        : Initializing Spring embedded WebApplicationContext
2024-04-16 15:19:01.694 [ INFO] [           main] c.z.h.HikariDataSource         : getConnection        : 110        : HikariPool-1 - Starting...
2024-04-16 15:19:01.822 [ INFO] [           main] c.z.h.p.HikariPool             : checkFailFast        : 565        : HikariPool-1 - Added connection com.mysql.cj.jdbc.ConnectionImpl@113dcaf8
2024-04-16 15:19:01.823 [ INFO] [           main] c.z.h.HikariDataSource         : getConnection        : 123        : HikariPool-1 - Start completed.
2024-04-16 15:19:01.838 [ INFO] [           main] o.h.j.i.u.LogHelper            : tenceUnitInformation : 31         : HHH000204: Processing PersistenceUnitInfo [name: default]
2024-04-16 15:19:01.862 [ INFO] [           main] o.h.Version                    : logVersion           : 44         : HHH000412: Hibernate ORM core version 6.4.4.Final
2024-04-16 15:19:01.874 [ INFO] [           main] o.h.c.i.RegionFactoryInitiator : initiateService      : 50         : HHH000026: Second-level cache disabled
2024-04-16 15:19:01.954 [ INFO] [           main] .j.p.SpringPersistenceUnitInfo : addTransformer       : 87         : No LoadTimeWeaver setup: ignoring JPA class transformer
2024-04-16 15:19:02.138 [ INFO] [           main] e.t.j.p.i.JtaPlatformInitiator : initiateService      : 58         : HHH000489: No JTA platform available (set 'hibernate.transaction.jta.platform' to enable JTA platform integration)
2024-04-16 15:19:02.140 [ INFO] [           main] tainerEntityManagerFactoryBean : EntityManagerFactory : 437        : Initialized JPA EntityManagerFactory for persistence unit 'default'
2024-04-16 15:19:02.494 [ WARN] [           main] figuration$JpaWebConfiguration : gerInViewInterceptor : 232        : spring.jpa.open-in-view is enabled by default. Therefore, database queries may be performed during view rendering. Explicitly configure spring.jpa.open-in-view to disable this warning
2024-04-16 15:19:02.609 [ INFO] [           main] s.w.DefaultSecurityFilterChain : <init>               : 54         : Will secure any request with [org.springframework.security.web.session.DisableEncodeUrlFilter@267a8777, org.springframework.security.web.context.request.async.WebAsyncManagerIntegrationFilter@175c26ff, org.springframework.security.web.context.SecurityContextHolderFilter@39179470, org.springframework.security.web.header.HeaderWriterFilter@50eae15a, org.springframework.web.filter.CorsFilter@623bdc46, org.springframework.security.web.authentication.logout.LogoutFilter@4b3e4253, org.springframework.security.oauth2.client.web.OAuth2AuthorizationRequestRedirectFilter@255b84a9, org.springframework.security.oauth2.client.web.OAuth2LoginAuthenticationFilter@11c40a65, org.springframework.security.web.authentication.UsernamePasswordAuthenticationFilter@57f6fc09, org.springframework.security.web.savedrequest.RequestCacheAwareFilter@2468c0e4, org.springframework.security.web.servletapi.SecurityContextHolderAwareRequestFilter@49994a4, org.springframework.security.web.authentication.AnonymousAuthenticationFilter@411576c7, org.springframework.security.web.access.ExceptionTranslationFilter@1c618295, org.springframework.security.web.access.intercept.AuthorizationFilter@4e3c0627]
2024-04-16 15:19:02.688 [ INFO] [           main] o.a.c.h.Http11NioProtocol      : log                  : 173        : Starting ProtocolHandler ["http-nio-9090"]
2024-04-16 15:19:02.699 [ INFO] [           main] c.i.s.ShoppingMallApplication  : logStarted           : 56         : Started ShoppingMallApplication in 1.758 seconds (process running for 2.054)
2024-04-16 15:19:06.518 [ INFO] [nio-9090-exec-1] o.a.c.c.C.[.[.[/]              : log                  : 173        : Initializing Spring DispatcherServlet 'dispatcherServlet'
2024-04-16 15:19:06.519 [ INFO] [nio-9090-exec-1] o.s.w.s.DispatcherServlet      : initServletBean      : 532        : Initializing Servlet 'dispatcherServlet'
2024-04-16 15:19:06.520 [ INFO] [nio-9090-exec-1] o.s.w.s.DispatcherServlet      : initServletBean      : 554        : Completed initialization in 1 ms
2024-04-16 15:20:59.326 [ INFO] [ionShutdownHook] tainerEntityManagerFactoryBean : destroy              : 650        : Closing JPA EntityManagerFactory for persistence unit 'default'
2024-04-16 15:20:59.327 [ INFO] [ionShutdownHook] c.z.h.HikariDataSource         : close                : 350        : HikariPool-1 - Shutdown initiated...
2024-04-16 15:20:59.330 [ INFO] [ionShutdownHook] c.z.h.HikariDataSource         : close                : 352        : HikariPool-1 - Shutdown completed.
2024-04-16 15:21:00.603 [ INFO] [kground-preinit] o.h.v.i.u.Version              : <clinit>             : 21         : HV000001: Hibernate Validator 8.0.1.Final
2024-04-16 15:21:00.614 [ INFO] [           main] c.i.s.ShoppingMallApplication  : logStarting          : 50         : Starting ShoppingMallApplication using Java 21.0.2 with PID 63059 (/Users/bagsuyeon/Desktop/Team_idle/target/classes started by bagsuyeon in /Users/bagsuyeon/Desktop/Team_idle)
2024-04-16 15:21:00.615 [ INFO] [           main] c.i.s.ShoppingMallApplication  : ogStartupProfileInfo : 654        : No active profile set, falling back to 1 default profile: "default"
2024-04-16 15:21:00.887 [ INFO] [           main] epositoryConfigurationDelegate : gisterRepositoriesIn : 139        : Bootstrapping Spring Data JPA repositories in DEFAULT mode.
2024-04-16 15:21:00.898 [ INFO] [           main] epositoryConfigurationDelegate : gisterRepositoriesIn : 208        : Finished Spring Data repository scanning in 8 ms. Found 0 JPA repository interfaces.
2024-04-16 15:21:01.081 [ INFO] [           main] o.a.c.h.Http11NioProtocol      : log                  : 173        : Initializing ProtocolHandler ["http-nio-9090"]
2024-04-16 15:21:01.081 [ INFO] [           main] o.a.c.c.StandardService        : log                  : 173        : Starting service [Tomcat]
2024-04-16 15:21:01.081 [ INFO] [           main] o.a.c.c.StandardEngine         : log                  : 173        : Starting Servlet engine: [Apache Tomcat/10.1.19]
2024-04-16 15:21:01.100 [ INFO] [           main] o.a.c.c.C.[.[.[/]              : log                  : 173        : Initializing Spring embedded WebApplicationContext
2024-04-16 15:21:01.156 [ INFO] [           main] c.z.h.HikariDataSource         : getConnection        : 110        : HikariPool-1 - Starting...
2024-04-16 15:21:01.278 [ INFO] [           main] c.z.h.p.HikariPool             : checkFailFast        : 565        : HikariPool-1 - Added connection com.mysql.cj.jdbc.ConnectionImpl@2b44605c
2024-04-16 15:21:01.278 [ INFO] [           main] c.z.h.HikariDataSource         : getConnection        : 123        : HikariPool-1 - Start completed.
2024-04-16 15:21:01.294 [ INFO] [           main] o.h.j.i.u.LogHelper            : tenceUnitInformation : 31         : HHH000204: Processing PersistenceUnitInfo [name: default]
2024-04-16 15:21:01.318 [ INFO] [           main] o.h.Version                    : logVersion           : 44         : HHH000412: Hibernate ORM core version 6.4.4.Final
2024-04-16 15:21:01.330 [ INFO] [           main] o.h.c.i.RegionFactoryInitiator : initiateService      : 50         : HHH000026: Second-level cache disabled
2024-04-16 15:21:01.405 [ INFO] [           main] .j.p.SpringPersistenceUnitInfo : addTransformer       : 87         : No LoadTimeWeaver setup: ignoring JPA class transformer
2024-04-16 15:21:01.567 [ INFO] [           main] e.t.j.p.i.JtaPlatformInitiator : initiateService      : 58         : HHH000489: No JTA platform available (set 'hibernate.transaction.jta.platform' to enable JTA platform integration)
2024-04-16 15:21:01.569 [ INFO] [           main] tainerEntityManagerFactoryBean : EntityManagerFactory : 437        : Initialized JPA EntityManagerFactory for persistence unit 'default'
2024-04-16 15:21:01.923 [ WARN] [           main] figuration$JpaWebConfiguration : gerInViewInterceptor : 232        : spring.jpa.open-in-view is enabled by default. Therefore, database queries may be performed during view rendering. Explicitly configure spring.jpa.open-in-view to disable this warning
2024-04-16 15:21:02.035 [ INFO] [           main] s.w.DefaultSecurityFilterChain : <init>               : 54         : Will secure any request with [org.springframework.security.web.session.DisableEncodeUrlFilter@ae5d544, org.springframework.security.web.context.request.async.WebAsyncManagerIntegrationFilter@5aec151b, org.springframework.security.web.context.SecurityContextHolderFilter@2be208db, org.springframework.security.web.header.HeaderWriterFilter@27ea552d, org.springframework.web.filter.CorsFilter@74cf2d5f, org.springframework.security.web.authentication.logout.LogoutFilter@50eae15a, org.springframework.security.oauth2.client.web.OAuth2AuthorizationRequestRedirectFilter@7b55fc83, org.springframework.security.oauth2.client.web.OAuth2LoginAuthenticationFilter@1a59500b, org.springframework.security.web.authentication.UsernamePasswordAuthenticationFilter@487bc2fe, org.springframework.security.web.savedrequest.RequestCacheAwareFilter@1ae90cb9, org.springframework.security.web.servletapi.SecurityContextHolderAwareRequestFilter@3b62c51e, org.springframework.security.web.authentication.AnonymousAuthenticationFilter@14b9817b, org.springframework.security.web.access.ExceptionTranslationFilter@723f8990, org.springframework.security.web.access.intercept.AuthorizationFilter@2cdd156b]
2024-04-16 15:21:02.115 [ INFO] [           main] o.a.c.h.Http11NioProtocol      : log                  : 173        : Starting ProtocolHandler ["http-nio-9090"]
2024-04-16 15:21:02.125 [ INFO] [           main] c.i.s.ShoppingMallApplication  : logStarted           : 56         : Started ShoppingMallApplication in 1.644 seconds (process running for 2.101)
2024-04-16 15:21:05.590 [ INFO] [nio-9090-exec-1] o.a.c.c.C.[.[.[/]              : log                  : 173        : Initializing Spring DispatcherServlet 'dispatcherServlet'
2024-04-16 15:21:05.590 [ INFO] [nio-9090-exec-1] o.s.w.s.DispatcherServlet      : initServletBean      : 532        : Initializing Servlet 'dispatcherServlet'
2024-04-16 15:21:05.591 [ INFO] [nio-9090-exec-1] o.s.w.s.DispatcherServlet      : initServletBean      : 554        : Completed initialization in 1 ms
2024-04-16 15:24:32.598 [ INFO] [ionShutdownHook] tainerEntityManagerFactoryBean : destroy              : 650        : Closing JPA EntityManagerFactory for persistence unit 'default'
2024-04-16 15:24:32.599 [ INFO] [ionShutdownHook] c.z.h.HikariDataSource         : close                : 350        : HikariPool-1 - Shutdown initiated...
2024-04-16 15:24:32.602 [ INFO] [ionShutdownHook] c.z.h.HikariDataSource         : close                : 352        : HikariPool-1 - Shutdown completed.
2024-04-16 15:24:33.938 [ INFO] [kground-preinit] o.h.v.i.u.Version              : <clinit>             : 21         : HV000001: Hibernate Validator 8.0.1.Final
2024-04-16 15:24:33.948 [ INFO] [           main] c.i.s.ShoppingMallApplication  : logStarting          : 50         : Starting ShoppingMallApplication using Java 21.0.2 with PID 63086 (/Users/bagsuyeon/Desktop/Team_idle/target/classes started by bagsuyeon in /Users/bagsuyeon/Desktop/Team_idle)
2024-04-16 15:24:33.949 [ INFO] [           main] c.i.s.ShoppingMallApplication  : ogStartupProfileInfo : 654        : No active profile set, falling back to 1 default profile: "default"
2024-04-16 15:24:34.223 [ INFO] [           main] epositoryConfigurationDelegate : gisterRepositoriesIn : 139        : Bootstrapping Spring Data JPA repositories in DEFAULT mode.
2024-04-16 15:24:34.233 [ INFO] [           main] epositoryConfigurationDelegate : gisterRepositoriesIn : 208        : Finished Spring Data repository scanning in 7 ms. Found 0 JPA repository interfaces.
2024-04-16 15:24:34.416 [ INFO] [           main] o.a.c.h.Http11NioProtocol      : log                  : 173        : Initializing ProtocolHandler ["http-nio-9090"]
2024-04-16 15:24:34.417 [ INFO] [           main] o.a.c.c.StandardService        : log                  : 173        : Starting service [Tomcat]
2024-04-16 15:24:34.417 [ INFO] [           main] o.a.c.c.StandardEngine         : log                  : 173        : Starting Servlet engine: [Apache Tomcat/10.1.19]
2024-04-16 15:24:34.433 [ INFO] [           main] o.a.c.c.C.[.[.[/]              : log                  : 173        : Initializing Spring embedded WebApplicationContext
2024-04-16 15:24:34.490 [ INFO] [           main] c.z.h.HikariDataSource         : getConnection        : 110        : HikariPool-1 - Starting...
2024-04-16 15:24:34.716 [ INFO] [           main] c.z.h.p.HikariPool             : checkFailFast        : 565        : HikariPool-1 - Added connection com.mysql.cj.jdbc.ConnectionImpl@2b44605c
2024-04-16 15:24:34.717 [ INFO] [           main] c.z.h.HikariDataSource         : getConnection        : 123        : HikariPool-1 - Start completed.
2024-04-16 15:24:34.739 [ INFO] [           main] o.h.j.i.u.LogHelper            : tenceUnitInformation : 31         : HHH000204: Processing PersistenceUnitInfo [name: default]
2024-04-16 15:24:34.765 [ INFO] [           main] o.h.Version                    : logVersion           : 44         : HHH000412: Hibernate ORM core version 6.4.4.Final
2024-04-16 15:24:34.777 [ INFO] [           main] o.h.c.i.RegionFactoryInitiator : initiateService      : 50         : HHH000026: Second-level cache disabled
2024-04-16 15:24:34.851 [ INFO] [           main] .j.p.SpringPersistenceUnitInfo : addTransformer       : 87         : No LoadTimeWeaver setup: ignoring JPA class transformer
2024-04-16 15:24:35.016 [ INFO] [           main] e.t.j.p.i.JtaPlatformInitiator : initiateService      : 58         : HHH000489: No JTA platform available (set 'hibernate.transaction.jta.platform' to enable JTA platform integration)
2024-04-16 15:24:35.018 [ INFO] [           main] tainerEntityManagerFactoryBean : EntityManagerFactory : 437        : Initialized JPA EntityManagerFactory for persistence unit 'default'
2024-04-16 15:24:35.366 [ WARN] [           main] figuration$JpaWebConfiguration : gerInViewInterceptor : 232        : spring.jpa.open-in-view is enabled by default. Therefore, database queries may be performed during view rendering. Explicitly configure spring.jpa.open-in-view to disable this warning
2024-04-16 15:24:35.470 [ INFO] [           main] s.w.DefaultSecurityFilterChain : <init>               : 54         : Will secure any request with [org.springframework.security.web.session.DisableEncodeUrlFilter@5aec151b, org.springframework.security.web.context.request.async.WebAsyncManagerIntegrationFilter@74cf2d5f, org.springframework.security.web.context.SecurityContextHolderFilter@5ed463b7, org.springframework.security.web.header.HeaderWriterFilter@7a57c5d9, org.springframework.web.filter.CorsFilter@14b9817b, org.springframework.security.web.authentication.logout.LogoutFilter@4bba2704, org.springframework.security.oauth2.client.web.OAuth2AuthorizationRequestRedirectFilter@3615f8d9, org.springframework.security.oauth2.client.web.OAuth2LoginAuthenticationFilter@4e3c0627, org.springframework.security.web.authentication.UsernamePasswordAuthenticationFilter@58038583, org.springframework.security.web.savedrequest.RequestCacheAwareFilter@3b62c51e, org.springframework.security.web.servletapi.SecurityContextHolderAwareRequestFilter@7db679, org.springframework.security.web.authentication.AnonymousAuthenticationFilter@3052395d, org.springframework.security.web.access.ExceptionTranslationFilter@3bdc8975, org.springframework.security.web.access.intercept.AuthorizationFilter@487bc2fe]
2024-04-16 15:24:35.551 [ INFO] [           main] o.a.c.h.Http11NioProtocol      : log                  : 173        : Starting ProtocolHandler ["http-nio-9090"]
2024-04-16 15:24:35.561 [ INFO] [           main] c.i.s.ShoppingMallApplication  : logStarted           : 56         : Started ShoppingMallApplication in 1.737 seconds (process running for 2.224)
2024-04-16 15:24:39.216 [ INFO] [nio-9090-exec-1] o.a.c.c.C.[.[.[/]              : log                  : 173        : Initializing Spring DispatcherServlet 'dispatcherServlet'
2024-04-16 15:24:39.216 [ INFO] [nio-9090-exec-1] o.s.w.s.DispatcherServlet      : initServletBean      : 532        : Initializing Servlet 'dispatcherServlet'
2024-04-16 15:24:39.218 [ INFO] [nio-9090-exec-1] o.s.w.s.DispatcherServlet      : initServletBean      : 554        : Completed initialization in 1 ms
2024-04-16 15:24:39.490 [ERROR] [io-9090-exec-10] .c.C.[.[.[.[dispatcherServlet] : log                  : 175        : Servlet.service() for servlet [dispatcherServlet] in context with path [] threw exception [Request processing failed: org.springframework.jdbc.BadSqlGrammarException: 
### Error querying database.  Cause: java.sql.SQLSyntaxErrorException: You have an error in your SQL syntax; check the manual that corresponds to your MySQL server version for the right syntax to use near '-12, 12' at line 7
### The error may exist in file [/Users/bagsuyeon/Desktop/Team_idle/target/classes/mapper/product/product.xml]
### The error may involve defaultParameterMap
### The error occurred while setting parameters
### SQL: SELECT p.product_id, p.pd_name, p.pd_price, p.pd_category, p.brand_id,                SUM(pd.pd_sell_count) AS pd_sell_count, p.created_who, p.created_at, p.count_love         FROM product AS p                  INNER JOIN product_detail AS pd ON p.product_id = pd.product_id         GROUP BY p.product_id         ORDER BY pd_sell_count DESC         LIMIT ?, ?;
### Cause: java.sql.SQLSyntaxErrorException: You have an error in your SQL syntax; check the manual that corresponds to your MySQL server version for the right syntax to use near '-12, 12' at line 7
; bad SQL grammar []] with root cause
java.sql.SQLSyntaxErrorException: You have an error in your SQL syntax; check the manual that corresponds to your MySQL server version for the right syntax to use near '-12, 12' at line 7
	at com.mysql.cj.jdbc.exceptions.SQLError.createSQLException(SQLError.java:120)
	at com.mysql.cj.jdbc.exceptions.SQLExceptionsMapping.translateException(SQLExceptionsMapping.java:122)
	at com.mysql.cj.jdbc.ClientPreparedStatement.executeInternal(ClientPreparedStatement.java:916)
	at com.mysql.cj.jdbc.ClientPreparedStatement.execute(ClientPreparedStatement.java:354)
	at com.zaxxer.hikari.pool.ProxyPreparedStatement.execute(ProxyPreparedStatement.java:44)
	at com.zaxxer.hikari.pool.HikariProxyPreparedStatement.execute(HikariProxyPreparedStatement.java)
	at org.apache.ibatis.executor.statement.PreparedStatementHandler.query(PreparedStatementHandler.java:65)
	at org.apache.ibatis.executor.statement.RoutingStatementHandler.query(RoutingStatementHandler.java:80)
	at org.apache.ibatis.executor.SimpleExecutor.doQuery(SimpleExecutor.java:65)
	at org.apache.ibatis.executor.BaseExecutor.queryFromDatabase(BaseExecutor.java:336)
	at org.apache.ibatis.executor.BaseExecutor.query(BaseExecutor.java:158)
	at org.apache.ibatis.executor.CachingExecutor.query(CachingExecutor.java:110)
	at org.apache.ibatis.executor.CachingExecutor.query(CachingExecutor.java:90)
	at org.apache.ibatis.session.defaults.DefaultSqlSession.selectList(DefaultSqlSession.java:154)
	at org.apache.ibatis.session.defaults.DefaultSqlSession.selectList(DefaultSqlSession.java:147)
	at org.apache.ibatis.session.defaults.DefaultSqlSession.selectList(DefaultSqlSession.java:142)
	at java.base/jdk.internal.reflect.DirectMethodHandleAccessor.invoke(DirectMethodHandleAccessor.java:103)
	at java.base/java.lang.reflect.Method.invoke(Method.java:580)
	at org.mybatis.spring.SqlSessionTemplate$SqlSessionInterceptor.invoke(SqlSessionTemplate.java:425)
	at jdk.proxy2/jdk.proxy2.$Proxy110.selectList(Unknown Source)
	at org.mybatis.spring.SqlSessionTemplate.selectList(SqlSessionTemplate.java:224)
	at org.apache.ibatis.binding.MapperMethod.executeForMany(MapperMethod.java:147)
	at org.apache.ibatis.binding.MapperMethod.execute(MapperMethod.java:80)
	at org.apache.ibatis.binding.MapperProxy$PlainMethodInvoker.invoke(MapperProxy.java:141)
	at org.apache.ibatis.binding.MapperProxy.invoke(MapperProxy.java:86)
	at jdk.proxy2/jdk.proxy2.$Proxy129.findAllBySellCountDesc(Unknown Source)
	at java.base/jdk.internal.reflect.DirectMethodHandleAccessor.invoke(DirectMethodHandleAccessor.java:103)
	at java.base/java.lang.reflect.Method.invoke(Method.java:580)
	at org.springframework.aop.support.AopUtils.invokeJoinpointUsingReflection(AopUtils.java:351)
	at org.springframework.aop.framework.ReflectiveMethodInvocation.invokeJoinpoint(ReflectiveMethodInvocation.java:196)
	at org.springframework.aop.framework.ReflectiveMethodInvocation.proceed(ReflectiveMethodInvocation.java:163)
	at org.springframework.dao.support.PersistenceExceptionTranslationInterceptor.invoke(PersistenceExceptionTranslationInterceptor.java:137)
	at org.springframework.aop.framework.ReflectiveMethodInvocation.proceed(ReflectiveMethodInvocation.java:184)
	at org.springframework.aop.framework.JdkDynamicAopProxy.invoke(JdkDynamicAopProxy.java:220)
	at jdk.proxy2/jdk.proxy2.$Proxy130.findAllBySellCountDesc(Unknown Source)
	at com.idle.shoppingmall.Service.Product.ProductService.findAllBySellCountDesc(ProductService.java:62)
	at java.base/jdk.internal.reflect.DirectMethodHandleAccessor.invoke(DirectMethodHandleAccessor.java:103)
	at java.base/java.lang.reflect.Method.invoke(Method.java:580)
	at org.springframework.aop.support.AopUtils.invokeJoinpointUsingReflection(AopUtils.java:351)
	at org.springframework.aop.framework.CglibAopProxy$DynamicAdvisedInterceptor.intercept(CglibAopProxy.java:713)
	at com.idle.shoppingmall.Service.Product.ProductService$$SpringCGLIB$$0.findAllBySellCountDesc(<generated>)
	at com.idle.shoppingmall.Controller.ControllerView.LatestViewController.findAllBySellCountDesc(LatestViewController.java:75)
	at java.base/jdk.internal.reflect.DirectMethodHandleAccessor.invoke(DirectMethodHandleAccessor.java:103)
	at java.base/java.lang.reflect.Method.invoke(Method.java:580)
	at org.springframework.web.method.support.InvocableHandlerMethod.doInvoke(InvocableHandlerMethod.java:255)
	at org.springframework.web.method.support.InvocableHandlerMethod.invokeForRequest(InvocableHandlerMethod.java:188)
	at org.springframework.web.servlet.mvc.method.annotation.ServletInvocableHandlerMethod.invokeAndHandle(ServletInvocableHandlerMethod.java:118)
	at org.springframework.web.servlet.mvc.method.annotation.RequestMappingHandlerAdapter.invokeHandlerMethod(RequestMappingHandlerAdapter.java:925)
	at org.springframework.web.servlet.mvc.method.annotation.RequestMappingHandlerAdapter.handleInternal(RequestMappingHandlerAdapter.java:830)
	at org.springframework.web.servlet.mvc.method.AbstractHandlerMethodAdapter.handle(AbstractHandlerMethodAdapter.java:87)
	at org.springframework.web.servlet.DispatcherServlet.doDispatch(DispatcherServlet.java:1089)
	at org.springframework.web.servlet.DispatcherServlet.doService(DispatcherServlet.java:979)
	at org.springframework.web.servlet.FrameworkServlet.processRequest(FrameworkServlet.java:1014)
	at org.springframework.web.servlet.FrameworkServlet.doPost(FrameworkServlet.java:914)
	at jakarta.servlet.http.HttpServlet.service(HttpServlet.java:590)
	at org.springframework.web.servlet.FrameworkServlet.service(FrameworkServlet.java:885)
	at jakarta.servlet.http.HttpServlet.service(HttpServlet.java:658)
	at org.apache.catalina.core.ApplicationFilterChain.internalDoFilter(ApplicationFilterChain.java:205)
	at org.apache.catalina.core.ApplicationFilterChain.doFilter(ApplicationFilterChain.java:149)
	at org.apache.tomcat.websocket.server.WsFilter.doFilter(WsFilter.java:51)
	at org.apache.catalina.core.ApplicationFilterChain.internalDoFilter(ApplicationFilterChain.java:174)
	at org.apache.catalina.core.ApplicationFilterChain.doFilter(ApplicationFilterChain.java:149)
	at org.springframework.web.filter.CompositeFilter$VirtualFilterChain.doFilter(CompositeFilter.java:108)
	at org.springframework.security.web.FilterChainProxy.lambda$doFilterInternal$3(FilterChainProxy.java:231)
	at org.springframework.security.web.FilterChainProxy$VirtualFilterChain.doFilter(FilterChainProxy.java:365)
	at org.springframework.security.web.access.intercept.AuthorizationFilter.doFilter(AuthorizationFilter.java:100)
	at org.springframework.security.web.FilterChainProxy$VirtualFilterChain.doFilter(FilterChainProxy.java:374)
	at org.springframework.security.web.access.ExceptionTranslationFilter.doFilter(ExceptionTranslationFilter.java:126)
	at org.springframework.security.web.access.ExceptionTranslationFilter.doFilter(ExceptionTranslationFilter.java:120)
	at org.springframework.security.web.FilterChainProxy$VirtualFilterChain.doFilter(FilterChainProxy.java:374)
	at org.springframework.security.web.authentication.AnonymousAuthenticationFilter.doFilter(AnonymousAuthenticationFilter.java:100)
	at org.springframework.security.web.FilterChainProxy$VirtualFilterChain.doFilter(FilterChainProxy.java:374)
	at org.springframework.security.web.servletapi.SecurityContextHolderAwareRequestFilter.doFilter(SecurityContextHolderAwareRequestFilter.java:179)
	at org.springframework.security.web.FilterChainProxy$VirtualFilterChain.doFilter(FilterChainProxy.java:374)
	at org.springframework.security.web.savedrequest.RequestCacheAwareFilter.doFilter(RequestCacheAwareFilter.java:63)
	at org.springframework.security.web.FilterChainProxy$VirtualFilterChain.doFilter(FilterChainProxy.java:374)
	at org.springframework.security.web.authentication.AbstractAuthenticationProcessingFilter.doFilter(AbstractAuthenticationProcessingFilter.java:227)
	at org.springframework.security.web.authentication.AbstractAuthenticationProcessingFilter.doFilter(AbstractAuthenticationProcessingFilter.java:221)
	at org.springframework.security.web.FilterChainProxy$VirtualFilterChain.doFilter(FilterChainProxy.java:374)
	at org.springframework.security.web.authentication.AbstractAuthenticationProcessingFilter.doFilter(AbstractAuthenticationProcessingFilter.java:227)
	at org.springframework.security.web.authentication.AbstractAuthenticationProcessingFilter.doFilter(AbstractAuthenticationProcessingFilter.java:221)
	at org.springframework.security.web.FilterChainProxy$VirtualFilterChain.doFilter(FilterChainProxy.java:374)
	at org.springframework.security.oauth2.client.web.OAuth2AuthorizationRequestRedirectFilter.doFilterInternal(OAuth2AuthorizationRequestRedirectFilter.java:181)
	at org.springframework.web.filter.OncePerRequestFilter.doFilter(OncePerRequestFilter.java:116)
	at org.springframework.security.web.FilterChainProxy$VirtualFilterChain.doFilter(FilterChainProxy.java:374)
	at org.springframework.security.web.authentication.logout.LogoutFilter.doFilter(LogoutFilter.java:107)
	at org.springframework.security.web.authentication.logout.LogoutFilter.doFilter(LogoutFilter.java:93)
	at org.springframework.security.web.FilterChainProxy$VirtualFilterChain.doFilter(FilterChainProxy.java:374)
	at org.springframework.web.filter.CorsFilter.doFilterInternal(CorsFilter.java:91)
	at org.springframework.web.filter.OncePerRequestFilter.doFilter(OncePerRequestFilter.java:116)
	at org.springframework.security.web.FilterChainProxy$VirtualFilterChain.doFilter(FilterChainProxy.java:374)
	at org.springframework.security.web.header.HeaderWriterFilter.doHeadersAfter(HeaderWriterFilter.java:90)
	at org.springframework.security.web.header.HeaderWriterFilter.doFilterInternal(HeaderWriterFilter.java:75)
	at org.springframework.web.filter.OncePerRequestFilter.doFilter(OncePerRequestFilter.java:116)
	at org.springframework.security.web.FilterChainProxy$VirtualFilterChain.doFilter(FilterChainProxy.java:374)
	at org.springframework.security.web.context.SecurityContextHolderFilter.doFilter(SecurityContextHolderFilter.java:82)
	at org.springframework.security.web.context.SecurityContextHolderFilter.doFilter(SecurityContextHolderFilter.java:69)
	at org.springframework.security.web.FilterChainProxy$VirtualFilterChain.doFilter(FilterChainProxy.java:374)
	at org.springframework.security.web.context.request.async.WebAsyncManagerIntegrationFilter.doFilterInternal(WebAsyncManagerIntegrationFilter.java:62)
	at org.springframework.web.filter.OncePerRequestFilter.doFilter(OncePerRequestFilter.java:116)
	at org.springframework.security.web.FilterChainProxy$VirtualFilterChain.doFilter(FilterChainProxy.java:374)
	at org.springframework.security.web.session.DisableEncodeUrlFilter.doFilterInternal(DisableEncodeUrlFilter.java:42)
	at org.springframework.web.filter.OncePerRequestFilter.doFilter(OncePerRequestFilter.java:116)
	at org.springframework.security.web.FilterChainProxy$VirtualFilterChain.doFilter(FilterChainProxy.java:374)
	at org.springframework.security.web.FilterChainProxy.doFilterInternal(FilterChainProxy.java:233)
	at org.springframework.security.web.FilterChainProxy.doFilter(FilterChainProxy.java:191)
	at org.springframework.web.filter.CompositeFilter$VirtualFilterChain.doFilter(CompositeFilter.java:113)
	at org.springframework.web.servlet.handler.HandlerMappingIntrospector.lambda$createCacheFilter$3(HandlerMappingIntrospector.java:195)
	at org.springframework.web.filter.CompositeFilter$VirtualFilterChain.doFilter(CompositeFilter.java:113)
	at org.springframework.web.filter.CompositeFilter.doFilter(CompositeFilter.java:74)
	at org.springframework.security.config.annotation.web.configuration.WebMvcSecurityConfiguration$CompositeFilterChainProxy.doFilter(WebMvcSecurityConfiguration.java:230)
	at org.springframework.web.filter.DelegatingFilterProxy.invokeDelegate(DelegatingFilterProxy.java:352)
	at org.springframework.web.filter.DelegatingFilterProxy.doFilter(DelegatingFilterProxy.java:268)
	at org.apache.catalina.core.ApplicationFilterChain.internalDoFilter(ApplicationFilterChain.java:174)
	at org.apache.catalina.core.ApplicationFilterChain.doFilter(ApplicationFilterChain.java:149)
	at org.springframework.web.filter.RequestContextFilter.doFilterInternal(RequestContextFilter.java:100)
	at org.springframework.web.filter.OncePerRequestFilter.doFilter(OncePerRequestFilter.java:116)
	at org.apache.catalina.core.ApplicationFilterChain.internalDoFilter(ApplicationFilterChain.java:174)
	at org.apache.catalina.core.ApplicationFilterChain.doFilter(ApplicationFilterChain.java:149)
	at org.springframework.web.filter.FormContentFilter.doFilterInternal(FormContentFilter.java:93)
	at org.springframework.web.filter.OncePerRequestFilter.doFilter(OncePerRequestFilter.java:116)
	at org.apache.catalina.core.ApplicationFilterChain.internalDoFilter(ApplicationFilterChain.java:174)
	at org.apache.catalina.core.ApplicationFilterChain.doFilter(ApplicationFilterChain.java:149)
	at org.springframework.web.filter.CharacterEncodingFilter.doFilterInternal(CharacterEncodingFilter.java:201)
	at org.springframework.web.filter.OncePerRequestFilter.doFilter(OncePerRequestFilter.java:116)
	at org.apache.catalina.core.ApplicationFilterChain.internalDoFilter(ApplicationFilterChain.java:174)
	at org.apache.catalina.core.ApplicationFilterChain.doFilter(ApplicationFilterChain.java:149)
	at org.apache.catalina.core.StandardWrapperValve.invoke(StandardWrapperValve.java:167)
	at org.apache.catalina.core.StandardContextValve.invoke(StandardContextValve.java:90)
	at org.apache.catalina.authenticator.AuthenticatorBase.invoke(AuthenticatorBase.java:482)
	at org.apache.catalina.core.StandardHostValve.invoke(StandardHostValve.java:115)
	at org.apache.catalina.valves.ErrorReportValve.invoke(ErrorReportValve.java:93)
	at org.apache.catalina.core.StandardEngineValve.invoke(StandardEngineValve.java:74)
	at org.apache.catalina.connector.CoyoteAdapter.service(CoyoteAdapter.java:344)
	at org.apache.coyote.http11.Http11Processor.service(Http11Processor.java:391)
	at org.apache.coyote.AbstractProcessorLight.process(AbstractProcessorLight.java:63)
	at org.apache.coyote.AbstractProtocol$ConnectionHandler.process(AbstractProtocol.java:896)
	at org.apache.tomcat.util.net.NioEndpoint$SocketProcessor.doRun(NioEndpoint.java:1744)
	at org.apache.tomcat.util.net.SocketProcessorBase.run(SocketProcessorBase.java:52)
	at org.apache.tomcat.util.threads.ThreadPoolExecutor.runWorker(ThreadPoolExecutor.java:1191)
	at org.apache.tomcat.util.threads.ThreadPoolExecutor$Worker.run(ThreadPoolExecutor.java:659)
	at org.apache.tomcat.util.threads.TaskThread$WrappingRunnable.run(TaskThread.java:63)
	at java.base/java.lang.Thread.run(Thread.java:1583)
2024-04-16 15:24:45.766 [ERROR] [nio-9090-exec-9] .c.C.[.[.[.[dispatcherServlet] : log                  : 175        : Servlet.service() for servlet [dispatcherServlet] in context with path [] threw exception [Request processing failed: org.springframework.jdbc.BadSqlGrammarException: 
### Error querying database.  Cause: java.sql.SQLSyntaxErrorException: You have an error in your SQL syntax; check the manual that corresponds to your MySQL server version for the right syntax to use near '-12, 12' at line 7
### The error may exist in file [/Users/bagsuyeon/Desktop/Team_idle/target/classes/mapper/product/product.xml]
### The error may involve defaultParameterMap
### The error occurred while setting parameters
### SQL: SELECT p.product_id, p.pd_name, p.pd_price, p.pd_category, p.brand_id,                SUM(pd.pd_sell_count) AS pd_sell_count, p.created_who, p.created_at, p.count_love         FROM product AS p                  INNER JOIN product_detail AS pd ON p.product_id = pd.product_id         GROUP BY p.product_id         ORDER BY pd_sell_count DESC         LIMIT ?, ?;
### Cause: java.sql.SQLSyntaxErrorException: You have an error in your SQL syntax; check the manual that corresponds to your MySQL server version for the right syntax to use near '-12, 12' at line 7
; bad SQL grammar []] with root cause
java.sql.SQLSyntaxErrorException: You have an error in your SQL syntax; check the manual that corresponds to your MySQL server version for the right syntax to use near '-12, 12' at line 7
	at com.mysql.cj.jdbc.exceptions.SQLError.createSQLException(SQLError.java:120)
	at com.mysql.cj.jdbc.exceptions.SQLExceptionsMapping.translateException(SQLExceptionsMapping.java:122)
	at com.mysql.cj.jdbc.ClientPreparedStatement.executeInternal(ClientPreparedStatement.java:916)
	at com.mysql.cj.jdbc.ClientPreparedStatement.execute(ClientPreparedStatement.java:354)
	at com.zaxxer.hikari.pool.ProxyPreparedStatement.execute(ProxyPreparedStatement.java:44)
	at com.zaxxer.hikari.pool.HikariProxyPreparedStatement.execute(HikariProxyPreparedStatement.java)
	at org.apache.ibatis.executor.statement.PreparedStatementHandler.query(PreparedStatementHandler.java:65)
	at org.apache.ibatis.executor.statement.RoutingStatementHandler.query(RoutingStatementHandler.java:80)
	at org.apache.ibatis.executor.SimpleExecutor.doQuery(SimpleExecutor.java:65)
	at org.apache.ibatis.executor.BaseExecutor.queryFromDatabase(BaseExecutor.java:336)
	at org.apache.ibatis.executor.BaseExecutor.query(BaseExecutor.java:158)
	at org.apache.ibatis.executor.CachingExecutor.query(CachingExecutor.java:110)
	at org.apache.ibatis.executor.CachingExecutor.query(CachingExecutor.java:90)
	at org.apache.ibatis.session.defaults.DefaultSqlSession.selectList(DefaultSqlSession.java:154)
	at org.apache.ibatis.session.defaults.DefaultSqlSession.selectList(DefaultSqlSession.java:147)
	at org.apache.ibatis.session.defaults.DefaultSqlSession.selectList(DefaultSqlSession.java:142)
	at java.base/jdk.internal.reflect.DirectMethodHandleAccessor.invoke(DirectMethodHandleAccessor.java:103)
	at java.base/java.lang.reflect.Method.invoke(Method.java:580)
	at org.mybatis.spring.SqlSessionTemplate$SqlSessionInterceptor.invoke(SqlSessionTemplate.java:425)
	at jdk.proxy2/jdk.proxy2.$Proxy110.selectList(Unknown Source)
	at org.mybatis.spring.SqlSessionTemplate.selectList(SqlSessionTemplate.java:224)
	at org.apache.ibatis.binding.MapperMethod.executeForMany(MapperMethod.java:147)
	at org.apache.ibatis.binding.MapperMethod.execute(MapperMethod.java:80)
	at org.apache.ibatis.binding.MapperProxy$PlainMethodInvoker.invoke(MapperProxy.java:141)
	at org.apache.ibatis.binding.MapperProxy.invoke(MapperProxy.java:86)
	at jdk.proxy2/jdk.proxy2.$Proxy129.findAllBySellCountDesc(Unknown Source)
	at java.base/jdk.internal.reflect.DirectMethodHandleAccessor.invoke(DirectMethodHandleAccessor.java:103)
	at java.base/java.lang.reflect.Method.invoke(Method.java:580)
	at org.springframework.aop.support.AopUtils.invokeJoinpointUsingReflection(AopUtils.java:351)
	at org.springframework.aop.framework.ReflectiveMethodInvocation.invokeJoinpoint(ReflectiveMethodInvocation.java:196)
	at org.springframework.aop.framework.ReflectiveMethodInvocation.proceed(ReflectiveMethodInvocation.java:163)
	at org.springframework.dao.support.PersistenceExceptionTranslationInterceptor.invoke(PersistenceExceptionTranslationInterceptor.java:137)
	at org.springframework.aop.framework.ReflectiveMethodInvocation.proceed(ReflectiveMethodInvocation.java:184)
	at org.springframework.aop.framework.JdkDynamicAopProxy.invoke(JdkDynamicAopProxy.java:220)
	at jdk.proxy2/jdk.proxy2.$Proxy130.findAllBySellCountDesc(Unknown Source)
	at com.idle.shoppingmall.Service.Product.ProductService.findAllBySellCountDesc(ProductService.java:62)
	at java.base/jdk.internal.reflect.DirectMethodHandleAccessor.invoke(DirectMethodHandleAccessor.java:103)
	at java.base/java.lang.reflect.Method.invoke(Method.java:580)
	at org.springframework.aop.support.AopUtils.invokeJoinpointUsingReflection(AopUtils.java:351)
	at org.springframework.aop.framework.CglibAopProxy$DynamicAdvisedInterceptor.intercept(CglibAopProxy.java:713)
	at com.idle.shoppingmall.Service.Product.ProductService$$SpringCGLIB$$0.findAllBySellCountDesc(<generated>)
	at com.idle.shoppingmall.Controller.ControllerView.LatestViewController.findAllBySellCountDesc(LatestViewController.java:75)
	at java.base/jdk.internal.reflect.DirectMethodHandleAccessor.invoke(DirectMethodHandleAccessor.java:103)
	at java.base/java.lang.reflect.Method.invoke(Method.java:580)
	at org.springframework.web.method.support.InvocableHandlerMethod.doInvoke(InvocableHandlerMethod.java:255)
	at org.springframework.web.method.support.InvocableHandlerMethod.invokeForRequest(InvocableHandlerMethod.java:188)
	at org.springframework.web.servlet.mvc.method.annotation.ServletInvocableHandlerMethod.invokeAndHandle(ServletInvocableHandlerMethod.java:118)
	at org.springframework.web.servlet.mvc.method.annotation.RequestMappingHandlerAdapter.invokeHandlerMethod(RequestMappingHandlerAdapter.java:925)
	at org.springframework.web.servlet.mvc.method.annotation.RequestMappingHandlerAdapter.handleInternal(RequestMappingHandlerAdapter.java:830)
	at org.springframework.web.servlet.mvc.method.AbstractHandlerMethodAdapter.handle(AbstractHandlerMethodAdapter.java:87)
	at org.springframework.web.servlet.DispatcherServlet.doDispatch(DispatcherServlet.java:1089)
	at org.springframework.web.servlet.DispatcherServlet.doService(DispatcherServlet.java:979)
	at org.springframework.web.servlet.FrameworkServlet.processRequest(FrameworkServlet.java:1014)
	at org.springframework.web.servlet.FrameworkServlet.doPost(FrameworkServlet.java:914)
	at jakarta.servlet.http.HttpServlet.service(HttpServlet.java:590)
	at org.springframework.web.servlet.FrameworkServlet.service(FrameworkServlet.java:885)
	at jakarta.servlet.http.HttpServlet.service(HttpServlet.java:658)
	at org.apache.catalina.core.ApplicationFilterChain.internalDoFilter(ApplicationFilterChain.java:205)
	at org.apache.catalina.core.ApplicationFilterChain.doFilter(ApplicationFilterChain.java:149)
	at org.apache.tomcat.websocket.server.WsFilter.doFilter(WsFilter.java:51)
	at org.apache.catalina.core.ApplicationFilterChain.internalDoFilter(ApplicationFilterChain.java:174)
	at org.apache.catalina.core.ApplicationFilterChain.doFilter(ApplicationFilterChain.java:149)
	at org.springframework.web.filter.CompositeFilter$VirtualFilterChain.doFilter(CompositeFilter.java:108)
	at org.springframework.security.web.FilterChainProxy.lambda$doFilterInternal$3(FilterChainProxy.java:231)
	at org.springframework.security.web.FilterChainProxy$VirtualFilterChain.doFilter(FilterChainProxy.java:365)
	at org.springframework.security.web.access.intercept.AuthorizationFilter.doFilter(AuthorizationFilter.java:100)
	at org.springframework.security.web.FilterChainProxy$VirtualFilterChain.doFilter(FilterChainProxy.java:374)
	at org.springframework.security.web.access.ExceptionTranslationFilter.doFilter(ExceptionTranslationFilter.java:126)
	at org.springframework.security.web.access.ExceptionTranslationFilter.doFilter(ExceptionTranslationFilter.java:120)
	at org.springframework.security.web.FilterChainProxy$VirtualFilterChain.doFilter(FilterChainProxy.java:374)
	at org.springframework.security.web.authentication.AnonymousAuthenticationFilter.doFilter(AnonymousAuthenticationFilter.java:100)
	at org.springframework.security.web.FilterChainProxy$VirtualFilterChain.doFilter(FilterChainProxy.java:374)
	at org.springframework.security.web.servletapi.SecurityContextHolderAwareRequestFilter.doFilter(SecurityContextHolderAwareRequestFilter.java:179)
	at org.springframework.security.web.FilterChainProxy$VirtualFilterChain.doFilter(FilterChainProxy.java:374)
	at org.springframework.security.web.savedrequest.RequestCacheAwareFilter.doFilter(RequestCacheAwareFilter.java:63)
	at org.springframework.security.web.FilterChainProxy$VirtualFilterChain.doFilter(FilterChainProxy.java:374)
	at org.springframework.security.web.authentication.AbstractAuthenticationProcessingFilter.doFilter(AbstractAuthenticationProcessingFilter.java:227)
	at org.springframework.security.web.authentication.AbstractAuthenticationProcessingFilter.doFilter(AbstractAuthenticationProcessingFilter.java:221)
	at org.springframework.security.web.FilterChainProxy$VirtualFilterChain.doFilter(FilterChainProxy.java:374)
	at org.springframework.security.web.authentication.AbstractAuthenticationProcessingFilter.doFilter(AbstractAuthenticationProcessingFilter.java:227)
	at org.springframework.security.web.authentication.AbstractAuthenticationProcessingFilter.doFilter(AbstractAuthenticationProcessingFilter.java:221)
	at org.springframework.security.web.FilterChainProxy$VirtualFilterChain.doFilter(FilterChainProxy.java:374)
	at org.springframework.security.oauth2.client.web.OAuth2AuthorizationRequestRedirectFilter.doFilterInternal(OAuth2AuthorizationRequestRedirectFilter.java:181)
	at org.springframework.web.filter.OncePerRequestFilter.doFilter(OncePerRequestFilter.java:116)
	at org.springframework.security.web.FilterChainProxy$VirtualFilterChain.doFilter(FilterChainProxy.java:374)
	at org.springframework.security.web.authentication.logout.LogoutFilter.doFilter(LogoutFilter.java:107)
	at org.springframework.security.web.authentication.logout.LogoutFilter.doFilter(LogoutFilter.java:93)
	at org.springframework.security.web.FilterChainProxy$VirtualFilterChain.doFilter(FilterChainProxy.java:374)
	at org.springframework.web.filter.CorsFilter.doFilterInternal(CorsFilter.java:91)
	at org.springframework.web.filter.OncePerRequestFilter.doFilter(OncePerRequestFilter.java:116)
	at org.springframework.security.web.FilterChainProxy$VirtualFilterChain.doFilter(FilterChainProxy.java:374)
	at org.springframework.security.web.header.HeaderWriterFilter.doHeadersAfter(HeaderWriterFilter.java:90)
	at org.springframework.security.web.header.HeaderWriterFilter.doFilterInternal(HeaderWriterFilter.java:75)
	at org.springframework.web.filter.OncePerRequestFilter.doFilter(OncePerRequestFilter.java:116)
	at org.springframework.security.web.FilterChainProxy$VirtualFilterChain.doFilter(FilterChainProxy.java:374)
	at org.springframework.security.web.context.SecurityContextHolderFilter.doFilter(SecurityContextHolderFilter.java:82)
	at org.springframework.security.web.context.SecurityContextHolderFilter.doFilter(SecurityContextHolderFilter.java:69)
	at org.springframework.security.web.FilterChainProxy$VirtualFilterChain.doFilter(FilterChainProxy.java:374)
	at org.springframework.security.web.context.request.async.WebAsyncManagerIntegrationFilter.doFilterInternal(WebAsyncManagerIntegrationFilter.java:62)
	at org.springframework.web.filter.OncePerRequestFilter.doFilter(OncePerRequestFilter.java:116)
	at org.springframework.security.web.FilterChainProxy$VirtualFilterChain.doFilter(FilterChainProxy.java:374)
	at org.springframework.security.web.session.DisableEncodeUrlFilter.doFilterInternal(DisableEncodeUrlFilter.java:42)
	at org.springframework.web.filter.OncePerRequestFilter.doFilter(OncePerRequestFilter.java:116)
	at org.springframework.security.web.FilterChainProxy$VirtualFilterChain.doFilter(FilterChainProxy.java:374)
	at org.springframework.security.web.FilterChainProxy.doFilterInternal(FilterChainProxy.java:233)
	at org.springframework.security.web.FilterChainProxy.doFilter(FilterChainProxy.java:191)
	at org.springframework.web.filter.CompositeFilter$VirtualFilterChain.doFilter(CompositeFilter.java:113)
	at org.springframework.web.servlet.handler.HandlerMappingIntrospector.lambda$createCacheFilter$3(HandlerMappingIntrospector.java:195)
	at org.springframework.web.filter.CompositeFilter$VirtualFilterChain.doFilter(CompositeFilter.java:113)
	at org.springframework.web.filter.CompositeFilter.doFilter(CompositeFilter.java:74)
	at org.springframework.security.config.annotation.web.configuration.WebMvcSecurityConfiguration$CompositeFilterChainProxy.doFilter(WebMvcSecurityConfiguration.java:230)
	at org.springframework.web.filter.DelegatingFilterProxy.invokeDelegate(DelegatingFilterProxy.java:352)
	at org.springframework.web.filter.DelegatingFilterProxy.doFilter(DelegatingFilterProxy.java:268)
	at org.apache.catalina.core.ApplicationFilterChain.internalDoFilter(ApplicationFilterChain.java:174)
	at org.apache.catalina.core.ApplicationFilterChain.doFilter(ApplicationFilterChain.java:149)
	at org.springframework.web.filter.RequestContextFilter.doFilterInternal(RequestContextFilter.java:100)
	at org.springframework.web.filter.OncePerRequestFilter.doFilter(OncePerRequestFilter.java:116)
	at org.apache.catalina.core.ApplicationFilterChain.internalDoFilter(ApplicationFilterChain.java:174)
	at org.apache.catalina.core.ApplicationFilterChain.doFilter(ApplicationFilterChain.java:149)
	at org.springframework.web.filter.FormContentFilter.doFilterInternal(FormContentFilter.java:93)
	at org.springframework.web.filter.OncePerRequestFilter.doFilter(OncePerRequestFilter.java:116)
	at org.apache.catalina.core.ApplicationFilterChain.internalDoFilter(ApplicationFilterChain.java:174)
	at org.apache.catalina.core.ApplicationFilterChain.doFilter(ApplicationFilterChain.java:149)
	at org.springframework.web.filter.CharacterEncodingFilter.doFilterInternal(CharacterEncodingFilter.java:201)
	at org.springframework.web.filter.OncePerRequestFilter.doFilter(OncePerRequestFilter.java:116)
	at org.apache.catalina.core.ApplicationFilterChain.internalDoFilter(ApplicationFilterChain.java:174)
	at org.apache.catalina.core.ApplicationFilterChain.doFilter(ApplicationFilterChain.java:149)
	at org.apache.catalina.core.StandardWrapperValve.invoke(StandardWrapperValve.java:167)
	at org.apache.catalina.core.StandardContextValve.invoke(StandardContextValve.java:90)
	at org.apache.catalina.authenticator.AuthenticatorBase.invoke(AuthenticatorBase.java:482)
	at org.apache.catalina.core.StandardHostValve.invoke(StandardHostValve.java:115)
	at org.apache.catalina.valves.ErrorReportValve.invoke(ErrorReportValve.java:93)
	at org.apache.catalina.core.StandardEngineValve.invoke(StandardEngineValve.java:74)
	at org.apache.catalina.connector.CoyoteAdapter.service(CoyoteAdapter.java:344)
	at org.apache.coyote.http11.Http11Processor.service(Http11Processor.java:391)
	at org.apache.coyote.AbstractProcessorLight.process(AbstractProcessorLight.java:63)
	at org.apache.coyote.AbstractProtocol$ConnectionHandler.process(AbstractProtocol.java:896)
	at org.apache.tomcat.util.net.NioEndpoint$SocketProcessor.doRun(NioEndpoint.java:1744)
	at org.apache.tomcat.util.net.SocketProcessorBase.run(SocketProcessorBase.java:52)
	at org.apache.tomcat.util.threads.ThreadPoolExecutor.runWorker(ThreadPoolExecutor.java:1191)
	at org.apache.tomcat.util.threads.ThreadPoolExecutor$Worker.run(ThreadPoolExecutor.java:659)
	at org.apache.tomcat.util.threads.TaskThread$WrappingRunnable.run(TaskThread.java:63)
	at java.base/java.lang.Thread.run(Thread.java:1583)
2024-04-16 15:24:53.919 [ERROR] [nio-9090-exec-2] .c.C.[.[.[.[dispatcherServlet] : log                  : 175        : Servlet.service() for servlet [dispatcherServlet] in context with path [] threw exception [Request processing failed: org.springframework.jdbc.BadSqlGrammarException: 
### Error querying database.  Cause: java.sql.SQLSyntaxErrorException: You have an error in your SQL syntax; check the manual that corresponds to your MySQL server version for the right syntax to use near '-12, 12' at line 7
### The error may exist in file [/Users/bagsuyeon/Desktop/Team_idle/target/classes/mapper/product/product.xml]
### The error may involve defaultParameterMap
### The error occurred while setting parameters
### SQL: SELECT p.product_id, p.pd_name, p.pd_price, p.pd_category, p.brand_id,                SUM(pd.pd_sell_count) AS pd_sell_count, p.created_who, p.created_at, p.count_love         FROM product AS p                  INNER JOIN product_detail AS pd ON p.product_id = pd.product_id         GROUP BY p.product_id         ORDER BY pd_sell_count DESC         LIMIT ?, ?;
### Cause: java.sql.SQLSyntaxErrorException: You have an error in your SQL syntax; check the manual that corresponds to your MySQL server version for the right syntax to use near '-12, 12' at line 7
; bad SQL grammar []] with root cause
java.sql.SQLSyntaxErrorException: You have an error in your SQL syntax; check the manual that corresponds to your MySQL server version for the right syntax to use near '-12, 12' at line 7
	at com.mysql.cj.jdbc.exceptions.SQLError.createSQLException(SQLError.java:120)
	at com.mysql.cj.jdbc.exceptions.SQLExceptionsMapping.translateException(SQLExceptionsMapping.java:122)
	at com.mysql.cj.jdbc.ClientPreparedStatement.executeInternal(ClientPreparedStatement.java:916)
	at com.mysql.cj.jdbc.ClientPreparedStatement.execute(ClientPreparedStatement.java:354)
	at com.zaxxer.hikari.pool.ProxyPreparedStatement.execute(ProxyPreparedStatement.java:44)
	at com.zaxxer.hikari.pool.HikariProxyPreparedStatement.execute(HikariProxyPreparedStatement.java)
	at org.apache.ibatis.executor.statement.PreparedStatementHandler.query(PreparedStatementHandler.java:65)
	at org.apache.ibatis.executor.statement.RoutingStatementHandler.query(RoutingStatementHandler.java:80)
	at org.apache.ibatis.executor.SimpleExecutor.doQuery(SimpleExecutor.java:65)
	at org.apache.ibatis.executor.BaseExecutor.queryFromDatabase(BaseExecutor.java:336)
	at org.apache.ibatis.executor.BaseExecutor.query(BaseExecutor.java:158)
	at org.apache.ibatis.executor.CachingExecutor.query(CachingExecutor.java:110)
	at org.apache.ibatis.executor.CachingExecutor.query(CachingExecutor.java:90)
	at org.apache.ibatis.session.defaults.DefaultSqlSession.selectList(DefaultSqlSession.java:154)
	at org.apache.ibatis.session.defaults.DefaultSqlSession.selectList(DefaultSqlSession.java:147)
	at org.apache.ibatis.session.defaults.DefaultSqlSession.selectList(DefaultSqlSession.java:142)
	at java.base/jdk.internal.reflect.DirectMethodHandleAccessor.invoke(DirectMethodHandleAccessor.java:103)
	at java.base/java.lang.reflect.Method.invoke(Method.java:580)
	at org.mybatis.spring.SqlSessionTemplate$SqlSessionInterceptor.invoke(SqlSessionTemplate.java:425)
	at jdk.proxy2/jdk.proxy2.$Proxy110.selectList(Unknown Source)
	at org.mybatis.spring.SqlSessionTemplate.selectList(SqlSessionTemplate.java:224)
	at org.apache.ibatis.binding.MapperMethod.executeForMany(MapperMethod.java:147)
	at org.apache.ibatis.binding.MapperMethod.execute(MapperMethod.java:80)
	at org.apache.ibatis.binding.MapperProxy$PlainMethodInvoker.invoke(MapperProxy.java:141)
	at org.apache.ibatis.binding.MapperProxy.invoke(MapperProxy.java:86)
	at jdk.proxy2/jdk.proxy2.$Proxy129.findAllBySellCountDesc(Unknown Source)
	at java.base/jdk.internal.reflect.DirectMethodHandleAccessor.invoke(DirectMethodHandleAccessor.java:103)
	at java.base/java.lang.reflect.Method.invoke(Method.java:580)
	at org.springframework.aop.support.AopUtils.invokeJoinpointUsingReflection(AopUtils.java:351)
	at org.springframework.aop.framework.ReflectiveMethodInvocation.invokeJoinpoint(ReflectiveMethodInvocation.java:196)
	at org.springframework.aop.framework.ReflectiveMethodInvocation.proceed(ReflectiveMethodInvocation.java:163)
	at org.springframework.dao.support.PersistenceExceptionTranslationInterceptor.invoke(PersistenceExceptionTranslationInterceptor.java:137)
	at org.springframework.aop.framework.ReflectiveMethodInvocation.proceed(ReflectiveMethodInvocation.java:184)
	at org.springframework.aop.framework.JdkDynamicAopProxy.invoke(JdkDynamicAopProxy.java:220)
	at jdk.proxy2/jdk.proxy2.$Proxy130.findAllBySellCountDesc(Unknown Source)
	at com.idle.shoppingmall.Service.Product.ProductService.findAllBySellCountDesc(ProductService.java:62)
	at java.base/jdk.internal.reflect.DirectMethodHandleAccessor.invoke(DirectMethodHandleAccessor.java:103)
	at java.base/java.lang.reflect.Method.invoke(Method.java:580)
	at org.springframework.aop.support.AopUtils.invokeJoinpointUsingReflection(AopUtils.java:351)
	at org.springframework.aop.framework.CglibAopProxy$DynamicAdvisedInterceptor.intercept(CglibAopProxy.java:713)
	at com.idle.shoppingmall.Service.Product.ProductService$$SpringCGLIB$$0.findAllBySellCountDesc(<generated>)
	at com.idle.shoppingmall.Controller.ControllerView.LatestViewController.findAllBySellCountDesc(LatestViewController.java:75)
	at java.base/jdk.internal.reflect.DirectMethodHandleAccessor.invoke(DirectMethodHandleAccessor.java:103)
	at java.base/java.lang.reflect.Method.invoke(Method.java:580)
	at org.springframework.web.method.support.InvocableHandlerMethod.doInvoke(InvocableHandlerMethod.java:255)
	at org.springframework.web.method.support.InvocableHandlerMethod.invokeForRequest(InvocableHandlerMethod.java:188)
	at org.springframework.web.servlet.mvc.method.annotation.ServletInvocableHandlerMethod.invokeAndHandle(ServletInvocableHandlerMethod.java:118)
	at org.springframework.web.servlet.mvc.method.annotation.RequestMappingHandlerAdapter.invokeHandlerMethod(RequestMappingHandlerAdapter.java:925)
	at org.springframework.web.servlet.mvc.method.annotation.RequestMappingHandlerAdapter.handleInternal(RequestMappingHandlerAdapter.java:830)
	at org.springframework.web.servlet.mvc.method.AbstractHandlerMethodAdapter.handle(AbstractHandlerMethodAdapter.java:87)
	at org.springframework.web.servlet.DispatcherServlet.doDispatch(DispatcherServlet.java:1089)
	at org.springframework.web.servlet.DispatcherServlet.doService(DispatcherServlet.java:979)
	at org.springframework.web.servlet.FrameworkServlet.processRequest(FrameworkServlet.java:1014)
	at org.springframework.web.servlet.FrameworkServlet.doPost(FrameworkServlet.java:914)
	at jakarta.servlet.http.HttpServlet.service(HttpServlet.java:590)
	at org.springframework.web.servlet.FrameworkServlet.service(FrameworkServlet.java:885)
	at jakarta.servlet.http.HttpServlet.service(HttpServlet.java:658)
	at org.apache.catalina.core.ApplicationFilterChain.internalDoFilter(ApplicationFilterChain.java:205)
	at org.apache.catalina.core.ApplicationFilterChain.doFilter(ApplicationFilterChain.java:149)
	at org.apache.tomcat.websocket.server.WsFilter.doFilter(WsFilter.java:51)
	at org.apache.catalina.core.ApplicationFilterChain.internalDoFilter(ApplicationFilterChain.java:174)
	at org.apache.catalina.core.ApplicationFilterChain.doFilter(ApplicationFilterChain.java:149)
	at org.springframework.web.filter.CompositeFilter$VirtualFilterChain.doFilter(CompositeFilter.java:108)
	at org.springframework.security.web.FilterChainProxy.lambda$doFilterInternal$3(FilterChainProxy.java:231)
	at org.springframework.security.web.FilterChainProxy$VirtualFilterChain.doFilter(FilterChainProxy.java:365)
	at org.springframework.security.web.access.intercept.AuthorizationFilter.doFilter(AuthorizationFilter.java:100)
	at org.springframework.security.web.FilterChainProxy$VirtualFilterChain.doFilter(FilterChainProxy.java:374)
	at org.springframework.security.web.access.ExceptionTranslationFilter.doFilter(ExceptionTranslationFilter.java:126)
	at org.springframework.security.web.access.ExceptionTranslationFilter.doFilter(ExceptionTranslationFilter.java:120)
	at org.springframework.security.web.FilterChainProxy$VirtualFilterChain.doFilter(FilterChainProxy.java:374)
	at org.springframework.security.web.authentication.AnonymousAuthenticationFilter.doFilter(AnonymousAuthenticationFilter.java:100)
	at org.springframework.security.web.FilterChainProxy$VirtualFilterChain.doFilter(FilterChainProxy.java:374)
	at org.springframework.security.web.servletapi.SecurityContextHolderAwareRequestFilter.doFilter(SecurityContextHolderAwareRequestFilter.java:179)
	at org.springframework.security.web.FilterChainProxy$VirtualFilterChain.doFilter(FilterChainProxy.java:374)
	at org.springframework.security.web.savedrequest.RequestCacheAwareFilter.doFilter(RequestCacheAwareFilter.java:63)
	at org.springframework.security.web.FilterChainProxy$VirtualFilterChain.doFilter(FilterChainProxy.java:374)
	at org.springframework.security.web.authentication.AbstractAuthenticationProcessingFilter.doFilter(AbstractAuthenticationProcessingFilter.java:227)
	at org.springframework.security.web.authentication.AbstractAuthenticationProcessingFilter.doFilter(AbstractAuthenticationProcessingFilter.java:221)
	at org.springframework.security.web.FilterChainProxy$VirtualFilterChain.doFilter(FilterChainProxy.java:374)
	at org.springframework.security.web.authentication.AbstractAuthenticationProcessingFilter.doFilter(AbstractAuthenticationProcessingFilter.java:227)
	at org.springframework.security.web.authentication.AbstractAuthenticationProcessingFilter.doFilter(AbstractAuthenticationProcessingFilter.java:221)
	at org.springframework.security.web.FilterChainProxy$VirtualFilterChain.doFilter(FilterChainProxy.java:374)
	at org.springframework.security.oauth2.client.web.OAuth2AuthorizationRequestRedirectFilter.doFilterInternal(OAuth2AuthorizationRequestRedirectFilter.java:181)
	at org.springframework.web.filter.OncePerRequestFilter.doFilter(OncePerRequestFilter.java:116)
	at org.springframework.security.web.FilterChainProxy$VirtualFilterChain.doFilter(FilterChainProxy.java:374)
	at org.springframework.security.web.authentication.logout.LogoutFilter.doFilter(LogoutFilter.java:107)
	at org.springframework.security.web.authentication.logout.LogoutFilter.doFilter(LogoutFilter.java:93)
	at org.springframework.security.web.FilterChainProxy$VirtualFilterChain.doFilter(FilterChainProxy.java:374)
	at org.springframework.web.filter.CorsFilter.doFilterInternal(CorsFilter.java:91)
	at org.springframework.web.filter.OncePerRequestFilter.doFilter(OncePerRequestFilter.java:116)
	at org.springframework.security.web.FilterChainProxy$VirtualFilterChain.doFilter(FilterChainProxy.java:374)
	at org.springframework.security.web.header.HeaderWriterFilter.doHeadersAfter(HeaderWriterFilter.java:90)
	at org.springframework.security.web.header.HeaderWriterFilter.doFilterInternal(HeaderWriterFilter.java:75)
	at org.springframework.web.filter.OncePerRequestFilter.doFilter(OncePerRequestFilter.java:116)
	at org.springframework.security.web.FilterChainProxy$VirtualFilterChain.doFilter(FilterChainProxy.java:374)
	at org.springframework.security.web.context.SecurityContextHolderFilter.doFilter(SecurityContextHolderFilter.java:82)
	at org.springframework.security.web.context.SecurityContextHolderFilter.doFilter(SecurityContextHolderFilter.java:69)
	at org.springframework.security.web.FilterChainProxy$VirtualFilterChain.doFilter(FilterChainProxy.java:374)
	at org.springframework.security.web.context.request.async.WebAsyncManagerIntegrationFilter.doFilterInternal(WebAsyncManagerIntegrationFilter.java:62)
	at org.springframework.web.filter.OncePerRequestFilter.doFilter(OncePerRequestFilter.java:116)
	at org.springframework.security.web.FilterChainProxy$VirtualFilterChain.doFilter(FilterChainProxy.java:374)
	at org.springframework.security.web.session.DisableEncodeUrlFilter.doFilterInternal(DisableEncodeUrlFilter.java:42)
	at org.springframework.web.filter.OncePerRequestFilter.doFilter(OncePerRequestFilter.java:116)
	at org.springframework.security.web.FilterChainProxy$VirtualFilterChain.doFilter(FilterChainProxy.java:374)
	at org.springframework.security.web.FilterChainProxy.doFilterInternal(FilterChainProxy.java:233)
	at org.springframework.security.web.FilterChainProxy.doFilter(FilterChainProxy.java:191)
	at org.springframework.web.filter.CompositeFilter$VirtualFilterChain.doFilter(CompositeFilter.java:113)
	at org.springframework.web.servlet.handler.HandlerMappingIntrospector.lambda$createCacheFilter$3(HandlerMappingIntrospector.java:195)
	at org.springframework.web.filter.CompositeFilter$VirtualFilterChain.doFilter(CompositeFilter.java:113)
	at org.springframework.web.filter.CompositeFilter.doFilter(CompositeFilter.java:74)
	at org.springframework.security.config.annotation.web.configuration.WebMvcSecurityConfiguration$CompositeFilterChainProxy.doFilter(WebMvcSecurityConfiguration.java:230)
	at org.springframework.web.filter.DelegatingFilterProxy.invokeDelegate(DelegatingFilterProxy.java:352)
	at org.springframework.web.filter.DelegatingFilterProxy.doFilter(DelegatingFilterProxy.java:268)
	at org.apache.catalina.core.ApplicationFilterChain.internalDoFilter(ApplicationFilterChain.java:174)
	at org.apache.catalina.core.ApplicationFilterChain.doFilter(ApplicationFilterChain.java:149)
	at org.springframework.web.filter.RequestContextFilter.doFilterInternal(RequestContextFilter.java:100)
	at org.springframework.web.filter.OncePerRequestFilter.doFilter(OncePerRequestFilter.java:116)
	at org.apache.catalina.core.ApplicationFilterChain.internalDoFilter(ApplicationFilterChain.java:174)
	at org.apache.catalina.core.ApplicationFilterChain.doFilter(ApplicationFilterChain.java:149)
	at org.springframework.web.filter.FormContentFilter.doFilterInternal(FormContentFilter.java:93)
	at org.springframework.web.filter.OncePerRequestFilter.doFilter(OncePerRequestFilter.java:116)
	at org.apache.catalina.core.ApplicationFilterChain.internalDoFilter(ApplicationFilterChain.java:174)
	at org.apache.catalina.core.ApplicationFilterChain.doFilter(ApplicationFilterChain.java:149)
	at org.springframework.web.filter.CharacterEncodingFilter.doFilterInternal(CharacterEncodingFilter.java:201)
	at org.springframework.web.filter.OncePerRequestFilter.doFilter(OncePerRequestFilter.java:116)
	at org.apache.catalina.core.ApplicationFilterChain.internalDoFilter(ApplicationFilterChain.java:174)
	at org.apache.catalina.core.ApplicationFilterChain.doFilter(ApplicationFilterChain.java:149)
	at org.apache.catalina.core.StandardWrapperValve.invoke(StandardWrapperValve.java:167)
	at org.apache.catalina.core.StandardContextValve.invoke(StandardContextValve.java:90)
	at org.apache.catalina.authenticator.AuthenticatorBase.invoke(AuthenticatorBase.java:482)
	at org.apache.catalina.core.StandardHostValve.invoke(StandardHostValve.java:115)
	at org.apache.catalina.valves.ErrorReportValve.invoke(ErrorReportValve.java:93)
	at org.apache.catalina.core.StandardEngineValve.invoke(StandardEngineValve.java:74)
	at org.apache.catalina.connector.CoyoteAdapter.service(CoyoteAdapter.java:344)
	at org.apache.coyote.http11.Http11Processor.service(Http11Processor.java:391)
	at org.apache.coyote.AbstractProcessorLight.process(AbstractProcessorLight.java:63)
	at org.apache.coyote.AbstractProtocol$ConnectionHandler.process(AbstractProtocol.java:896)
	at org.apache.tomcat.util.net.NioEndpoint$SocketProcessor.doRun(NioEndpoint.java:1744)
	at org.apache.tomcat.util.net.SocketProcessorBase.run(SocketProcessorBase.java:52)
	at org.apache.tomcat.util.threads.ThreadPoolExecutor.runWorker(ThreadPoolExecutor.java:1191)
	at org.apache.tomcat.util.threads.ThreadPoolExecutor$Worker.run(ThreadPoolExecutor.java:659)
	at org.apache.tomcat.util.threads.TaskThread$WrappingRunnable.run(TaskThread.java:63)
	at java.base/java.lang.Thread.run(Thread.java:1583)
2024-04-16 15:26:17.106 [ INFO] [ionShutdownHook] tainerEntityManagerFactoryBean : destroy              : 650        : Closing JPA EntityManagerFactory for persistence unit 'default'
2024-04-16 15:26:17.107 [ INFO] [ionShutdownHook] c.z.h.HikariDataSource         : close                : 350        : HikariPool-1 - Shutdown initiated...
2024-04-16 15:26:17.109 [ INFO] [ionShutdownHook] c.z.h.HikariDataSource         : close                : 352        : HikariPool-1 - Shutdown completed.
2024-04-16 15:26:18.267 [ INFO] [kground-preinit] o.h.v.i.u.Version              : <clinit>             : 21         : HV000001: Hibernate Validator 8.0.1.Final
2024-04-16 15:26:18.279 [ INFO] [           main] c.i.s.ShoppingMallApplication  : logStarting          : 50         : Starting ShoppingMallApplication using Java 21.0.2 with PID 63113 (/Users/bagsuyeon/Desktop/Team_idle/target/classes started by bagsuyeon in /Users/bagsuyeon/Desktop/Team_idle)
2024-04-16 15:26:18.280 [ INFO] [           main] c.i.s.ShoppingMallApplication  : ogStartupProfileInfo : 654        : No active profile set, falling back to 1 default profile: "default"
2024-04-16 15:26:18.563 [ INFO] [           main] epositoryConfigurationDelegate : gisterRepositoriesIn : 139        : Bootstrapping Spring Data JPA repositories in DEFAULT mode.
2024-04-16 15:26:18.574 [ INFO] [           main] epositoryConfigurationDelegate : gisterRepositoriesIn : 208        : Finished Spring Data repository scanning in 7 ms. Found 0 JPA repository interfaces.
2024-04-16 15:26:18.755 [ INFO] [           main] o.a.c.h.Http11NioProtocol      : log                  : 173        : Initializing ProtocolHandler ["http-nio-9090"]
2024-04-16 15:26:18.756 [ INFO] [           main] o.a.c.c.StandardService        : log                  : 173        : Starting service [Tomcat]
2024-04-16 15:26:18.756 [ INFO] [           main] o.a.c.c.StandardEngine         : log                  : 173        : Starting Servlet engine: [Apache Tomcat/10.1.19]
2024-04-16 15:26:18.771 [ INFO] [           main] o.a.c.c.C.[.[.[/]              : log                  : 173        : Initializing Spring embedded WebApplicationContext
2024-04-16 15:26:18.826 [ INFO] [           main] c.z.h.HikariDataSource         : getConnection        : 110        : HikariPool-1 - Starting...
2024-04-16 15:26:18.981 [ INFO] [           main] c.z.h.p.HikariPool             : checkFailFast        : 565        : HikariPool-1 - Added connection com.mysql.cj.jdbc.ConnectionImpl@664db2ca
2024-04-16 15:26:18.981 [ INFO] [           main] c.z.h.HikariDataSource         : getConnection        : 123        : HikariPool-1 - Start completed.
2024-04-16 15:26:18.998 [ INFO] [           main] o.h.j.i.u.LogHelper            : tenceUnitInformation : 31         : HHH000204: Processing PersistenceUnitInfo [name: default]
2024-04-16 15:26:19.021 [ INFO] [           main] o.h.Version                    : logVersion           : 44         : HHH000412: Hibernate ORM core version 6.4.4.Final
2024-04-16 15:26:19.032 [ INFO] [           main] o.h.c.i.RegionFactoryInitiator : initiateService      : 50         : HHH000026: Second-level cache disabled
2024-04-16 15:26:19.106 [ INFO] [           main] .j.p.SpringPersistenceUnitInfo : addTransformer       : 87         : No LoadTimeWeaver setup: ignoring JPA class transformer
2024-04-16 15:26:19.277 [ INFO] [           main] e.t.j.p.i.JtaPlatformInitiator : initiateService      : 58         : HHH000489: No JTA platform available (set 'hibernate.transaction.jta.platform' to enable JTA platform integration)
2024-04-16 15:26:19.279 [ INFO] [           main] tainerEntityManagerFactoryBean : EntityManagerFactory : 437        : Initialized JPA EntityManagerFactory for persistence unit 'default'
2024-04-16 15:26:19.650 [ WARN] [           main] figuration$JpaWebConfiguration : gerInViewInterceptor : 232        : spring.jpa.open-in-view is enabled by default. Therefore, database queries may be performed during view rendering. Explicitly configure spring.jpa.open-in-view to disable this warning
2024-04-16 15:26:19.754 [ INFO] [           main] s.w.DefaultSecurityFilterChain : <init>               : 54         : Will secure any request with [org.springframework.security.web.session.DisableEncodeUrlFilter@11c40a65, org.springframework.security.web.context.request.async.WebAsyncManagerIntegrationFilter@68c3aa38, org.springframework.security.web.context.SecurityContextHolderFilter@50eae15a, org.springframework.security.web.header.HeaderWriterFilter@12f12744, org.springframework.web.filter.CorsFilter@1196537d, org.springframework.security.web.authentication.logout.LogoutFilter@395c21ee, org.springframework.security.oauth2.client.web.OAuth2AuthorizationRequestRedirectFilter@5dc8448b, org.springframework.security.oauth2.client.web.OAuth2LoginAuthenticationFilter@255b84a9, org.springframework.security.web.authentication.UsernamePasswordAuthenticationFilter@5d200dce, org.springframework.security.web.savedrequest.RequestCacheAwareFilter@5b5f61cc, org.springframework.security.web.servletapi.SecurityContextHolderAwareRequestFilter@39179470, org.springframework.security.web.authentication.AnonymousAuthenticationFilter@267a8777, org.springframework.security.web.access.ExceptionTranslationFilter@775fec4, org.springframework.security.web.access.intercept.AuthorizationFilter@3615f8d9]
2024-04-16 15:26:19.835 [ INFO] [           main] o.a.c.h.Http11NioProtocol      : log                  : 173        : Starting ProtocolHandler ["http-nio-9090"]
2024-04-16 15:26:19.845 [ INFO] [           main] c.i.s.ShoppingMallApplication  : logStarted           : 56         : Started ShoppingMallApplication in 1.745 seconds (process running for 2.04)
2024-04-16 15:26:20.752 [ INFO] [nio-9090-exec-1] o.a.c.c.C.[.[.[/]              : log                  : 173        : Initializing Spring DispatcherServlet 'dispatcherServlet'
2024-04-16 15:26:20.753 [ INFO] [nio-9090-exec-1] o.s.w.s.DispatcherServlet      : initServletBean      : 532        : Initializing Servlet 'dispatcherServlet'
2024-04-16 15:26:20.754 [ INFO] [nio-9090-exec-1] o.s.w.s.DispatcherServlet      : initServletBean      : 554        : Completed initialization in 1 ms
2024-04-16 15:26:21.990 [ERROR] [nio-9090-exec-1] .c.C.[.[.[.[dispatcherServlet] : log                  : 175        : Servlet.service() for servlet [dispatcherServlet] in context with path [] threw exception [Request processing failed: org.springframework.jdbc.BadSqlGrammarException: 
### Error querying database.  Cause: java.sql.SQLSyntaxErrorException: You have an error in your SQL syntax; check the manual that corresponds to your MySQL server version for the right syntax to use near '-12, 12' at line 7
### The error may exist in file [/Users/bagsuyeon/Desktop/Team_idle/target/classes/mapper/product/product.xml]
### The error may involve defaultParameterMap
### The error occurred while setting parameters
### SQL: SELECT p.product_id, p.pd_name, p.pd_price, p.pd_category, p.brand_id,                SUM(pd.pd_sell_count) AS pd_sell_count, p.created_who, p.created_at, p.count_love         FROM product AS p                  INNER JOIN product_detail AS pd ON p.product_id = pd.product_id         GROUP BY p.product_id         ORDER BY pd_sell_count DESC         LIMIT ?, ?;
### Cause: java.sql.SQLSyntaxErrorException: You have an error in your SQL syntax; check the manual that corresponds to your MySQL server version for the right syntax to use near '-12, 12' at line 7
; bad SQL grammar []] with root cause
java.sql.SQLSyntaxErrorException: You have an error in your SQL syntax; check the manual that corresponds to your MySQL server version for the right syntax to use near '-12, 12' at line 7
	at com.mysql.cj.jdbc.exceptions.SQLError.createSQLException(SQLError.java:120)
	at com.mysql.cj.jdbc.exceptions.SQLExceptionsMapping.translateException(SQLExceptionsMapping.java:122)
	at com.mysql.cj.jdbc.ClientPreparedStatement.executeInternal(ClientPreparedStatement.java:916)
	at com.mysql.cj.jdbc.ClientPreparedStatement.execute(ClientPreparedStatement.java:354)
	at com.zaxxer.hikari.pool.ProxyPreparedStatement.execute(ProxyPreparedStatement.java:44)
	at com.zaxxer.hikari.pool.HikariProxyPreparedStatement.execute(HikariProxyPreparedStatement.java)
	at org.apache.ibatis.executor.statement.PreparedStatementHandler.query(PreparedStatementHandler.java:65)
	at org.apache.ibatis.executor.statement.RoutingStatementHandler.query(RoutingStatementHandler.java:80)
	at org.apache.ibatis.executor.SimpleExecutor.doQuery(SimpleExecutor.java:65)
	at org.apache.ibatis.executor.BaseExecutor.queryFromDatabase(BaseExecutor.java:336)
	at org.apache.ibatis.executor.BaseExecutor.query(BaseExecutor.java:158)
	at org.apache.ibatis.executor.CachingExecutor.query(CachingExecutor.java:110)
	at org.apache.ibatis.executor.CachingExecutor.query(CachingExecutor.java:90)
	at org.apache.ibatis.session.defaults.DefaultSqlSession.selectList(DefaultSqlSession.java:154)
	at org.apache.ibatis.session.defaults.DefaultSqlSession.selectList(DefaultSqlSession.java:147)
	at org.apache.ibatis.session.defaults.DefaultSqlSession.selectList(DefaultSqlSession.java:142)
	at java.base/jdk.internal.reflect.DirectMethodHandleAccessor.invoke(DirectMethodHandleAccessor.java:103)
	at java.base/java.lang.reflect.Method.invoke(Method.java:580)
	at org.mybatis.spring.SqlSessionTemplate$SqlSessionInterceptor.invoke(SqlSessionTemplate.java:425)
	at jdk.proxy2/jdk.proxy2.$Proxy110.selectList(Unknown Source)
	at org.mybatis.spring.SqlSessionTemplate.selectList(SqlSessionTemplate.java:224)
	at org.apache.ibatis.binding.MapperMethod.executeForMany(MapperMethod.java:147)
	at org.apache.ibatis.binding.MapperMethod.execute(MapperMethod.java:80)
	at org.apache.ibatis.binding.MapperProxy$PlainMethodInvoker.invoke(MapperProxy.java:141)
	at org.apache.ibatis.binding.MapperProxy.invoke(MapperProxy.java:86)
	at jdk.proxy2/jdk.proxy2.$Proxy129.findAllBySellCountDesc(Unknown Source)
	at java.base/jdk.internal.reflect.DirectMethodHandleAccessor.invoke(DirectMethodHandleAccessor.java:103)
	at java.base/java.lang.reflect.Method.invoke(Method.java:580)
	at org.springframework.aop.support.AopUtils.invokeJoinpointUsingReflection(AopUtils.java:351)
	at org.springframework.aop.framework.ReflectiveMethodInvocation.invokeJoinpoint(ReflectiveMethodInvocation.java:196)
	at org.springframework.aop.framework.ReflectiveMethodInvocation.proceed(ReflectiveMethodInvocation.java:163)
	at org.springframework.dao.support.PersistenceExceptionTranslationInterceptor.invoke(PersistenceExceptionTranslationInterceptor.java:137)
	at org.springframework.aop.framework.ReflectiveMethodInvocation.proceed(ReflectiveMethodInvocation.java:184)
	at org.springframework.aop.framework.JdkDynamicAopProxy.invoke(JdkDynamicAopProxy.java:220)
	at jdk.proxy2/jdk.proxy2.$Proxy130.findAllBySellCountDesc(Unknown Source)
	at com.idle.shoppingmall.Service.Product.ProductService.findAllBySellCountDesc(ProductService.java:62)
	at java.base/jdk.internal.reflect.DirectMethodHandleAccessor.invoke(DirectMethodHandleAccessor.java:103)
	at java.base/java.lang.reflect.Method.invoke(Method.java:580)
	at org.springframework.aop.support.AopUtils.invokeJoinpointUsingReflection(AopUtils.java:351)
	at org.springframework.aop.framework.CglibAopProxy$DynamicAdvisedInterceptor.intercept(CglibAopProxy.java:713)
	at com.idle.shoppingmall.Service.Product.ProductService$$SpringCGLIB$$0.findAllBySellCountDesc(<generated>)
	at com.idle.shoppingmall.Controller.ControllerView.LatestViewController.findAllBySellCountDesc(LatestViewController.java:75)
	at java.base/jdk.internal.reflect.DirectMethodHandleAccessor.invoke(DirectMethodHandleAccessor.java:103)
	at java.base/java.lang.reflect.Method.invoke(Method.java:580)
	at org.springframework.web.method.support.InvocableHandlerMethod.doInvoke(InvocableHandlerMethod.java:255)
	at org.springframework.web.method.support.InvocableHandlerMethod.invokeForRequest(InvocableHandlerMethod.java:188)
	at org.springframework.web.servlet.mvc.method.annotation.ServletInvocableHandlerMethod.invokeAndHandle(ServletInvocableHandlerMethod.java:118)
	at org.springframework.web.servlet.mvc.method.annotation.RequestMappingHandlerAdapter.invokeHandlerMethod(RequestMappingHandlerAdapter.java:925)
	at org.springframework.web.servlet.mvc.method.annotation.RequestMappingHandlerAdapter.handleInternal(RequestMappingHandlerAdapter.java:830)
	at org.springframework.web.servlet.mvc.method.AbstractHandlerMethodAdapter.handle(AbstractHandlerMethodAdapter.java:87)
	at org.springframework.web.servlet.DispatcherServlet.doDispatch(DispatcherServlet.java:1089)
	at org.springframework.web.servlet.DispatcherServlet.doService(DispatcherServlet.java:979)
	at org.springframework.web.servlet.FrameworkServlet.processRequest(FrameworkServlet.java:1014)
	at org.springframework.web.servlet.FrameworkServlet.doPost(FrameworkServlet.java:914)
	at jakarta.servlet.http.HttpServlet.service(HttpServlet.java:590)
	at org.springframework.web.servlet.FrameworkServlet.service(FrameworkServlet.java:885)
	at jakarta.servlet.http.HttpServlet.service(HttpServlet.java:658)
	at org.apache.catalina.core.ApplicationFilterChain.internalDoFilter(ApplicationFilterChain.java:205)
	at org.apache.catalina.core.ApplicationFilterChain.doFilter(ApplicationFilterChain.java:149)
	at org.apache.tomcat.websocket.server.WsFilter.doFilter(WsFilter.java:51)
	at org.apache.catalina.core.ApplicationFilterChain.internalDoFilter(ApplicationFilterChain.java:174)
	at org.apache.catalina.core.ApplicationFilterChain.doFilter(ApplicationFilterChain.java:149)
	at org.springframework.web.filter.CompositeFilter$VirtualFilterChain.doFilter(CompositeFilter.java:108)
	at org.springframework.security.web.FilterChainProxy.lambda$doFilterInternal$3(FilterChainProxy.java:231)
	at org.springframework.security.web.FilterChainProxy$VirtualFilterChain.doFilter(FilterChainProxy.java:365)
	at org.springframework.security.web.access.intercept.AuthorizationFilter.doFilter(AuthorizationFilter.java:100)
	at org.springframework.security.web.FilterChainProxy$VirtualFilterChain.doFilter(FilterChainProxy.java:374)
	at org.springframework.security.web.access.ExceptionTranslationFilter.doFilter(ExceptionTranslationFilter.java:126)
	at org.springframework.security.web.access.ExceptionTranslationFilter.doFilter(ExceptionTranslationFilter.java:120)
	at org.springframework.security.web.FilterChainProxy$VirtualFilterChain.doFilter(FilterChainProxy.java:374)
	at org.springframework.security.web.authentication.AnonymousAuthenticationFilter.doFilter(AnonymousAuthenticationFilter.java:100)
	at org.springframework.security.web.FilterChainProxy$VirtualFilterChain.doFilter(FilterChainProxy.java:374)
	at org.springframework.security.web.servletapi.SecurityContextHolderAwareRequestFilter.doFilter(SecurityContextHolderAwareRequestFilter.java:179)
	at org.springframework.security.web.FilterChainProxy$VirtualFilterChain.doFilter(FilterChainProxy.java:374)
	at org.springframework.security.web.savedrequest.RequestCacheAwareFilter.doFilter(RequestCacheAwareFilter.java:63)
	at org.springframework.security.web.FilterChainProxy$VirtualFilterChain.doFilter(FilterChainProxy.java:374)
	at org.springframework.security.web.authentication.AbstractAuthenticationProcessingFilter.doFilter(AbstractAuthenticationProcessingFilter.java:227)
	at org.springframework.security.web.authentication.AbstractAuthenticationProcessingFilter.doFilter(AbstractAuthenticationProcessingFilter.java:221)
	at org.springframework.security.web.FilterChainProxy$VirtualFilterChain.doFilter(FilterChainProxy.java:374)
	at org.springframework.security.web.authentication.AbstractAuthenticationProcessingFilter.doFilter(AbstractAuthenticationProcessingFilter.java:227)
	at org.springframework.security.web.authentication.AbstractAuthenticationProcessingFilter.doFilter(AbstractAuthenticationProcessingFilter.java:221)
	at org.springframework.security.web.FilterChainProxy$VirtualFilterChain.doFilter(FilterChainProxy.java:374)
	at org.springframework.security.oauth2.client.web.OAuth2AuthorizationRequestRedirectFilter.doFilterInternal(OAuth2AuthorizationRequestRedirectFilter.java:181)
	at org.springframework.web.filter.OncePerRequestFilter.doFilter(OncePerRequestFilter.java:116)
	at org.springframework.security.web.FilterChainProxy$VirtualFilterChain.doFilter(FilterChainProxy.java:374)
	at org.springframework.security.web.authentication.logout.LogoutFilter.doFilter(LogoutFilter.java:107)
	at org.springframework.security.web.authentication.logout.LogoutFilter.doFilter(LogoutFilter.java:93)
	at org.springframework.security.web.FilterChainProxy$VirtualFilterChain.doFilter(FilterChainProxy.java:374)
	at org.springframework.web.filter.CorsFilter.doFilterInternal(CorsFilter.java:91)
	at org.springframework.web.filter.OncePerRequestFilter.doFilter(OncePerRequestFilter.java:116)
	at org.springframework.security.web.FilterChainProxy$VirtualFilterChain.doFilter(FilterChainProxy.java:374)
	at org.springframework.security.web.header.HeaderWriterFilter.doHeadersAfter(HeaderWriterFilter.java:90)
	at org.springframework.security.web.header.HeaderWriterFilter.doFilterInternal(HeaderWriterFilter.java:75)
	at org.springframework.web.filter.OncePerRequestFilter.doFilter(OncePerRequestFilter.java:116)
	at org.springframework.security.web.FilterChainProxy$VirtualFilterChain.doFilter(FilterChainProxy.java:374)
	at org.springframework.security.web.context.SecurityContextHolderFilter.doFilter(SecurityContextHolderFilter.java:82)
	at org.springframework.security.web.context.SecurityContextHolderFilter.doFilter(SecurityContextHolderFilter.java:69)
	at org.springframework.security.web.FilterChainProxy$VirtualFilterChain.doFilter(FilterChainProxy.java:374)
	at org.springframework.security.web.context.request.async.WebAsyncManagerIntegrationFilter.doFilterInternal(WebAsyncManagerIntegrationFilter.java:62)
	at org.springframework.web.filter.OncePerRequestFilter.doFilter(OncePerRequestFilter.java:116)
	at org.springframework.security.web.FilterChainProxy$VirtualFilterChain.doFilter(FilterChainProxy.java:374)
	at org.springframework.security.web.session.DisableEncodeUrlFilter.doFilterInternal(DisableEncodeUrlFilter.java:42)
	at org.springframework.web.filter.OncePerRequestFilter.doFilter(OncePerRequestFilter.java:116)
	at org.springframework.security.web.FilterChainProxy$VirtualFilterChain.doFilter(FilterChainProxy.java:374)
	at org.springframework.security.web.FilterChainProxy.doFilterInternal(FilterChainProxy.java:233)
	at org.springframework.security.web.FilterChainProxy.doFilter(FilterChainProxy.java:191)
	at org.springframework.web.filter.CompositeFilter$VirtualFilterChain.doFilter(CompositeFilter.java:113)
	at org.springframework.web.servlet.handler.HandlerMappingIntrospector.lambda$createCacheFilter$3(HandlerMappingIntrospector.java:195)
	at org.springframework.web.filter.CompositeFilter$VirtualFilterChain.doFilter(CompositeFilter.java:113)
	at org.springframework.web.filter.CompositeFilter.doFilter(CompositeFilter.java:74)
	at org.springframework.security.config.annotation.web.configuration.WebMvcSecurityConfiguration$CompositeFilterChainProxy.doFilter(WebMvcSecurityConfiguration.java:230)
	at org.springframework.web.filter.DelegatingFilterProxy.invokeDelegate(DelegatingFilterProxy.java:352)
	at org.springframework.web.filter.DelegatingFilterProxy.doFilter(DelegatingFilterProxy.java:268)
	at org.apache.catalina.core.ApplicationFilterChain.internalDoFilter(ApplicationFilterChain.java:174)
	at org.apache.catalina.core.ApplicationFilterChain.doFilter(ApplicationFilterChain.java:149)
	at org.springframework.web.filter.RequestContextFilter.doFilterInternal(RequestContextFilter.java:100)
	at org.springframework.web.filter.OncePerRequestFilter.doFilter(OncePerRequestFilter.java:116)
	at org.apache.catalina.core.ApplicationFilterChain.internalDoFilter(ApplicationFilterChain.java:174)
	at org.apache.catalina.core.ApplicationFilterChain.doFilter(ApplicationFilterChain.java:149)
	at org.springframework.web.filter.FormContentFilter.doFilterInternal(FormContentFilter.java:93)
	at org.springframework.web.filter.OncePerRequestFilter.doFilter(OncePerRequestFilter.java:116)
	at org.apache.catalina.core.ApplicationFilterChain.internalDoFilter(ApplicationFilterChain.java:174)
	at org.apache.catalina.core.ApplicationFilterChain.doFilter(ApplicationFilterChain.java:149)
	at org.springframework.web.filter.CharacterEncodingFilter.doFilterInternal(CharacterEncodingFilter.java:201)
	at org.springframework.web.filter.OncePerRequestFilter.doFilter(OncePerRequestFilter.java:116)
	at org.apache.catalina.core.ApplicationFilterChain.internalDoFilter(ApplicationFilterChain.java:174)
	at org.apache.catalina.core.ApplicationFilterChain.doFilter(ApplicationFilterChain.java:149)
	at org.apache.catalina.core.StandardWrapperValve.invoke(StandardWrapperValve.java:167)
	at org.apache.catalina.core.StandardContextValve.invoke(StandardContextValve.java:90)
	at org.apache.catalina.authenticator.AuthenticatorBase.invoke(AuthenticatorBase.java:482)
	at org.apache.catalina.core.StandardHostValve.invoke(StandardHostValve.java:115)
	at org.apache.catalina.valves.ErrorReportValve.invoke(ErrorReportValve.java:93)
	at org.apache.catalina.core.StandardEngineValve.invoke(StandardEngineValve.java:74)
	at org.apache.catalina.connector.CoyoteAdapter.service(CoyoteAdapter.java:344)
	at org.apache.coyote.http11.Http11Processor.service(Http11Processor.java:391)
	at org.apache.coyote.AbstractProcessorLight.process(AbstractProcessorLight.java:63)
	at org.apache.coyote.AbstractProtocol$ConnectionHandler.process(AbstractProtocol.java:896)
	at org.apache.tomcat.util.net.NioEndpoint$SocketProcessor.doRun(NioEndpoint.java:1744)
	at org.apache.tomcat.util.net.SocketProcessorBase.run(SocketProcessorBase.java:52)
	at org.apache.tomcat.util.threads.ThreadPoolExecutor.runWorker(ThreadPoolExecutor.java:1191)
	at org.apache.tomcat.util.threads.ThreadPoolExecutor$Worker.run(ThreadPoolExecutor.java:659)
	at org.apache.tomcat.util.threads.TaskThread$WrappingRunnable.run(TaskThread.java:63)
	at java.base/java.lang.Thread.run(Thread.java:1583)
2024-04-16 15:26:29.921 [ERROR] [nio-9090-exec-1] .c.C.[.[.[.[dispatcherServlet] : log                  : 175        : Servlet.service() for servlet [dispatcherServlet] in context with path [] threw exception [Request processing failed: org.springframework.jdbc.BadSqlGrammarException: 
### Error querying database.  Cause: java.sql.SQLSyntaxErrorException: You have an error in your SQL syntax; check the manual that corresponds to your MySQL server version for the right syntax to use near '-12, 12' at line 7
### The error may exist in file [/Users/bagsuyeon/Desktop/Team_idle/target/classes/mapper/product/product.xml]
### The error may involve defaultParameterMap
### The error occurred while setting parameters
### SQL: SELECT p.product_id, p.pd_name, p.pd_price, p.pd_category, p.brand_id,                SUM(pd.pd_sell_count) AS pd_sell_count, p.created_who, p.created_at, p.count_love         FROM product AS p                  INNER JOIN product_detail AS pd ON p.product_id = pd.product_id         GROUP BY p.product_id         ORDER BY pd_sell_count DESC         LIMIT ?, ?;
### Cause: java.sql.SQLSyntaxErrorException: You have an error in your SQL syntax; check the manual that corresponds to your MySQL server version for the right syntax to use near '-12, 12' at line 7
; bad SQL grammar []] with root cause
java.sql.SQLSyntaxErrorException: You have an error in your SQL syntax; check the manual that corresponds to your MySQL server version for the right syntax to use near '-12, 12' at line 7
	at com.mysql.cj.jdbc.exceptions.SQLError.createSQLException(SQLError.java:120)
	at com.mysql.cj.jdbc.exceptions.SQLExceptionsMapping.translateException(SQLExceptionsMapping.java:122)
	at com.mysql.cj.jdbc.ClientPreparedStatement.executeInternal(ClientPreparedStatement.java:916)
	at com.mysql.cj.jdbc.ClientPreparedStatement.execute(ClientPreparedStatement.java:354)
	at com.zaxxer.hikari.pool.ProxyPreparedStatement.execute(ProxyPreparedStatement.java:44)
	at com.zaxxer.hikari.pool.HikariProxyPreparedStatement.execute(HikariProxyPreparedStatement.java)
	at org.apache.ibatis.executor.statement.PreparedStatementHandler.query(PreparedStatementHandler.java:65)
	at org.apache.ibatis.executor.statement.RoutingStatementHandler.query(RoutingStatementHandler.java:80)
	at org.apache.ibatis.executor.SimpleExecutor.doQuery(SimpleExecutor.java:65)
	at org.apache.ibatis.executor.BaseExecutor.queryFromDatabase(BaseExecutor.java:336)
	at org.apache.ibatis.executor.BaseExecutor.query(BaseExecutor.java:158)
	at org.apache.ibatis.executor.CachingExecutor.query(CachingExecutor.java:110)
	at org.apache.ibatis.executor.CachingExecutor.query(CachingExecutor.java:90)
	at org.apache.ibatis.session.defaults.DefaultSqlSession.selectList(DefaultSqlSession.java:154)
	at org.apache.ibatis.session.defaults.DefaultSqlSession.selectList(DefaultSqlSession.java:147)
	at org.apache.ibatis.session.defaults.DefaultSqlSession.selectList(DefaultSqlSession.java:142)
	at java.base/jdk.internal.reflect.DirectMethodHandleAccessor.invoke(DirectMethodHandleAccessor.java:103)
	at java.base/java.lang.reflect.Method.invoke(Method.java:580)
	at org.mybatis.spring.SqlSessionTemplate$SqlSessionInterceptor.invoke(SqlSessionTemplate.java:425)
	at jdk.proxy2/jdk.proxy2.$Proxy110.selectList(Unknown Source)
	at org.mybatis.spring.SqlSessionTemplate.selectList(SqlSessionTemplate.java:224)
	at org.apache.ibatis.binding.MapperMethod.executeForMany(MapperMethod.java:147)
	at org.apache.ibatis.binding.MapperMethod.execute(MapperMethod.java:80)
	at org.apache.ibatis.binding.MapperProxy$PlainMethodInvoker.invoke(MapperProxy.java:141)
	at org.apache.ibatis.binding.MapperProxy.invoke(MapperProxy.java:86)
	at jdk.proxy2/jdk.proxy2.$Proxy129.findAllBySellCountDesc(Unknown Source)
	at java.base/jdk.internal.reflect.DirectMethodHandleAccessor.invoke(DirectMethodHandleAccessor.java:103)
	at java.base/java.lang.reflect.Method.invoke(Method.java:580)
	at org.springframework.aop.support.AopUtils.invokeJoinpointUsingReflection(AopUtils.java:351)
	at org.springframework.aop.framework.ReflectiveMethodInvocation.invokeJoinpoint(ReflectiveMethodInvocation.java:196)
	at org.springframework.aop.framework.ReflectiveMethodInvocation.proceed(ReflectiveMethodInvocation.java:163)
	at org.springframework.dao.support.PersistenceExceptionTranslationInterceptor.invoke(PersistenceExceptionTranslationInterceptor.java:137)
	at org.springframework.aop.framework.ReflectiveMethodInvocation.proceed(ReflectiveMethodInvocation.java:184)
	at org.springframework.aop.framework.JdkDynamicAopProxy.invoke(JdkDynamicAopProxy.java:220)
	at jdk.proxy2/jdk.proxy2.$Proxy130.findAllBySellCountDesc(Unknown Source)
	at com.idle.shoppingmall.Service.Product.ProductService.findAllBySellCountDesc(ProductService.java:62)
	at java.base/jdk.internal.reflect.DirectMethodHandleAccessor.invoke(DirectMethodHandleAccessor.java:103)
	at java.base/java.lang.reflect.Method.invoke(Method.java:580)
	at org.springframework.aop.support.AopUtils.invokeJoinpointUsingReflection(AopUtils.java:351)
	at org.springframework.aop.framework.CglibAopProxy$DynamicAdvisedInterceptor.intercept(CglibAopProxy.java:713)
	at com.idle.shoppingmall.Service.Product.ProductService$$SpringCGLIB$$0.findAllBySellCountDesc(<generated>)
	at com.idle.shoppingmall.Controller.ControllerView.LatestViewController.findAllBySellCountDesc(LatestViewController.java:75)
	at java.base/jdk.internal.reflect.DirectMethodHandleAccessor.invoke(DirectMethodHandleAccessor.java:103)
	at java.base/java.lang.reflect.Method.invoke(Method.java:580)
	at org.springframework.web.method.support.InvocableHandlerMethod.doInvoke(InvocableHandlerMethod.java:255)
	at org.springframework.web.method.support.InvocableHandlerMethod.invokeForRequest(InvocableHandlerMethod.java:188)
	at org.springframework.web.servlet.mvc.method.annotation.ServletInvocableHandlerMethod.invokeAndHandle(ServletInvocableHandlerMethod.java:118)
	at org.springframework.web.servlet.mvc.method.annotation.RequestMappingHandlerAdapter.invokeHandlerMethod(RequestMappingHandlerAdapter.java:925)
	at org.springframework.web.servlet.mvc.method.annotation.RequestMappingHandlerAdapter.handleInternal(RequestMappingHandlerAdapter.java:830)
	at org.springframework.web.servlet.mvc.method.AbstractHandlerMethodAdapter.handle(AbstractHandlerMethodAdapter.java:87)
	at org.springframework.web.servlet.DispatcherServlet.doDispatch(DispatcherServlet.java:1089)
	at org.springframework.web.servlet.DispatcherServlet.doService(DispatcherServlet.java:979)
	at org.springframework.web.servlet.FrameworkServlet.processRequest(FrameworkServlet.java:1014)
	at org.springframework.web.servlet.FrameworkServlet.doPost(FrameworkServlet.java:914)
	at jakarta.servlet.http.HttpServlet.service(HttpServlet.java:590)
	at org.springframework.web.servlet.FrameworkServlet.service(FrameworkServlet.java:885)
	at jakarta.servlet.http.HttpServlet.service(HttpServlet.java:658)
	at org.apache.catalina.core.ApplicationFilterChain.internalDoFilter(ApplicationFilterChain.java:205)
	at org.apache.catalina.core.ApplicationFilterChain.doFilter(ApplicationFilterChain.java:149)
	at org.apache.tomcat.websocket.server.WsFilter.doFilter(WsFilter.java:51)
	at org.apache.catalina.core.ApplicationFilterChain.internalDoFilter(ApplicationFilterChain.java:174)
	at org.apache.catalina.core.ApplicationFilterChain.doFilter(ApplicationFilterChain.java:149)
	at org.springframework.web.filter.CompositeFilter$VirtualFilterChain.doFilter(CompositeFilter.java:108)
	at org.springframework.security.web.FilterChainProxy.lambda$doFilterInternal$3(FilterChainProxy.java:231)
	at org.springframework.security.web.FilterChainProxy$VirtualFilterChain.doFilter(FilterChainProxy.java:365)
	at org.springframework.security.web.access.intercept.AuthorizationFilter.doFilter(AuthorizationFilter.java:100)
	at org.springframework.security.web.FilterChainProxy$VirtualFilterChain.doFilter(FilterChainProxy.java:374)
	at org.springframework.security.web.access.ExceptionTranslationFilter.doFilter(ExceptionTranslationFilter.java:126)
	at org.springframework.security.web.access.ExceptionTranslationFilter.doFilter(ExceptionTranslationFilter.java:120)
	at org.springframework.security.web.FilterChainProxy$VirtualFilterChain.doFilter(FilterChainProxy.java:374)
	at org.springframework.security.web.authentication.AnonymousAuthenticationFilter.doFilter(AnonymousAuthenticationFilter.java:100)
	at org.springframework.security.web.FilterChainProxy$VirtualFilterChain.doFilter(FilterChainProxy.java:374)
	at org.springframework.security.web.servletapi.SecurityContextHolderAwareRequestFilter.doFilter(SecurityContextHolderAwareRequestFilter.java:179)
	at org.springframework.security.web.FilterChainProxy$VirtualFilterChain.doFilter(FilterChainProxy.java:374)
	at org.springframework.security.web.savedrequest.RequestCacheAwareFilter.doFilter(RequestCacheAwareFilter.java:63)
	at org.springframework.security.web.FilterChainProxy$VirtualFilterChain.doFilter(FilterChainProxy.java:374)
	at org.springframework.security.web.authentication.AbstractAuthenticationProcessingFilter.doFilter(AbstractAuthenticationProcessingFilter.java:227)
	at org.springframework.security.web.authentication.AbstractAuthenticationProcessingFilter.doFilter(AbstractAuthenticationProcessingFilter.java:221)
	at org.springframework.security.web.FilterChainProxy$VirtualFilterChain.doFilter(FilterChainProxy.java:374)
	at org.springframework.security.web.authentication.AbstractAuthenticationProcessingFilter.doFilter(AbstractAuthenticationProcessingFilter.java:227)
	at org.springframework.security.web.authentication.AbstractAuthenticationProcessingFilter.doFilter(AbstractAuthenticationProcessingFilter.java:221)
	at org.springframework.security.web.FilterChainProxy$VirtualFilterChain.doFilter(FilterChainProxy.java:374)
	at org.springframework.security.oauth2.client.web.OAuth2AuthorizationRequestRedirectFilter.doFilterInternal(OAuth2AuthorizationRequestRedirectFilter.java:181)
	at org.springframework.web.filter.OncePerRequestFilter.doFilter(OncePerRequestFilter.java:116)
	at org.springframework.security.web.FilterChainProxy$VirtualFilterChain.doFilter(FilterChainProxy.java:374)
	at org.springframework.security.web.authentication.logout.LogoutFilter.doFilter(LogoutFilter.java:107)
	at org.springframework.security.web.authentication.logout.LogoutFilter.doFilter(LogoutFilter.java:93)
	at org.springframework.security.web.FilterChainProxy$VirtualFilterChain.doFilter(FilterChainProxy.java:374)
	at org.springframework.web.filter.CorsFilter.doFilterInternal(CorsFilter.java:91)
	at org.springframework.web.filter.OncePerRequestFilter.doFilter(OncePerRequestFilter.java:116)
	at org.springframework.security.web.FilterChainProxy$VirtualFilterChain.doFilter(FilterChainProxy.java:374)
	at org.springframework.security.web.header.HeaderWriterFilter.doHeadersAfter(HeaderWriterFilter.java:90)
	at org.springframework.security.web.header.HeaderWriterFilter.doFilterInternal(HeaderWriterFilter.java:75)
	at org.springframework.web.filter.OncePerRequestFilter.doFilter(OncePerRequestFilter.java:116)
	at org.springframework.security.web.FilterChainProxy$VirtualFilterChain.doFilter(FilterChainProxy.java:374)
	at org.springframework.security.web.context.SecurityContextHolderFilter.doFilter(SecurityContextHolderFilter.java:82)
	at org.springframework.security.web.context.SecurityContextHolderFilter.doFilter(SecurityContextHolderFilter.java:69)
	at org.springframework.security.web.FilterChainProxy$VirtualFilterChain.doFilter(FilterChainProxy.java:374)
	at org.springframework.security.web.context.request.async.WebAsyncManagerIntegrationFilter.doFilterInternal(WebAsyncManagerIntegrationFilter.java:62)
	at org.springframework.web.filter.OncePerRequestFilter.doFilter(OncePerRequestFilter.java:116)
	at org.springframework.security.web.FilterChainProxy$VirtualFilterChain.doFilter(FilterChainProxy.java:374)
	at org.springframework.security.web.session.DisableEncodeUrlFilter.doFilterInternal(DisableEncodeUrlFilter.java:42)
	at org.springframework.web.filter.OncePerRequestFilter.doFilter(OncePerRequestFilter.java:116)
	at org.springframework.security.web.FilterChainProxy$VirtualFilterChain.doFilter(FilterChainProxy.java:374)
	at org.springframework.security.web.FilterChainProxy.doFilterInternal(FilterChainProxy.java:233)
	at org.springframework.security.web.FilterChainProxy.doFilter(FilterChainProxy.java:191)
	at org.springframework.web.filter.CompositeFilter$VirtualFilterChain.doFilter(CompositeFilter.java:113)
	at org.springframework.web.servlet.handler.HandlerMappingIntrospector.lambda$createCacheFilter$3(HandlerMappingIntrospector.java:195)
	at org.springframework.web.filter.CompositeFilter$VirtualFilterChain.doFilter(CompositeFilter.java:113)
	at org.springframework.web.filter.CompositeFilter.doFilter(CompositeFilter.java:74)
	at org.springframework.security.config.annotation.web.configuration.WebMvcSecurityConfiguration$CompositeFilterChainProxy.doFilter(WebMvcSecurityConfiguration.java:230)
	at org.springframework.web.filter.DelegatingFilterProxy.invokeDelegate(DelegatingFilterProxy.java:352)
	at org.springframework.web.filter.DelegatingFilterProxy.doFilter(DelegatingFilterProxy.java:268)
	at org.apache.catalina.core.ApplicationFilterChain.internalDoFilter(ApplicationFilterChain.java:174)
	at org.apache.catalina.core.ApplicationFilterChain.doFilter(ApplicationFilterChain.java:149)
	at org.springframework.web.filter.RequestContextFilter.doFilterInternal(RequestContextFilter.java:100)
	at org.springframework.web.filter.OncePerRequestFilter.doFilter(OncePerRequestFilter.java:116)
	at org.apache.catalina.core.ApplicationFilterChain.internalDoFilter(ApplicationFilterChain.java:174)
	at org.apache.catalina.core.ApplicationFilterChain.doFilter(ApplicationFilterChain.java:149)
	at org.springframework.web.filter.FormContentFilter.doFilterInternal(FormContentFilter.java:93)
	at org.springframework.web.filter.OncePerRequestFilter.doFilter(OncePerRequestFilter.java:116)
	at org.apache.catalina.core.ApplicationFilterChain.internalDoFilter(ApplicationFilterChain.java:174)
	at org.apache.catalina.core.ApplicationFilterChain.doFilter(ApplicationFilterChain.java:149)
	at org.springframework.web.filter.CharacterEncodingFilter.doFilterInternal(CharacterEncodingFilter.java:201)
	at org.springframework.web.filter.OncePerRequestFilter.doFilter(OncePerRequestFilter.java:116)
	at org.apache.catalina.core.ApplicationFilterChain.internalDoFilter(ApplicationFilterChain.java:174)
	at org.apache.catalina.core.ApplicationFilterChain.doFilter(ApplicationFilterChain.java:149)
	at org.apache.catalina.core.StandardWrapperValve.invoke(StandardWrapperValve.java:167)
	at org.apache.catalina.core.StandardContextValve.invoke(StandardContextValve.java:90)
	at org.apache.catalina.authenticator.AuthenticatorBase.invoke(AuthenticatorBase.java:482)
	at org.apache.catalina.core.StandardHostValve.invoke(StandardHostValve.java:115)
	at org.apache.catalina.valves.ErrorReportValve.invoke(ErrorReportValve.java:93)
	at org.apache.catalina.core.StandardEngineValve.invoke(StandardEngineValve.java:74)
	at org.apache.catalina.connector.CoyoteAdapter.service(CoyoteAdapter.java:344)
	at org.apache.coyote.http11.Http11Processor.service(Http11Processor.java:391)
	at org.apache.coyote.AbstractProcessorLight.process(AbstractProcessorLight.java:63)
	at org.apache.coyote.AbstractProtocol$ConnectionHandler.process(AbstractProtocol.java:896)
	at org.apache.tomcat.util.net.NioEndpoint$SocketProcessor.doRun(NioEndpoint.java:1744)
	at org.apache.tomcat.util.net.SocketProcessorBase.run(SocketProcessorBase.java:52)
	at org.apache.tomcat.util.threads.ThreadPoolExecutor.runWorker(ThreadPoolExecutor.java:1191)
	at org.apache.tomcat.util.threads.ThreadPoolExecutor$Worker.run(ThreadPoolExecutor.java:659)
	at org.apache.tomcat.util.threads.TaskThread$WrappingRunnable.run(TaskThread.java:63)
	at java.base/java.lang.Thread.run(Thread.java:1583)
2024-04-16 15:26:39.297 [ERROR] [nio-9090-exec-1] .c.C.[.[.[.[dispatcherServlet] : log                  : 175        : Servlet.service() for servlet [dispatcherServlet] in context with path [] threw exception [Request processing failed: org.springframework.jdbc.BadSqlGrammarException: 
### Error querying database.  Cause: java.sql.SQLSyntaxErrorException: You have an error in your SQL syntax; check the manual that corresponds to your MySQL server version for the right syntax to use near '-12, 12' at line 7
### The error may exist in file [/Users/bagsuyeon/Desktop/Team_idle/target/classes/mapper/product/product.xml]
### The error may involve defaultParameterMap
### The error occurred while setting parameters
### SQL: SELECT p.product_id, p.pd_name, p.pd_price, p.pd_category, p.brand_id,                SUM(pd.pd_sell_count) AS pd_sell_count, p.created_who, p.created_at, p.count_love         FROM product AS p                  INNER JOIN product_detail AS pd ON p.product_id = pd.product_id         GROUP BY p.product_id         ORDER BY pd_sell_count DESC         LIMIT ?, ?;
### Cause: java.sql.SQLSyntaxErrorException: You have an error in your SQL syntax; check the manual that corresponds to your MySQL server version for the right syntax to use near '-12, 12' at line 7
; bad SQL grammar []] with root cause
java.sql.SQLSyntaxErrorException: You have an error in your SQL syntax; check the manual that corresponds to your MySQL server version for the right syntax to use near '-12, 12' at line 7
	at com.mysql.cj.jdbc.exceptions.SQLError.createSQLException(SQLError.java:120)
	at com.mysql.cj.jdbc.exceptions.SQLExceptionsMapping.translateException(SQLExceptionsMapping.java:122)
	at com.mysql.cj.jdbc.ClientPreparedStatement.executeInternal(ClientPreparedStatement.java:916)
	at com.mysql.cj.jdbc.ClientPreparedStatement.execute(ClientPreparedStatement.java:354)
	at com.zaxxer.hikari.pool.ProxyPreparedStatement.execute(ProxyPreparedStatement.java:44)
	at com.zaxxer.hikari.pool.HikariProxyPreparedStatement.execute(HikariProxyPreparedStatement.java)
	at org.apache.ibatis.executor.statement.PreparedStatementHandler.query(PreparedStatementHandler.java:65)
	at org.apache.ibatis.executor.statement.RoutingStatementHandler.query(RoutingStatementHandler.java:80)
	at org.apache.ibatis.executor.SimpleExecutor.doQuery(SimpleExecutor.java:65)
	at org.apache.ibatis.executor.BaseExecutor.queryFromDatabase(BaseExecutor.java:336)
	at org.apache.ibatis.executor.BaseExecutor.query(BaseExecutor.java:158)
	at org.apache.ibatis.executor.CachingExecutor.query(CachingExecutor.java:110)
	at org.apache.ibatis.executor.CachingExecutor.query(CachingExecutor.java:90)
	at org.apache.ibatis.session.defaults.DefaultSqlSession.selectList(DefaultSqlSession.java:154)
	at org.apache.ibatis.session.defaults.DefaultSqlSession.selectList(DefaultSqlSession.java:147)
	at org.apache.ibatis.session.defaults.DefaultSqlSession.selectList(DefaultSqlSession.java:142)
	at java.base/jdk.internal.reflect.DirectMethodHandleAccessor.invoke(DirectMethodHandleAccessor.java:103)
	at java.base/java.lang.reflect.Method.invoke(Method.java:580)
	at org.mybatis.spring.SqlSessionTemplate$SqlSessionInterceptor.invoke(SqlSessionTemplate.java:425)
	at jdk.proxy2/jdk.proxy2.$Proxy110.selectList(Unknown Source)
	at org.mybatis.spring.SqlSessionTemplate.selectList(SqlSessionTemplate.java:224)
	at org.apache.ibatis.binding.MapperMethod.executeForMany(MapperMethod.java:147)
	at org.apache.ibatis.binding.MapperMethod.execute(MapperMethod.java:80)
	at org.apache.ibatis.binding.MapperProxy$PlainMethodInvoker.invoke(MapperProxy.java:141)
	at org.apache.ibatis.binding.MapperProxy.invoke(MapperProxy.java:86)
	at jdk.proxy2/jdk.proxy2.$Proxy129.findAllBySellCountDesc(Unknown Source)
	at java.base/jdk.internal.reflect.DirectMethodHandleAccessor.invoke(DirectMethodHandleAccessor.java:103)
	at java.base/java.lang.reflect.Method.invoke(Method.java:580)
	at org.springframework.aop.support.AopUtils.invokeJoinpointUsingReflection(AopUtils.java:351)
	at org.springframework.aop.framework.ReflectiveMethodInvocation.invokeJoinpoint(ReflectiveMethodInvocation.java:196)
	at org.springframework.aop.framework.ReflectiveMethodInvocation.proceed(ReflectiveMethodInvocation.java:163)
	at org.springframework.dao.support.PersistenceExceptionTranslationInterceptor.invoke(PersistenceExceptionTranslationInterceptor.java:137)
	at org.springframework.aop.framework.ReflectiveMethodInvocation.proceed(ReflectiveMethodInvocation.java:184)
	at org.springframework.aop.framework.JdkDynamicAopProxy.invoke(JdkDynamicAopProxy.java:220)
	at jdk.proxy2/jdk.proxy2.$Proxy130.findAllBySellCountDesc(Unknown Source)
	at com.idle.shoppingmall.Service.Product.ProductService.findAllBySellCountDesc(ProductService.java:62)
	at java.base/jdk.internal.reflect.DirectMethodHandleAccessor.invoke(DirectMethodHandleAccessor.java:103)
	at java.base/java.lang.reflect.Method.invoke(Method.java:580)
	at org.springframework.aop.support.AopUtils.invokeJoinpointUsingReflection(AopUtils.java:351)
	at org.springframework.aop.framework.CglibAopProxy$DynamicAdvisedInterceptor.intercept(CglibAopProxy.java:713)
	at com.idle.shoppingmall.Service.Product.ProductService$$SpringCGLIB$$0.findAllBySellCountDesc(<generated>)
	at com.idle.shoppingmall.Controller.ControllerView.LatestViewController.findAllBySellCountDesc(LatestViewController.java:75)
	at java.base/jdk.internal.reflect.DirectMethodHandleAccessor.invoke(DirectMethodHandleAccessor.java:103)
	at java.base/java.lang.reflect.Method.invoke(Method.java:580)
	at org.springframework.web.method.support.InvocableHandlerMethod.doInvoke(InvocableHandlerMethod.java:255)
	at org.springframework.web.method.support.InvocableHandlerMethod.invokeForRequest(InvocableHandlerMethod.java:188)
	at org.springframework.web.servlet.mvc.method.annotation.ServletInvocableHandlerMethod.invokeAndHandle(ServletInvocableHandlerMethod.java:118)
	at org.springframework.web.servlet.mvc.method.annotation.RequestMappingHandlerAdapter.invokeHandlerMethod(RequestMappingHandlerAdapter.java:925)
	at org.springframework.web.servlet.mvc.method.annotation.RequestMappingHandlerAdapter.handleInternal(RequestMappingHandlerAdapter.java:830)
	at org.springframework.web.servlet.mvc.method.AbstractHandlerMethodAdapter.handle(AbstractHandlerMethodAdapter.java:87)
	at org.springframework.web.servlet.DispatcherServlet.doDispatch(DispatcherServlet.java:1089)
	at org.springframework.web.servlet.DispatcherServlet.doService(DispatcherServlet.java:979)
	at org.springframework.web.servlet.FrameworkServlet.processRequest(FrameworkServlet.java:1014)
	at org.springframework.web.servlet.FrameworkServlet.doPost(FrameworkServlet.java:914)
	at jakarta.servlet.http.HttpServlet.service(HttpServlet.java:590)
	at org.springframework.web.servlet.FrameworkServlet.service(FrameworkServlet.java:885)
	at jakarta.servlet.http.HttpServlet.service(HttpServlet.java:658)
	at org.apache.catalina.core.ApplicationFilterChain.internalDoFilter(ApplicationFilterChain.java:205)
	at org.apache.catalina.core.ApplicationFilterChain.doFilter(ApplicationFilterChain.java:149)
	at org.apache.tomcat.websocket.server.WsFilter.doFilter(WsFilter.java:51)
	at org.apache.catalina.core.ApplicationFilterChain.internalDoFilter(ApplicationFilterChain.java:174)
	at org.apache.catalina.core.ApplicationFilterChain.doFilter(ApplicationFilterChain.java:149)
	at org.springframework.web.filter.CompositeFilter$VirtualFilterChain.doFilter(CompositeFilter.java:108)
	at org.springframework.security.web.FilterChainProxy.lambda$doFilterInternal$3(FilterChainProxy.java:231)
	at org.springframework.security.web.FilterChainProxy$VirtualFilterChain.doFilter(FilterChainProxy.java:365)
	at org.springframework.security.web.access.intercept.AuthorizationFilter.doFilter(AuthorizationFilter.java:100)
	at org.springframework.security.web.FilterChainProxy$VirtualFilterChain.doFilter(FilterChainProxy.java:374)
	at org.springframework.security.web.access.ExceptionTranslationFilter.doFilter(ExceptionTranslationFilter.java:126)
	at org.springframework.security.web.access.ExceptionTranslationFilter.doFilter(ExceptionTranslationFilter.java:120)
	at org.springframework.security.web.FilterChainProxy$VirtualFilterChain.doFilter(FilterChainProxy.java:374)
	at org.springframework.security.web.authentication.AnonymousAuthenticationFilter.doFilter(AnonymousAuthenticationFilter.java:100)
	at org.springframework.security.web.FilterChainProxy$VirtualFilterChain.doFilter(FilterChainProxy.java:374)
	at org.springframework.security.web.servletapi.SecurityContextHolderAwareRequestFilter.doFilter(SecurityContextHolderAwareRequestFilter.java:179)
	at org.springframework.security.web.FilterChainProxy$VirtualFilterChain.doFilter(FilterChainProxy.java:374)
	at org.springframework.security.web.savedrequest.RequestCacheAwareFilter.doFilter(RequestCacheAwareFilter.java:63)
	at org.springframework.security.web.FilterChainProxy$VirtualFilterChain.doFilter(FilterChainProxy.java:374)
	at org.springframework.security.web.authentication.AbstractAuthenticationProcessingFilter.doFilter(AbstractAuthenticationProcessingFilter.java:227)
	at org.springframework.security.web.authentication.AbstractAuthenticationProcessingFilter.doFilter(AbstractAuthenticationProcessingFilter.java:221)
	at org.springframework.security.web.FilterChainProxy$VirtualFilterChain.doFilter(FilterChainProxy.java:374)
	at org.springframework.security.web.authentication.AbstractAuthenticationProcessingFilter.doFilter(AbstractAuthenticationProcessingFilter.java:227)
	at org.springframework.security.web.authentication.AbstractAuthenticationProcessingFilter.doFilter(AbstractAuthenticationProcessingFilter.java:221)
	at org.springframework.security.web.FilterChainProxy$VirtualFilterChain.doFilter(FilterChainProxy.java:374)
	at org.springframework.security.oauth2.client.web.OAuth2AuthorizationRequestRedirectFilter.doFilterInternal(OAuth2AuthorizationRequestRedirectFilter.java:181)
	at org.springframework.web.filter.OncePerRequestFilter.doFilter(OncePerRequestFilter.java:116)
	at org.springframework.security.web.FilterChainProxy$VirtualFilterChain.doFilter(FilterChainProxy.java:374)
	at org.springframework.security.web.authentication.logout.LogoutFilter.doFilter(LogoutFilter.java:107)
	at org.springframework.security.web.authentication.logout.LogoutFilter.doFilter(LogoutFilter.java:93)
	at org.springframework.security.web.FilterChainProxy$VirtualFilterChain.doFilter(FilterChainProxy.java:374)
	at org.springframework.web.filter.CorsFilter.doFilterInternal(CorsFilter.java:91)
	at org.springframework.web.filter.OncePerRequestFilter.doFilter(OncePerRequestFilter.java:116)
	at org.springframework.security.web.FilterChainProxy$VirtualFilterChain.doFilter(FilterChainProxy.java:374)
	at org.springframework.security.web.header.HeaderWriterFilter.doHeadersAfter(HeaderWriterFilter.java:90)
	at org.springframework.security.web.header.HeaderWriterFilter.doFilterInternal(HeaderWriterFilter.java:75)
	at org.springframework.web.filter.OncePerRequestFilter.doFilter(OncePerRequestFilter.java:116)
	at org.springframework.security.web.FilterChainProxy$VirtualFilterChain.doFilter(FilterChainProxy.java:374)
	at org.springframework.security.web.context.SecurityContextHolderFilter.doFilter(SecurityContextHolderFilter.java:82)
	at org.springframework.security.web.context.SecurityContextHolderFilter.doFilter(SecurityContextHolderFilter.java:69)
	at org.springframework.security.web.FilterChainProxy$VirtualFilterChain.doFilter(FilterChainProxy.java:374)
	at org.springframework.security.web.context.request.async.WebAsyncManagerIntegrationFilter.doFilterInternal(WebAsyncManagerIntegrationFilter.java:62)
	at org.springframework.web.filter.OncePerRequestFilter.doFilter(OncePerRequestFilter.java:116)
	at org.springframework.security.web.FilterChainProxy$VirtualFilterChain.doFilter(FilterChainProxy.java:374)
	at org.springframework.security.web.session.DisableEncodeUrlFilter.doFilterInternal(DisableEncodeUrlFilter.java:42)
	at org.springframework.web.filter.OncePerRequestFilter.doFilter(OncePerRequestFilter.java:116)
	at org.springframework.security.web.FilterChainProxy$VirtualFilterChain.doFilter(FilterChainProxy.java:374)
	at org.springframework.security.web.FilterChainProxy.doFilterInternal(FilterChainProxy.java:233)
	at org.springframework.security.web.FilterChainProxy.doFilter(FilterChainProxy.java:191)
	at org.springframework.web.filter.CompositeFilter$VirtualFilterChain.doFilter(CompositeFilter.java:113)
	at org.springframework.web.servlet.handler.HandlerMappingIntrospector.lambda$createCacheFilter$3(HandlerMappingIntrospector.java:195)
	at org.springframework.web.filter.CompositeFilter$VirtualFilterChain.doFilter(CompositeFilter.java:113)
	at org.springframework.web.filter.CompositeFilter.doFilter(CompositeFilter.java:74)
	at org.springframework.security.config.annotation.web.configuration.WebMvcSecurityConfiguration$CompositeFilterChainProxy.doFilter(WebMvcSecurityConfiguration.java:230)
	at org.springframework.web.filter.DelegatingFilterProxy.invokeDelegate(DelegatingFilterProxy.java:352)
	at org.springframework.web.filter.DelegatingFilterProxy.doFilter(DelegatingFilterProxy.java:268)
	at org.apache.catalina.core.ApplicationFilterChain.internalDoFilter(ApplicationFilterChain.java:174)
	at org.apache.catalina.core.ApplicationFilterChain.doFilter(ApplicationFilterChain.java:149)
	at org.springframework.web.filter.RequestContextFilter.doFilterInternal(RequestContextFilter.java:100)
	at org.springframework.web.filter.OncePerRequestFilter.doFilter(OncePerRequestFilter.java:116)
	at org.apache.catalina.core.ApplicationFilterChain.internalDoFilter(ApplicationFilterChain.java:174)
	at org.apache.catalina.core.ApplicationFilterChain.doFilter(ApplicationFilterChain.java:149)
	at org.springframework.web.filter.FormContentFilter.doFilterInternal(FormContentFilter.java:93)
	at org.springframework.web.filter.OncePerRequestFilter.doFilter(OncePerRequestFilter.java:116)
	at org.apache.catalina.core.ApplicationFilterChain.internalDoFilter(ApplicationFilterChain.java:174)
	at org.apache.catalina.core.ApplicationFilterChain.doFilter(ApplicationFilterChain.java:149)
	at org.springframework.web.filter.CharacterEncodingFilter.doFilterInternal(CharacterEncodingFilter.java:201)
	at org.springframework.web.filter.OncePerRequestFilter.doFilter(OncePerRequestFilter.java:116)
	at org.apache.catalina.core.ApplicationFilterChain.internalDoFilter(ApplicationFilterChain.java:174)
	at org.apache.catalina.core.ApplicationFilterChain.doFilter(ApplicationFilterChain.java:149)
	at org.apache.catalina.core.StandardWrapperValve.invoke(StandardWrapperValve.java:167)
	at org.apache.catalina.core.StandardContextValve.invoke(StandardContextValve.java:90)
	at org.apache.catalina.authenticator.AuthenticatorBase.invoke(AuthenticatorBase.java:482)
	at org.apache.catalina.core.StandardHostValve.invoke(StandardHostValve.java:115)
	at org.apache.catalina.valves.ErrorReportValve.invoke(ErrorReportValve.java:93)
	at org.apache.catalina.core.StandardEngineValve.invoke(StandardEngineValve.java:74)
	at org.apache.catalina.connector.CoyoteAdapter.service(CoyoteAdapter.java:344)
	at org.apache.coyote.http11.Http11Processor.service(Http11Processor.java:391)
	at org.apache.coyote.AbstractProcessorLight.process(AbstractProcessorLight.java:63)
	at org.apache.coyote.AbstractProtocol$ConnectionHandler.process(AbstractProtocol.java:896)
	at org.apache.tomcat.util.net.NioEndpoint$SocketProcessor.doRun(NioEndpoint.java:1744)
	at org.apache.tomcat.util.net.SocketProcessorBase.run(SocketProcessorBase.java:52)
	at org.apache.tomcat.util.threads.ThreadPoolExecutor.runWorker(ThreadPoolExecutor.java:1191)
	at org.apache.tomcat.util.threads.ThreadPoolExecutor$Worker.run(ThreadPoolExecutor.java:659)
	at org.apache.tomcat.util.threads.TaskThread$WrappingRunnable.run(TaskThread.java:63)
	at java.base/java.lang.Thread.run(Thread.java:1583)
2024-04-16 15:26:56.394 [ERROR] [io-9090-exec-10] .c.C.[.[.[.[dispatcherServlet] : log                  : 175        : Servlet.service() for servlet [dispatcherServlet] in context with path [] threw exception [Request processing failed: org.springframework.jdbc.BadSqlGrammarException: 
### Error querying database.  Cause: java.sql.SQLSyntaxErrorException: You have an error in your SQL syntax; check the manual that corresponds to your MySQL server version for the right syntax to use near '-12, 12' at line 7
### The error may exist in file [/Users/bagsuyeon/Desktop/Team_idle/target/classes/mapper/product/product.xml]
### The error may involve defaultParameterMap
### The error occurred while setting parameters
### SQL: SELECT p.product_id, p.pd_name, p.pd_price, p.pd_category, p.brand_id,                SUM(pd.pd_sell_count) AS pd_sell_count, p.created_who, p.created_at, p.count_love         FROM product AS p                  INNER JOIN product_detail AS pd ON p.product_id = pd.product_id         GROUP BY p.product_id         ORDER BY pd_sell_count DESC         LIMIT ?, ?;
### Cause: java.sql.SQLSyntaxErrorException: You have an error in your SQL syntax; check the manual that corresponds to your MySQL server version for the right syntax to use near '-12, 12' at line 7
; bad SQL grammar []] with root cause
java.sql.SQLSyntaxErrorException: You have an error in your SQL syntax; check the manual that corresponds to your MySQL server version for the right syntax to use near '-12, 12' at line 7
	at com.mysql.cj.jdbc.exceptions.SQLError.createSQLException(SQLError.java:120)
	at com.mysql.cj.jdbc.exceptions.SQLExceptionsMapping.translateException(SQLExceptionsMapping.java:122)
	at com.mysql.cj.jdbc.ClientPreparedStatement.executeInternal(ClientPreparedStatement.java:916)
	at com.mysql.cj.jdbc.ClientPreparedStatement.execute(ClientPreparedStatement.java:354)
	at com.zaxxer.hikari.pool.ProxyPreparedStatement.execute(ProxyPreparedStatement.java:44)
	at com.zaxxer.hikari.pool.HikariProxyPreparedStatement.execute(HikariProxyPreparedStatement.java)
	at org.apache.ibatis.executor.statement.PreparedStatementHandler.query(PreparedStatementHandler.java:65)
	at org.apache.ibatis.executor.statement.RoutingStatementHandler.query(RoutingStatementHandler.java:80)
	at org.apache.ibatis.executor.SimpleExecutor.doQuery(SimpleExecutor.java:65)
	at org.apache.ibatis.executor.BaseExecutor.queryFromDatabase(BaseExecutor.java:336)
	at org.apache.ibatis.executor.BaseExecutor.query(BaseExecutor.java:158)
	at org.apache.ibatis.executor.CachingExecutor.query(CachingExecutor.java:110)
	at org.apache.ibatis.executor.CachingExecutor.query(CachingExecutor.java:90)
	at org.apache.ibatis.session.defaults.DefaultSqlSession.selectList(DefaultSqlSession.java:154)
	at org.apache.ibatis.session.defaults.DefaultSqlSession.selectList(DefaultSqlSession.java:147)
	at org.apache.ibatis.session.defaults.DefaultSqlSession.selectList(DefaultSqlSession.java:142)
	at java.base/jdk.internal.reflect.DirectMethodHandleAccessor.invoke(DirectMethodHandleAccessor.java:103)
	at java.base/java.lang.reflect.Method.invoke(Method.java:580)
	at org.mybatis.spring.SqlSessionTemplate$SqlSessionInterceptor.invoke(SqlSessionTemplate.java:425)
	at jdk.proxy2/jdk.proxy2.$Proxy110.selectList(Unknown Source)
	at org.mybatis.spring.SqlSessionTemplate.selectList(SqlSessionTemplate.java:224)
	at org.apache.ibatis.binding.MapperMethod.executeForMany(MapperMethod.java:147)
	at org.apache.ibatis.binding.MapperMethod.execute(MapperMethod.java:80)
	at org.apache.ibatis.binding.MapperProxy$PlainMethodInvoker.invoke(MapperProxy.java:141)
	at org.apache.ibatis.binding.MapperProxy.invoke(MapperProxy.java:86)
	at jdk.proxy2/jdk.proxy2.$Proxy129.findAllBySellCountDesc(Unknown Source)
	at java.base/jdk.internal.reflect.DirectMethodHandleAccessor.invoke(DirectMethodHandleAccessor.java:103)
	at java.base/java.lang.reflect.Method.invoke(Method.java:580)
	at org.springframework.aop.support.AopUtils.invokeJoinpointUsingReflection(AopUtils.java:351)
	at org.springframework.aop.framework.ReflectiveMethodInvocation.invokeJoinpoint(ReflectiveMethodInvocation.java:196)
	at org.springframework.aop.framework.ReflectiveMethodInvocation.proceed(ReflectiveMethodInvocation.java:163)
	at org.springframework.dao.support.PersistenceExceptionTranslationInterceptor.invoke(PersistenceExceptionTranslationInterceptor.java:137)
	at org.springframework.aop.framework.ReflectiveMethodInvocation.proceed(ReflectiveMethodInvocation.java:184)
	at org.springframework.aop.framework.JdkDynamicAopProxy.invoke(JdkDynamicAopProxy.java:220)
	at jdk.proxy2/jdk.proxy2.$Proxy130.findAllBySellCountDesc(Unknown Source)
	at com.idle.shoppingmall.Service.Product.ProductService.findAllBySellCountDesc(ProductService.java:62)
	at java.base/jdk.internal.reflect.DirectMethodHandleAccessor.invoke(DirectMethodHandleAccessor.java:103)
	at java.base/java.lang.reflect.Method.invoke(Method.java:580)
	at org.springframework.aop.support.AopUtils.invokeJoinpointUsingReflection(AopUtils.java:351)
	at org.springframework.aop.framework.CglibAopProxy$DynamicAdvisedInterceptor.intercept(CglibAopProxy.java:713)
	at com.idle.shoppingmall.Service.Product.ProductService$$SpringCGLIB$$0.findAllBySellCountDesc(<generated>)
	at com.idle.shoppingmall.Controller.ControllerView.LatestViewController.findAllBySellCountDesc(LatestViewController.java:75)
	at java.base/jdk.internal.reflect.DirectMethodHandleAccessor.invoke(DirectMethodHandleAccessor.java:103)
	at java.base/java.lang.reflect.Method.invoke(Method.java:580)
	at org.springframework.web.method.support.InvocableHandlerMethod.doInvoke(InvocableHandlerMethod.java:255)
	at org.springframework.web.method.support.InvocableHandlerMethod.invokeForRequest(InvocableHandlerMethod.java:188)
	at org.springframework.web.servlet.mvc.method.annotation.ServletInvocableHandlerMethod.invokeAndHandle(ServletInvocableHandlerMethod.java:118)
	at org.springframework.web.servlet.mvc.method.annotation.RequestMappingHandlerAdapter.invokeHandlerMethod(RequestMappingHandlerAdapter.java:925)
	at org.springframework.web.servlet.mvc.method.annotation.RequestMappingHandlerAdapter.handleInternal(RequestMappingHandlerAdapter.java:830)
	at org.springframework.web.servlet.mvc.method.AbstractHandlerMethodAdapter.handle(AbstractHandlerMethodAdapter.java:87)
	at org.springframework.web.servlet.DispatcherServlet.doDispatch(DispatcherServlet.java:1089)
	at org.springframework.web.servlet.DispatcherServlet.doService(DispatcherServlet.java:979)
	at org.springframework.web.servlet.FrameworkServlet.processRequest(FrameworkServlet.java:1014)
	at org.springframework.web.servlet.FrameworkServlet.doPost(FrameworkServlet.java:914)
	at jakarta.servlet.http.HttpServlet.service(HttpServlet.java:590)
	at org.springframework.web.servlet.FrameworkServlet.service(FrameworkServlet.java:885)
	at jakarta.servlet.http.HttpServlet.service(HttpServlet.java:658)
	at org.apache.catalina.core.ApplicationFilterChain.internalDoFilter(ApplicationFilterChain.java:205)
	at org.apache.catalina.core.ApplicationFilterChain.doFilter(ApplicationFilterChain.java:149)
	at org.apache.tomcat.websocket.server.WsFilter.doFilter(WsFilter.java:51)
	at org.apache.catalina.core.ApplicationFilterChain.internalDoFilter(ApplicationFilterChain.java:174)
	at org.apache.catalina.core.ApplicationFilterChain.doFilter(ApplicationFilterChain.java:149)
	at org.springframework.web.filter.CompositeFilter$VirtualFilterChain.doFilter(CompositeFilter.java:108)
	at org.springframework.security.web.FilterChainProxy.lambda$doFilterInternal$3(FilterChainProxy.java:231)
	at org.springframework.security.web.FilterChainProxy$VirtualFilterChain.doFilter(FilterChainProxy.java:365)
	at org.springframework.security.web.access.intercept.AuthorizationFilter.doFilter(AuthorizationFilter.java:100)
	at org.springframework.security.web.FilterChainProxy$VirtualFilterChain.doFilter(FilterChainProxy.java:374)
	at org.springframework.security.web.access.ExceptionTranslationFilter.doFilter(ExceptionTranslationFilter.java:126)
	at org.springframework.security.web.access.ExceptionTranslationFilter.doFilter(ExceptionTranslationFilter.java:120)
	at org.springframework.security.web.FilterChainProxy$VirtualFilterChain.doFilter(FilterChainProxy.java:374)
	at org.springframework.security.web.authentication.AnonymousAuthenticationFilter.doFilter(AnonymousAuthenticationFilter.java:100)
	at org.springframework.security.web.FilterChainProxy$VirtualFilterChain.doFilter(FilterChainProxy.java:374)
	at org.springframework.security.web.servletapi.SecurityContextHolderAwareRequestFilter.doFilter(SecurityContextHolderAwareRequestFilter.java:179)
	at org.springframework.security.web.FilterChainProxy$VirtualFilterChain.doFilter(FilterChainProxy.java:374)
	at org.springframework.security.web.savedrequest.RequestCacheAwareFilter.doFilter(RequestCacheAwareFilter.java:63)
	at org.springframework.security.web.FilterChainProxy$VirtualFilterChain.doFilter(FilterChainProxy.java:374)
	at org.springframework.security.web.authentication.AbstractAuthenticationProcessingFilter.doFilter(AbstractAuthenticationProcessingFilter.java:227)
	at org.springframework.security.web.authentication.AbstractAuthenticationProcessingFilter.doFilter(AbstractAuthenticationProcessingFilter.java:221)
	at org.springframework.security.web.FilterChainProxy$VirtualFilterChain.doFilter(FilterChainProxy.java:374)
	at org.springframework.security.web.authentication.AbstractAuthenticationProcessingFilter.doFilter(AbstractAuthenticationProcessingFilter.java:227)
	at org.springframework.security.web.authentication.AbstractAuthenticationProcessingFilter.doFilter(AbstractAuthenticationProcessingFilter.java:221)
	at org.springframework.security.web.FilterChainProxy$VirtualFilterChain.doFilter(FilterChainProxy.java:374)
	at org.springframework.security.oauth2.client.web.OAuth2AuthorizationRequestRedirectFilter.doFilterInternal(OAuth2AuthorizationRequestRedirectFilter.java:181)
	at org.springframework.web.filter.OncePerRequestFilter.doFilter(OncePerRequestFilter.java:116)
	at org.springframework.security.web.FilterChainProxy$VirtualFilterChain.doFilter(FilterChainProxy.java:374)
	at org.springframework.security.web.authentication.logout.LogoutFilter.doFilter(LogoutFilter.java:107)
	at org.springframework.security.web.authentication.logout.LogoutFilter.doFilter(LogoutFilter.java:93)
	at org.springframework.security.web.FilterChainProxy$VirtualFilterChain.doFilter(FilterChainProxy.java:374)
	at org.springframework.web.filter.CorsFilter.doFilterInternal(CorsFilter.java:91)
	at org.springframework.web.filter.OncePerRequestFilter.doFilter(OncePerRequestFilter.java:116)
	at org.springframework.security.web.FilterChainProxy$VirtualFilterChain.doFilter(FilterChainProxy.java:374)
	at org.springframework.security.web.header.HeaderWriterFilter.doHeadersAfter(HeaderWriterFilter.java:90)
	at org.springframework.security.web.header.HeaderWriterFilter.doFilterInternal(HeaderWriterFilter.java:75)
	at org.springframework.web.filter.OncePerRequestFilter.doFilter(OncePerRequestFilter.java:116)
	at org.springframework.security.web.FilterChainProxy$VirtualFilterChain.doFilter(FilterChainProxy.java:374)
	at org.springframework.security.web.context.SecurityContextHolderFilter.doFilter(SecurityContextHolderFilter.java:82)
	at org.springframework.security.web.context.SecurityContextHolderFilter.doFilter(SecurityContextHolderFilter.java:69)
	at org.springframework.security.web.FilterChainProxy$VirtualFilterChain.doFilter(FilterChainProxy.java:374)
	at org.springframework.security.web.context.request.async.WebAsyncManagerIntegrationFilter.doFilterInternal(WebAsyncManagerIntegrationFilter.java:62)
	at org.springframework.web.filter.OncePerRequestFilter.doFilter(OncePerRequestFilter.java:116)
	at org.springframework.security.web.FilterChainProxy$VirtualFilterChain.doFilter(FilterChainProxy.java:374)
	at org.springframework.security.web.session.DisableEncodeUrlFilter.doFilterInternal(DisableEncodeUrlFilter.java:42)
	at org.springframework.web.filter.OncePerRequestFilter.doFilter(OncePerRequestFilter.java:116)
	at org.springframework.security.web.FilterChainProxy$VirtualFilterChain.doFilter(FilterChainProxy.java:374)
	at org.springframework.security.web.FilterChainProxy.doFilterInternal(FilterChainProxy.java:233)
	at org.springframework.security.web.FilterChainProxy.doFilter(FilterChainProxy.java:191)
	at org.springframework.web.filter.CompositeFilter$VirtualFilterChain.doFilter(CompositeFilter.java:113)
	at org.springframework.web.servlet.handler.HandlerMappingIntrospector.lambda$createCacheFilter$3(HandlerMappingIntrospector.java:195)
	at org.springframework.web.filter.CompositeFilter$VirtualFilterChain.doFilter(CompositeFilter.java:113)
	at org.springframework.web.filter.CompositeFilter.doFilter(CompositeFilter.java:74)
	at org.springframework.security.config.annotation.web.configuration.WebMvcSecurityConfiguration$CompositeFilterChainProxy.doFilter(WebMvcSecurityConfiguration.java:230)
	at org.springframework.web.filter.DelegatingFilterProxy.invokeDelegate(DelegatingFilterProxy.java:352)
	at org.springframework.web.filter.DelegatingFilterProxy.doFilter(DelegatingFilterProxy.java:268)
	at org.apache.catalina.core.ApplicationFilterChain.internalDoFilter(ApplicationFilterChain.java:174)
	at org.apache.catalina.core.ApplicationFilterChain.doFilter(ApplicationFilterChain.java:149)
	at org.springframework.web.filter.RequestContextFilter.doFilterInternal(RequestContextFilter.java:100)
	at org.springframework.web.filter.OncePerRequestFilter.doFilter(OncePerRequestFilter.java:116)
	at org.apache.catalina.core.ApplicationFilterChain.internalDoFilter(ApplicationFilterChain.java:174)
	at org.apache.catalina.core.ApplicationFilterChain.doFilter(ApplicationFilterChain.java:149)
	at org.springframework.web.filter.FormContentFilter.doFilterInternal(FormContentFilter.java:93)
	at org.springframework.web.filter.OncePerRequestFilter.doFilter(OncePerRequestFilter.java:116)
	at org.apache.catalina.core.ApplicationFilterChain.internalDoFilter(ApplicationFilterChain.java:174)
	at org.apache.catalina.core.ApplicationFilterChain.doFilter(ApplicationFilterChain.java:149)
	at org.springframework.web.filter.CharacterEncodingFilter.doFilterInternal(CharacterEncodingFilter.java:201)
	at org.springframework.web.filter.OncePerRequestFilter.doFilter(OncePerRequestFilter.java:116)
	at org.apache.catalina.core.ApplicationFilterChain.internalDoFilter(ApplicationFilterChain.java:174)
	at org.apache.catalina.core.ApplicationFilterChain.doFilter(ApplicationFilterChain.java:149)
	at org.apache.catalina.core.StandardWrapperValve.invoke(StandardWrapperValve.java:167)
	at org.apache.catalina.core.StandardContextValve.invoke(StandardContextValve.java:90)
	at org.apache.catalina.authenticator.AuthenticatorBase.invoke(AuthenticatorBase.java:482)
	at org.apache.catalina.core.StandardHostValve.invoke(StandardHostValve.java:115)
	at org.apache.catalina.valves.ErrorReportValve.invoke(ErrorReportValve.java:93)
	at org.apache.catalina.core.StandardEngineValve.invoke(StandardEngineValve.java:74)
	at org.apache.catalina.connector.CoyoteAdapter.service(CoyoteAdapter.java:344)
	at org.apache.coyote.http11.Http11Processor.service(Http11Processor.java:391)
	at org.apache.coyote.AbstractProcessorLight.process(AbstractProcessorLight.java:63)
	at org.apache.coyote.AbstractProtocol$ConnectionHandler.process(AbstractProtocol.java:896)
	at org.apache.tomcat.util.net.NioEndpoint$SocketProcessor.doRun(NioEndpoint.java:1744)
	at org.apache.tomcat.util.net.SocketProcessorBase.run(SocketProcessorBase.java:52)
	at org.apache.tomcat.util.threads.ThreadPoolExecutor.runWorker(ThreadPoolExecutor.java:1191)
	at org.apache.tomcat.util.threads.ThreadPoolExecutor$Worker.run(ThreadPoolExecutor.java:659)
	at org.apache.tomcat.util.threads.TaskThread$WrappingRunnable.run(TaskThread.java:63)
	at java.base/java.lang.Thread.run(Thread.java:1583)
2024-04-16 15:27:42.714 [ INFO] [ionShutdownHook] tainerEntityManagerFactoryBean : destroy              : 650        : Closing JPA EntityManagerFactory for persistence unit 'default'
2024-04-16 15:27:42.716 [ INFO] [ionShutdownHook] c.z.h.HikariDataSource         : close                : 350        : HikariPool-1 - Shutdown initiated...
2024-04-16 15:27:42.718 [ INFO] [ionShutdownHook] c.z.h.HikariDataSource         : close                : 352        : HikariPool-1 - Shutdown completed.
2024-04-16 15:27:44.041 [ INFO] [kground-preinit] o.h.v.i.u.Version              : <clinit>             : 21         : HV000001: Hibernate Validator 8.0.1.Final
2024-04-16 15:27:44.051 [ INFO] [           main] c.i.s.ShoppingMallApplication  : logStarting          : 50         : Starting ShoppingMallApplication using Java 21.0.2 with PID 63140 (/Users/bagsuyeon/Desktop/Team_idle/target/classes started by bagsuyeon in /Users/bagsuyeon/Desktop/Team_idle)
2024-04-16 15:27:44.052 [ INFO] [           main] c.i.s.ShoppingMallApplication  : ogStartupProfileInfo : 654        : No active profile set, falling back to 1 default profile: "default"
2024-04-16 15:27:44.344 [ INFO] [           main] epositoryConfigurationDelegate : gisterRepositoriesIn : 139        : Bootstrapping Spring Data JPA repositories in DEFAULT mode.
2024-04-16 15:27:44.354 [ INFO] [           main] epositoryConfigurationDelegate : gisterRepositoriesIn : 208        : Finished Spring Data repository scanning in 7 ms. Found 0 JPA repository interfaces.
2024-04-16 15:27:44.539 [ INFO] [           main] o.a.c.h.Http11NioProtocol      : log                  : 173        : Initializing ProtocolHandler ["http-nio-9090"]
2024-04-16 15:27:44.540 [ INFO] [           main] o.a.c.c.StandardService        : log                  : 173        : Starting service [Tomcat]
2024-04-16 15:27:44.540 [ INFO] [           main] o.a.c.c.StandardEngine         : log                  : 173        : Starting Servlet engine: [Apache Tomcat/10.1.19]
2024-04-16 15:27:44.556 [ INFO] [           main] o.a.c.c.C.[.[.[/]              : log                  : 173        : Initializing Spring embedded WebApplicationContext
2024-04-16 15:27:44.611 [ INFO] [           main] c.z.h.HikariDataSource         : getConnection        : 110        : HikariPool-1 - Starting...
2024-04-16 15:27:44.791 [ INFO] [           main] c.z.h.p.HikariPool             : checkFailFast        : 565        : HikariPool-1 - Added connection com.mysql.cj.jdbc.ConnectionImpl@66020d69
2024-04-16 15:27:44.792 [ INFO] [           main] c.z.h.HikariDataSource         : getConnection        : 123        : HikariPool-1 - Start completed.
2024-04-16 15:27:44.811 [ INFO] [           main] o.h.j.i.u.LogHelper            : tenceUnitInformation : 31         : HHH000204: Processing PersistenceUnitInfo [name: default]
2024-04-16 15:27:44.835 [ INFO] [           main] o.h.Version                    : logVersion           : 44         : HHH000412: Hibernate ORM core version 6.4.4.Final
2024-04-16 15:27:44.847 [ INFO] [           main] o.h.c.i.RegionFactoryInitiator : initiateService      : 50         : HHH000026: Second-level cache disabled
2024-04-16 15:27:44.924 [ INFO] [           main] .j.p.SpringPersistenceUnitInfo : addTransformer       : 87         : No LoadTimeWeaver setup: ignoring JPA class transformer
2024-04-16 15:27:45.128 [ INFO] [           main] e.t.j.p.i.JtaPlatformInitiator : initiateService      : 58         : HHH000489: No JTA platform available (set 'hibernate.transaction.jta.platform' to enable JTA platform integration)
2024-04-16 15:27:45.130 [ INFO] [           main] tainerEntityManagerFactoryBean : EntityManagerFactory : 437        : Initialized JPA EntityManagerFactory for persistence unit 'default'
2024-04-16 15:27:45.483 [ WARN] [           main] figuration$JpaWebConfiguration : gerInViewInterceptor : 232        : spring.jpa.open-in-view is enabled by default. Therefore, database queries may be performed during view rendering. Explicitly configure spring.jpa.open-in-view to disable this warning
2024-04-16 15:27:45.591 [ INFO] [           main] s.w.DefaultSecurityFilterChain : <init>               : 54         : Will secure any request with [org.springframework.security.web.session.DisableEncodeUrlFilter@5d200dce, org.springframework.security.web.context.request.async.WebAsyncManagerIntegrationFilter@1a59500b, org.springframework.security.web.context.SecurityContextHolderFilter@3bdc8975, org.springframework.security.web.header.HeaderWriterFilter@1f207142, org.springframework.web.filter.CorsFilter@4e3c0627, org.springframework.security.web.authentication.logout.LogoutFilter@c7d173f, org.springframework.security.oauth2.client.web.OAuth2AuthorizationRequestRedirectFilter@76876421, org.springframework.security.oauth2.client.web.OAuth2LoginAuthenticationFilter@363e2009, org.springframework.security.web.authentication.UsernamePasswordAuthenticationFilter@5746609e, org.springframework.security.web.savedrequest.RequestCacheAwareFilter@7a57c5d9, org.springframework.security.web.servletapi.SecurityContextHolderAwareRequestFilter@742aa00a, org.springframework.security.web.authentication.AnonymousAuthenticationFilter@57f6fc09, org.springframework.security.web.access.ExceptionTranslationFilter@5058fefb, org.springframework.security.web.access.intercept.AuthorizationFilter@178c4480]
2024-04-16 15:27:45.676 [ INFO] [           main] o.a.c.h.Http11NioProtocol      : log                  : 173        : Starting ProtocolHandler ["http-nio-9090"]
2024-04-16 15:27:45.686 [ INFO] [           main] c.i.s.ShoppingMallApplication  : logStarted           : 56         : Started ShoppingMallApplication in 1.765 seconds (process running for 2.236)
2024-04-16 15:27:48.240 [ INFO] [nio-9090-exec-1] o.a.c.c.C.[.[.[/]              : log                  : 173        : Initializing Spring DispatcherServlet 'dispatcherServlet'
2024-04-16 15:27:48.240 [ INFO] [nio-9090-exec-1] o.s.w.s.DispatcherServlet      : initServletBean      : 532        : Initializing Servlet 'dispatcherServlet'
2024-04-16 15:27:48.241 [ INFO] [nio-9090-exec-1] o.s.w.s.DispatcherServlet      : initServletBean      : 554        : Completed initialization in 1 ms
2024-04-16 15:27:48.520 [ERROR] [io-9090-exec-10] .c.C.[.[.[.[dispatcherServlet] : log                  : 175        : Servlet.service() for servlet [dispatcherServlet] in context with path [] threw exception [Request processing failed: org.springframework.jdbc.BadSqlGrammarException: 
### Error querying database.  Cause: java.sql.SQLSyntaxErrorException: You have an error in your SQL syntax; check the manual that corresponds to your MySQL server version for the right syntax to use near '-12, 12' at line 7
### The error may exist in file [/Users/bagsuyeon/Desktop/Team_idle/target/classes/mapper/product/product.xml]
### The error may involve defaultParameterMap
### The error occurred while setting parameters
### SQL: SELECT p.product_id, p.pd_name, p.pd_price, p.pd_category, p.brand_id,                SUM(pd.pd_sell_count) AS pd_sell_count, p.created_who, p.created_at, p.count_love         FROM product AS p                  INNER JOIN product_detail AS pd ON p.product_id = pd.product_id         GROUP BY p.product_id         ORDER BY pd_sell_count DESC         LIMIT ?, ?;
### Cause: java.sql.SQLSyntaxErrorException: You have an error in your SQL syntax; check the manual that corresponds to your MySQL server version for the right syntax to use near '-12, 12' at line 7
; bad SQL grammar []] with root cause
java.sql.SQLSyntaxErrorException: You have an error in your SQL syntax; check the manual that corresponds to your MySQL server version for the right syntax to use near '-12, 12' at line 7
	at com.mysql.cj.jdbc.exceptions.SQLError.createSQLException(SQLError.java:120)
	at com.mysql.cj.jdbc.exceptions.SQLExceptionsMapping.translateException(SQLExceptionsMapping.java:122)
	at com.mysql.cj.jdbc.ClientPreparedStatement.executeInternal(ClientPreparedStatement.java:916)
	at com.mysql.cj.jdbc.ClientPreparedStatement.execute(ClientPreparedStatement.java:354)
	at com.zaxxer.hikari.pool.ProxyPreparedStatement.execute(ProxyPreparedStatement.java:44)
	at com.zaxxer.hikari.pool.HikariProxyPreparedStatement.execute(HikariProxyPreparedStatement.java)
	at org.apache.ibatis.executor.statement.PreparedStatementHandler.query(PreparedStatementHandler.java:65)
	at org.apache.ibatis.executor.statement.RoutingStatementHandler.query(RoutingStatementHandler.java:80)
	at org.apache.ibatis.executor.SimpleExecutor.doQuery(SimpleExecutor.java:65)
	at org.apache.ibatis.executor.BaseExecutor.queryFromDatabase(BaseExecutor.java:336)
	at org.apache.ibatis.executor.BaseExecutor.query(BaseExecutor.java:158)
	at org.apache.ibatis.executor.CachingExecutor.query(CachingExecutor.java:110)
	at org.apache.ibatis.executor.CachingExecutor.query(CachingExecutor.java:90)
	at org.apache.ibatis.session.defaults.DefaultSqlSession.selectList(DefaultSqlSession.java:154)
	at org.apache.ibatis.session.defaults.DefaultSqlSession.selectList(DefaultSqlSession.java:147)
	at org.apache.ibatis.session.defaults.DefaultSqlSession.selectList(DefaultSqlSession.java:142)
	at java.base/jdk.internal.reflect.DirectMethodHandleAccessor.invoke(DirectMethodHandleAccessor.java:103)
	at java.base/java.lang.reflect.Method.invoke(Method.java:580)
	at org.mybatis.spring.SqlSessionTemplate$SqlSessionInterceptor.invoke(SqlSessionTemplate.java:425)
	at jdk.proxy2/jdk.proxy2.$Proxy110.selectList(Unknown Source)
	at org.mybatis.spring.SqlSessionTemplate.selectList(SqlSessionTemplate.java:224)
	at org.apache.ibatis.binding.MapperMethod.executeForMany(MapperMethod.java:147)
	at org.apache.ibatis.binding.MapperMethod.execute(MapperMethod.java:80)
	at org.apache.ibatis.binding.MapperProxy$PlainMethodInvoker.invoke(MapperProxy.java:141)
	at org.apache.ibatis.binding.MapperProxy.invoke(MapperProxy.java:86)
	at jdk.proxy2/jdk.proxy2.$Proxy129.findAllBySellCountDesc(Unknown Source)
	at java.base/jdk.internal.reflect.DirectMethodHandleAccessor.invoke(DirectMethodHandleAccessor.java:103)
	at java.base/java.lang.reflect.Method.invoke(Method.java:580)
	at org.springframework.aop.support.AopUtils.invokeJoinpointUsingReflection(AopUtils.java:351)
	at org.springframework.aop.framework.ReflectiveMethodInvocation.invokeJoinpoint(ReflectiveMethodInvocation.java:196)
	at org.springframework.aop.framework.ReflectiveMethodInvocation.proceed(ReflectiveMethodInvocation.java:163)
	at org.springframework.dao.support.PersistenceExceptionTranslationInterceptor.invoke(PersistenceExceptionTranslationInterceptor.java:137)
	at org.springframework.aop.framework.ReflectiveMethodInvocation.proceed(ReflectiveMethodInvocation.java:184)
	at org.springframework.aop.framework.JdkDynamicAopProxy.invoke(JdkDynamicAopProxy.java:220)
	at jdk.proxy2/jdk.proxy2.$Proxy130.findAllBySellCountDesc(Unknown Source)
	at com.idle.shoppingmall.Service.Product.ProductService.findAllBySellCountDesc(ProductService.java:62)
	at java.base/jdk.internal.reflect.DirectMethodHandleAccessor.invoke(DirectMethodHandleAccessor.java:103)
	at java.base/java.lang.reflect.Method.invoke(Method.java:580)
	at org.springframework.aop.support.AopUtils.invokeJoinpointUsingReflection(AopUtils.java:351)
	at org.springframework.aop.framework.CglibAopProxy$DynamicAdvisedInterceptor.intercept(CglibAopProxy.java:713)
	at com.idle.shoppingmall.Service.Product.ProductService$$SpringCGLIB$$0.findAllBySellCountDesc(<generated>)
	at com.idle.shoppingmall.Controller.ControllerView.LatestViewController.findAllBySellCountDesc(LatestViewController.java:75)
	at java.base/jdk.internal.reflect.DirectMethodHandleAccessor.invoke(DirectMethodHandleAccessor.java:103)
	at java.base/java.lang.reflect.Method.invoke(Method.java:580)
	at org.springframework.web.method.support.InvocableHandlerMethod.doInvoke(InvocableHandlerMethod.java:255)
	at org.springframework.web.method.support.InvocableHandlerMethod.invokeForRequest(InvocableHandlerMethod.java:188)
	at org.springframework.web.servlet.mvc.method.annotation.ServletInvocableHandlerMethod.invokeAndHandle(ServletInvocableHandlerMethod.java:118)
	at org.springframework.web.servlet.mvc.method.annotation.RequestMappingHandlerAdapter.invokeHandlerMethod(RequestMappingHandlerAdapter.java:925)
	at org.springframework.web.servlet.mvc.method.annotation.RequestMappingHandlerAdapter.handleInternal(RequestMappingHandlerAdapter.java:830)
	at org.springframework.web.servlet.mvc.method.AbstractHandlerMethodAdapter.handle(AbstractHandlerMethodAdapter.java:87)
	at org.springframework.web.servlet.DispatcherServlet.doDispatch(DispatcherServlet.java:1089)
	at org.springframework.web.servlet.DispatcherServlet.doService(DispatcherServlet.java:979)
	at org.springframework.web.servlet.FrameworkServlet.processRequest(FrameworkServlet.java:1014)
	at org.springframework.web.servlet.FrameworkServlet.doPost(FrameworkServlet.java:914)
	at jakarta.servlet.http.HttpServlet.service(HttpServlet.java:590)
	at org.springframework.web.servlet.FrameworkServlet.service(FrameworkServlet.java:885)
	at jakarta.servlet.http.HttpServlet.service(HttpServlet.java:658)
	at org.apache.catalina.core.ApplicationFilterChain.internalDoFilter(ApplicationFilterChain.java:205)
	at org.apache.catalina.core.ApplicationFilterChain.doFilter(ApplicationFilterChain.java:149)
	at org.apache.tomcat.websocket.server.WsFilter.doFilter(WsFilter.java:51)
	at org.apache.catalina.core.ApplicationFilterChain.internalDoFilter(ApplicationFilterChain.java:174)
	at org.apache.catalina.core.ApplicationFilterChain.doFilter(ApplicationFilterChain.java:149)
	at org.springframework.web.filter.CompositeFilter$VirtualFilterChain.doFilter(CompositeFilter.java:108)
	at org.springframework.security.web.FilterChainProxy.lambda$doFilterInternal$3(FilterChainProxy.java:231)
	at org.springframework.security.web.FilterChainProxy$VirtualFilterChain.doFilter(FilterChainProxy.java:365)
	at org.springframework.security.web.access.intercept.AuthorizationFilter.doFilter(AuthorizationFilter.java:100)
	at org.springframework.security.web.FilterChainProxy$VirtualFilterChain.doFilter(FilterChainProxy.java:374)
	at org.springframework.security.web.access.ExceptionTranslationFilter.doFilter(ExceptionTranslationFilter.java:126)
	at org.springframework.security.web.access.ExceptionTranslationFilter.doFilter(ExceptionTranslationFilter.java:120)
	at org.springframework.security.web.FilterChainProxy$VirtualFilterChain.doFilter(FilterChainProxy.java:374)
	at org.springframework.security.web.authentication.AnonymousAuthenticationFilter.doFilter(AnonymousAuthenticationFilter.java:100)
	at org.springframework.security.web.FilterChainProxy$VirtualFilterChain.doFilter(FilterChainProxy.java:374)
	at org.springframework.security.web.servletapi.SecurityContextHolderAwareRequestFilter.doFilter(SecurityContextHolderAwareRequestFilter.java:179)
	at org.springframework.security.web.FilterChainProxy$VirtualFilterChain.doFilter(FilterChainProxy.java:374)
	at org.springframework.security.web.savedrequest.RequestCacheAwareFilter.doFilter(RequestCacheAwareFilter.java:63)
	at org.springframework.security.web.FilterChainProxy$VirtualFilterChain.doFilter(FilterChainProxy.java:374)
	at org.springframework.security.web.authentication.AbstractAuthenticationProcessingFilter.doFilter(AbstractAuthenticationProcessingFilter.java:227)
	at org.springframework.security.web.authentication.AbstractAuthenticationProcessingFilter.doFilter(AbstractAuthenticationProcessingFilter.java:221)
	at org.springframework.security.web.FilterChainProxy$VirtualFilterChain.doFilter(FilterChainProxy.java:374)
	at org.springframework.security.web.authentication.AbstractAuthenticationProcessingFilter.doFilter(AbstractAuthenticationProcessingFilter.java:227)
	at org.springframework.security.web.authentication.AbstractAuthenticationProcessingFilter.doFilter(AbstractAuthenticationProcessingFilter.java:221)
	at org.springframework.security.web.FilterChainProxy$VirtualFilterChain.doFilter(FilterChainProxy.java:374)
	at org.springframework.security.oauth2.client.web.OAuth2AuthorizationRequestRedirectFilter.doFilterInternal(OAuth2AuthorizationRequestRedirectFilter.java:181)
	at org.springframework.web.filter.OncePerRequestFilter.doFilter(OncePerRequestFilter.java:116)
	at org.springframework.security.web.FilterChainProxy$VirtualFilterChain.doFilter(FilterChainProxy.java:374)
	at org.springframework.security.web.authentication.logout.LogoutFilter.doFilter(LogoutFilter.java:107)
	at org.springframework.security.web.authentication.logout.LogoutFilter.doFilter(LogoutFilter.java:93)
	at org.springframework.security.web.FilterChainProxy$VirtualFilterChain.doFilter(FilterChainProxy.java:374)
	at org.springframework.web.filter.CorsFilter.doFilterInternal(CorsFilter.java:91)
	at org.springframework.web.filter.OncePerRequestFilter.doFilter(OncePerRequestFilter.java:116)
	at org.springframework.security.web.FilterChainProxy$VirtualFilterChain.doFilter(FilterChainProxy.java:374)
	at org.springframework.security.web.header.HeaderWriterFilter.doHeadersAfter(HeaderWriterFilter.java:90)
	at org.springframework.security.web.header.HeaderWriterFilter.doFilterInternal(HeaderWriterFilter.java:75)
	at org.springframework.web.filter.OncePerRequestFilter.doFilter(OncePerRequestFilter.java:116)
	at org.springframework.security.web.FilterChainProxy$VirtualFilterChain.doFilter(FilterChainProxy.java:374)
	at org.springframework.security.web.context.SecurityContextHolderFilter.doFilter(SecurityContextHolderFilter.java:82)
	at org.springframework.security.web.context.SecurityContextHolderFilter.doFilter(SecurityContextHolderFilter.java:69)
	at org.springframework.security.web.FilterChainProxy$VirtualFilterChain.doFilter(FilterChainProxy.java:374)
	at org.springframework.security.web.context.request.async.WebAsyncManagerIntegrationFilter.doFilterInternal(WebAsyncManagerIntegrationFilter.java:62)
	at org.springframework.web.filter.OncePerRequestFilter.doFilter(OncePerRequestFilter.java:116)
	at org.springframework.security.web.FilterChainProxy$VirtualFilterChain.doFilter(FilterChainProxy.java:374)
	at org.springframework.security.web.session.DisableEncodeUrlFilter.doFilterInternal(DisableEncodeUrlFilter.java:42)
	at org.springframework.web.filter.OncePerRequestFilter.doFilter(OncePerRequestFilter.java:116)
	at org.springframework.security.web.FilterChainProxy$VirtualFilterChain.doFilter(FilterChainProxy.java:374)
	at org.springframework.security.web.FilterChainProxy.doFilterInternal(FilterChainProxy.java:233)
	at org.springframework.security.web.FilterChainProxy.doFilter(FilterChainProxy.java:191)
	at org.springframework.web.filter.CompositeFilter$VirtualFilterChain.doFilter(CompositeFilter.java:113)
	at org.springframework.web.servlet.handler.HandlerMappingIntrospector.lambda$createCacheFilter$3(HandlerMappingIntrospector.java:195)
	at org.springframework.web.filter.CompositeFilter$VirtualFilterChain.doFilter(CompositeFilter.java:113)
	at org.springframework.web.filter.CompositeFilter.doFilter(CompositeFilter.java:74)
	at org.springframework.security.config.annotation.web.configuration.WebMvcSecurityConfiguration$CompositeFilterChainProxy.doFilter(WebMvcSecurityConfiguration.java:230)
	at org.springframework.web.filter.DelegatingFilterProxy.invokeDelegate(DelegatingFilterProxy.java:352)
	at org.springframework.web.filter.DelegatingFilterProxy.doFilter(DelegatingFilterProxy.java:268)
	at org.apache.catalina.core.ApplicationFilterChain.internalDoFilter(ApplicationFilterChain.java:174)
	at org.apache.catalina.core.ApplicationFilterChain.doFilter(ApplicationFilterChain.java:149)
	at org.springframework.web.filter.RequestContextFilter.doFilterInternal(RequestContextFilter.java:100)
	at org.springframework.web.filter.OncePerRequestFilter.doFilter(OncePerRequestFilter.java:116)
	at org.apache.catalina.core.ApplicationFilterChain.internalDoFilter(ApplicationFilterChain.java:174)
	at org.apache.catalina.core.ApplicationFilterChain.doFilter(ApplicationFilterChain.java:149)
	at org.springframework.web.filter.FormContentFilter.doFilterInternal(FormContentFilter.java:93)
	at org.springframework.web.filter.OncePerRequestFilter.doFilter(OncePerRequestFilter.java:116)
	at org.apache.catalina.core.ApplicationFilterChain.internalDoFilter(ApplicationFilterChain.java:174)
	at org.apache.catalina.core.ApplicationFilterChain.doFilter(ApplicationFilterChain.java:149)
	at org.springframework.web.filter.CharacterEncodingFilter.doFilterInternal(CharacterEncodingFilter.java:201)
	at org.springframework.web.filter.OncePerRequestFilter.doFilter(OncePerRequestFilter.java:116)
	at org.apache.catalina.core.ApplicationFilterChain.internalDoFilter(ApplicationFilterChain.java:174)
	at org.apache.catalina.core.ApplicationFilterChain.doFilter(ApplicationFilterChain.java:149)
	at org.apache.catalina.core.StandardWrapperValve.invoke(StandardWrapperValve.java:167)
	at org.apache.catalina.core.StandardContextValve.invoke(StandardContextValve.java:90)
	at org.apache.catalina.authenticator.AuthenticatorBase.invoke(AuthenticatorBase.java:482)
	at org.apache.catalina.core.StandardHostValve.invoke(StandardHostValve.java:115)
	at org.apache.catalina.valves.ErrorReportValve.invoke(ErrorReportValve.java:93)
	at org.apache.catalina.core.StandardEngineValve.invoke(StandardEngineValve.java:74)
	at org.apache.catalina.connector.CoyoteAdapter.service(CoyoteAdapter.java:344)
	at org.apache.coyote.http11.Http11Processor.service(Http11Processor.java:391)
	at org.apache.coyote.AbstractProcessorLight.process(AbstractProcessorLight.java:63)
	at org.apache.coyote.AbstractProtocol$ConnectionHandler.process(AbstractProtocol.java:896)
	at org.apache.tomcat.util.net.NioEndpoint$SocketProcessor.doRun(NioEndpoint.java:1744)
	at org.apache.tomcat.util.net.SocketProcessorBase.run(SocketProcessorBase.java:52)
	at org.apache.tomcat.util.threads.ThreadPoolExecutor.runWorker(ThreadPoolExecutor.java:1191)
	at org.apache.tomcat.util.threads.ThreadPoolExecutor$Worker.run(ThreadPoolExecutor.java:659)
	at org.apache.tomcat.util.threads.TaskThread$WrappingRunnable.run(TaskThread.java:63)
	at java.base/java.lang.Thread.run(Thread.java:1583)
2024-04-16 15:28:12.971 [ INFO] [ionShutdownHook] tainerEntityManagerFactoryBean : destroy              : 650        : Closing JPA EntityManagerFactory for persistence unit 'default'
2024-04-16 15:28:12.972 [ INFO] [ionShutdownHook] c.z.h.HikariDataSource         : close                : 350        : HikariPool-1 - Shutdown initiated...
2024-04-16 15:28:12.975 [ INFO] [ionShutdownHook] c.z.h.HikariDataSource         : close                : 352        : HikariPool-1 - Shutdown completed.
2024-04-16 17:29:10.110 [ INFO] [kground-preinit] o.h.v.i.u.Version              : <clinit>             : 21         : HV000001: Hibernate Validator 8.0.1.Final
2024-04-16 17:29:10.125 [ INFO] [           main] c.i.s.ShoppingMallApplication  : logStarting          : 50         : Starting ShoppingMallApplication using Java 21.0.2 with PID 64746 (/Users/bagsuyeon/Desktop/Team_idle/target/classes started by bagsuyeon in /Users/bagsuyeon/Desktop/Team_idle)
2024-04-16 17:29:10.126 [ INFO] [           main] c.i.s.ShoppingMallApplication  : ogStartupProfileInfo : 654        : No active profile set, falling back to 1 default profile: "default"
2024-04-16 17:29:10.497 [ INFO] [           main] epositoryConfigurationDelegate : gisterRepositoriesIn : 139        : Bootstrapping Spring Data JPA repositories in DEFAULT mode.
2024-04-16 17:29:10.508 [ INFO] [           main] epositoryConfigurationDelegate : gisterRepositoriesIn : 208        : Finished Spring Data repository scanning in 8 ms. Found 0 JPA repository interfaces.
2024-04-16 17:29:10.723 [ INFO] [           main] o.a.c.h.Http11NioProtocol      : log                  : 173        : Initializing ProtocolHandler ["http-nio-9090"]
2024-04-16 17:29:10.724 [ INFO] [           main] o.a.c.c.StandardService        : log                  : 173        : Starting service [Tomcat]
2024-04-16 17:29:10.724 [ INFO] [           main] o.a.c.c.StandardEngine         : log                  : 173        : Starting Servlet engine: [Apache Tomcat/10.1.19]
2024-04-16 17:29:10.746 [ INFO] [           main] o.a.c.c.C.[.[.[/]              : log                  : 173        : Initializing Spring embedded WebApplicationContext
2024-04-16 17:29:10.798 [ INFO] [           main] c.z.h.HikariDataSource         : getConnection        : 110        : HikariPool-1 - Starting...
2024-04-16 17:29:10.925 [ INFO] [           main] c.z.h.p.HikariPool             : checkFailFast        : 565        : HikariPool-1 - Added connection com.mysql.cj.jdbc.ConnectionImpl@554566a8
2024-04-16 17:29:10.926 [ INFO] [           main] c.z.h.HikariDataSource         : getConnection        : 123        : HikariPool-1 - Start completed.
2024-04-16 17:29:10.943 [ INFO] [           main] o.h.j.i.u.LogHelper            : tenceUnitInformation : 31         : HHH000204: Processing PersistenceUnitInfo [name: default]
2024-04-16 17:29:10.972 [ INFO] [           main] o.h.Version                    : logVersion           : 44         : HHH000412: Hibernate ORM core version 6.4.4.Final
2024-04-16 17:29:10.986 [ INFO] [           main] o.h.c.i.RegionFactoryInitiator : initiateService      : 50         : HHH000026: Second-level cache disabled
2024-04-16 17:29:11.069 [ INFO] [           main] .j.p.SpringPersistenceUnitInfo : addTransformer       : 87         : No LoadTimeWeaver setup: ignoring JPA class transformer
2024-04-16 17:29:11.243 [ INFO] [           main] e.t.j.p.i.JtaPlatformInitiator : initiateService      : 58         : HHH000489: No JTA platform available (set 'hibernate.transaction.jta.platform' to enable JTA platform integration)
2024-04-16 17:29:11.245 [ INFO] [           main] tainerEntityManagerFactoryBean : EntityManagerFactory : 437        : Initialized JPA EntityManagerFactory for persistence unit 'default'
2024-04-16 17:29:11.631 [ WARN] [           main] figuration$JpaWebConfiguration : gerInViewInterceptor : 232        : spring.jpa.open-in-view is enabled by default. Therefore, database queries may be performed during view rendering. Explicitly configure spring.jpa.open-in-view to disable this warning
2024-04-16 17:29:11.742 [ INFO] [           main] s.w.DefaultSecurityFilterChain : <init>               : 54         : Will secure any request with [org.springframework.security.web.session.DisableEncodeUrlFilter@76876421, org.springframework.security.web.context.request.async.WebAsyncManagerIntegrationFilter@c3836b6, org.springframework.security.web.context.SecurityContextHolderFilter@69c263f8, org.springframework.security.web.header.HeaderWriterFilter@46bff388, org.springframework.web.filter.CorsFilter@60317de8, org.springframework.security.web.authentication.logout.LogoutFilter@6b247ef6, org.springframework.security.oauth2.client.web.OAuth2AuthorizationRequestRedirectFilter@4b3e4253, org.springframework.security.oauth2.client.web.OAuth2LoginAuthenticationFilter@18f794e, org.springframework.security.web.authentication.UsernamePasswordAuthenticationFilter@2468c0e4, org.springframework.security.web.savedrequest.RequestCacheAwareFilter@198a0416, org.springframework.security.web.servletapi.SecurityContextHolderAwareRequestFilter@1f207142, org.springframework.security.web.authentication.AnonymousAuthenticationFilter@363e2009, org.springframework.security.web.access.ExceptionTranslationFilter@703947bd, org.springframework.security.web.access.intercept.AuthorizationFilter@3ef04239]
2024-04-16 17:29:11.826 [ INFO] [           main] o.a.c.h.Http11NioProtocol      : log                  : 173        : Starting ProtocolHandler ["http-nio-9090"]
2024-04-16 17:29:11.836 [ INFO] [           main] c.i.s.ShoppingMallApplication  : logStarted           : 56         : Started ShoppingMallApplication in 1.884 seconds (process running for 2.44)
2024-04-16 17:29:22.104 [ INFO] [nio-9090-exec-1] o.a.c.c.C.[.[.[/]              : log                  : 173        : Initializing Spring DispatcherServlet 'dispatcherServlet'
2024-04-16 17:29:22.105 [ INFO] [nio-9090-exec-1] o.s.w.s.DispatcherServlet      : initServletBean      : 532        : Initializing Servlet 'dispatcherServlet'
2024-04-16 17:29:22.106 [ INFO] [nio-9090-exec-1] o.s.w.s.DispatcherServlet      : initServletBean      : 554        : Completed initialization in 1 ms
2024-04-16 17:29:27.150 [ERROR] [nio-9090-exec-7] .c.C.[.[.[.[dispatcherServlet] : log                  : 175        : Servlet.service() for servlet [dispatcherServlet] in context with path [] threw exception [Request processing failed: org.springframework.jdbc.BadSqlGrammarException: 
### Error querying database.  Cause: java.sql.SQLSyntaxErrorException: You have an error in your SQL syntax; check the manual that corresponds to your MySQL server version for the right syntax to use near '-12, 12' at line 7
### The error may exist in file [/Users/bagsuyeon/Desktop/Team_idle/target/classes/mapper/product/product.xml]
### The error may involve defaultParameterMap
### The error occurred while setting parameters
### SQL: SELECT p.product_id, p.pd_name, p.pd_price, p.pd_category, p.brand_id,                SUM(pd.pd_sell_count) AS pd_sell_count, p.created_who, p.created_at, p.count_love         FROM product AS p                  INNER JOIN product_detail AS pd ON p.product_id = pd.product_id         GROUP BY p.product_id         ORDER BY pd_sell_count DESC         LIMIT ?, ?;
### Cause: java.sql.SQLSyntaxErrorException: You have an error in your SQL syntax; check the manual that corresponds to your MySQL server version for the right syntax to use near '-12, 12' at line 7
; bad SQL grammar []] with root cause
java.sql.SQLSyntaxErrorException: You have an error in your SQL syntax; check the manual that corresponds to your MySQL server version for the right syntax to use near '-12, 12' at line 7
	at com.mysql.cj.jdbc.exceptions.SQLError.createSQLException(SQLError.java:120)
	at com.mysql.cj.jdbc.exceptions.SQLExceptionsMapping.translateException(SQLExceptionsMapping.java:122)
	at com.mysql.cj.jdbc.ClientPreparedStatement.executeInternal(ClientPreparedStatement.java:916)
	at com.mysql.cj.jdbc.ClientPreparedStatement.execute(ClientPreparedStatement.java:354)
	at com.zaxxer.hikari.pool.ProxyPreparedStatement.execute(ProxyPreparedStatement.java:44)
	at com.zaxxer.hikari.pool.HikariProxyPreparedStatement.execute(HikariProxyPreparedStatement.java)
	at org.apache.ibatis.executor.statement.PreparedStatementHandler.query(PreparedStatementHandler.java:65)
	at org.apache.ibatis.executor.statement.RoutingStatementHandler.query(RoutingStatementHandler.java:80)
	at org.apache.ibatis.executor.SimpleExecutor.doQuery(SimpleExecutor.java:65)
	at org.apache.ibatis.executor.BaseExecutor.queryFromDatabase(BaseExecutor.java:336)
	at org.apache.ibatis.executor.BaseExecutor.query(BaseExecutor.java:158)
	at org.apache.ibatis.executor.CachingExecutor.query(CachingExecutor.java:110)
	at org.apache.ibatis.executor.CachingExecutor.query(CachingExecutor.java:90)
	at org.apache.ibatis.session.defaults.DefaultSqlSession.selectList(DefaultSqlSession.java:154)
	at org.apache.ibatis.session.defaults.DefaultSqlSession.selectList(DefaultSqlSession.java:147)
	at org.apache.ibatis.session.defaults.DefaultSqlSession.selectList(DefaultSqlSession.java:142)
	at java.base/jdk.internal.reflect.DirectMethodHandleAccessor.invoke(DirectMethodHandleAccessor.java:103)
	at java.base/java.lang.reflect.Method.invoke(Method.java:580)
	at org.mybatis.spring.SqlSessionTemplate$SqlSessionInterceptor.invoke(SqlSessionTemplate.java:425)
	at jdk.proxy2/jdk.proxy2.$Proxy110.selectList(Unknown Source)
	at org.mybatis.spring.SqlSessionTemplate.selectList(SqlSessionTemplate.java:224)
	at org.apache.ibatis.binding.MapperMethod.executeForMany(MapperMethod.java:147)
	at org.apache.ibatis.binding.MapperMethod.execute(MapperMethod.java:80)
	at org.apache.ibatis.binding.MapperProxy$PlainMethodInvoker.invoke(MapperProxy.java:141)
	at org.apache.ibatis.binding.MapperProxy.invoke(MapperProxy.java:86)
	at jdk.proxy2/jdk.proxy2.$Proxy129.findAllBySellCountDesc(Unknown Source)
	at java.base/jdk.internal.reflect.DirectMethodHandleAccessor.invoke(DirectMethodHandleAccessor.java:103)
	at java.base/java.lang.reflect.Method.invoke(Method.java:580)
	at org.springframework.aop.support.AopUtils.invokeJoinpointUsingReflection(AopUtils.java:351)
	at org.springframework.aop.framework.ReflectiveMethodInvocation.invokeJoinpoint(ReflectiveMethodInvocation.java:196)
	at org.springframework.aop.framework.ReflectiveMethodInvocation.proceed(ReflectiveMethodInvocation.java:163)
	at org.springframework.dao.support.PersistenceExceptionTranslationInterceptor.invoke(PersistenceExceptionTranslationInterceptor.java:137)
	at org.springframework.aop.framework.ReflectiveMethodInvocation.proceed(ReflectiveMethodInvocation.java:184)
	at org.springframework.aop.framework.JdkDynamicAopProxy.invoke(JdkDynamicAopProxy.java:220)
	at jdk.proxy2/jdk.proxy2.$Proxy130.findAllBySellCountDesc(Unknown Source)
	at com.idle.shoppingmall.Service.Product.ProductService.findAllBySellCountDesc(ProductService.java:62)
	at java.base/jdk.internal.reflect.DirectMethodHandleAccessor.invoke(DirectMethodHandleAccessor.java:103)
	at java.base/java.lang.reflect.Method.invoke(Method.java:580)
	at org.springframework.aop.support.AopUtils.invokeJoinpointUsingReflection(AopUtils.java:351)
	at org.springframework.aop.framework.CglibAopProxy$DynamicAdvisedInterceptor.intercept(CglibAopProxy.java:713)
	at com.idle.shoppingmall.Service.Product.ProductService$$SpringCGLIB$$0.findAllBySellCountDesc(<generated>)
	at com.idle.shoppingmall.Controller.ControllerView.LatestViewController.findAllBySellCountDesc(LatestViewController.java:75)
	at java.base/jdk.internal.reflect.DirectMethodHandleAccessor.invoke(DirectMethodHandleAccessor.java:103)
	at java.base/java.lang.reflect.Method.invoke(Method.java:580)
	at org.springframework.web.method.support.InvocableHandlerMethod.doInvoke(InvocableHandlerMethod.java:255)
	at org.springframework.web.method.support.InvocableHandlerMethod.invokeForRequest(InvocableHandlerMethod.java:188)
	at org.springframework.web.servlet.mvc.method.annotation.ServletInvocableHandlerMethod.invokeAndHandle(ServletInvocableHandlerMethod.java:118)
	at org.springframework.web.servlet.mvc.method.annotation.RequestMappingHandlerAdapter.invokeHandlerMethod(RequestMappingHandlerAdapter.java:925)
	at org.springframework.web.servlet.mvc.method.annotation.RequestMappingHandlerAdapter.handleInternal(RequestMappingHandlerAdapter.java:830)
	at org.springframework.web.servlet.mvc.method.AbstractHandlerMethodAdapter.handle(AbstractHandlerMethodAdapter.java:87)
	at org.springframework.web.servlet.DispatcherServlet.doDispatch(DispatcherServlet.java:1089)
	at org.springframework.web.servlet.DispatcherServlet.doService(DispatcherServlet.java:979)
	at org.springframework.web.servlet.FrameworkServlet.processRequest(FrameworkServlet.java:1014)
	at org.springframework.web.servlet.FrameworkServlet.doPost(FrameworkServlet.java:914)
	at jakarta.servlet.http.HttpServlet.service(HttpServlet.java:590)
	at org.springframework.web.servlet.FrameworkServlet.service(FrameworkServlet.java:885)
	at jakarta.servlet.http.HttpServlet.service(HttpServlet.java:658)
	at org.apache.catalina.core.ApplicationFilterChain.internalDoFilter(ApplicationFilterChain.java:205)
	at org.apache.catalina.core.ApplicationFilterChain.doFilter(ApplicationFilterChain.java:149)
	at org.apache.tomcat.websocket.server.WsFilter.doFilter(WsFilter.java:51)
	at org.apache.catalina.core.ApplicationFilterChain.internalDoFilter(ApplicationFilterChain.java:174)
	at org.apache.catalina.core.ApplicationFilterChain.doFilter(ApplicationFilterChain.java:149)
	at org.springframework.web.filter.CompositeFilter$VirtualFilterChain.doFilter(CompositeFilter.java:108)
	at org.springframework.security.web.FilterChainProxy.lambda$doFilterInternal$3(FilterChainProxy.java:231)
	at org.springframework.security.web.FilterChainProxy$VirtualFilterChain.doFilter(FilterChainProxy.java:365)
	at org.springframework.security.web.access.intercept.AuthorizationFilter.doFilter(AuthorizationFilter.java:100)
	at org.springframework.security.web.FilterChainProxy$VirtualFilterChain.doFilter(FilterChainProxy.java:374)
	at org.springframework.security.web.access.ExceptionTranslationFilter.doFilter(ExceptionTranslationFilter.java:126)
	at org.springframework.security.web.access.ExceptionTranslationFilter.doFilter(ExceptionTranslationFilter.java:120)
	at org.springframework.security.web.FilterChainProxy$VirtualFilterChain.doFilter(FilterChainProxy.java:374)
	at org.springframework.security.web.authentication.AnonymousAuthenticationFilter.doFilter(AnonymousAuthenticationFilter.java:100)
	at org.springframework.security.web.FilterChainProxy$VirtualFilterChain.doFilter(FilterChainProxy.java:374)
	at org.springframework.security.web.servletapi.SecurityContextHolderAwareRequestFilter.doFilter(SecurityContextHolderAwareRequestFilter.java:179)
	at org.springframework.security.web.FilterChainProxy$VirtualFilterChain.doFilter(FilterChainProxy.java:374)
	at org.springframework.security.web.savedrequest.RequestCacheAwareFilter.doFilter(RequestCacheAwareFilter.java:63)
	at org.springframework.security.web.FilterChainProxy$VirtualFilterChain.doFilter(FilterChainProxy.java:374)
	at org.springframework.security.web.authentication.AbstractAuthenticationProcessingFilter.doFilter(AbstractAuthenticationProcessingFilter.java:227)
	at org.springframework.security.web.authentication.AbstractAuthenticationProcessingFilter.doFilter(AbstractAuthenticationProcessingFilter.java:221)
	at org.springframework.security.web.FilterChainProxy$VirtualFilterChain.doFilter(FilterChainProxy.java:374)
	at org.springframework.security.web.authentication.AbstractAuthenticationProcessingFilter.doFilter(AbstractAuthenticationProcessingFilter.java:227)
	at org.springframework.security.web.authentication.AbstractAuthenticationProcessingFilter.doFilter(AbstractAuthenticationProcessingFilter.java:221)
	at org.springframework.security.web.FilterChainProxy$VirtualFilterChain.doFilter(FilterChainProxy.java:374)
	at org.springframework.security.oauth2.client.web.OAuth2AuthorizationRequestRedirectFilter.doFilterInternal(OAuth2AuthorizationRequestRedirectFilter.java:181)
	at org.springframework.web.filter.OncePerRequestFilter.doFilter(OncePerRequestFilter.java:116)
	at org.springframework.security.web.FilterChainProxy$VirtualFilterChain.doFilter(FilterChainProxy.java:374)
	at org.springframework.security.web.authentication.logout.LogoutFilter.doFilter(LogoutFilter.java:107)
	at org.springframework.security.web.authentication.logout.LogoutFilter.doFilter(LogoutFilter.java:93)
	at org.springframework.security.web.FilterChainProxy$VirtualFilterChain.doFilter(FilterChainProxy.java:374)
	at org.springframework.web.filter.CorsFilter.doFilterInternal(CorsFilter.java:91)
	at org.springframework.web.filter.OncePerRequestFilter.doFilter(OncePerRequestFilter.java:116)
	at org.springframework.security.web.FilterChainProxy$VirtualFilterChain.doFilter(FilterChainProxy.java:374)
	at org.springframework.security.web.header.HeaderWriterFilter.doHeadersAfter(HeaderWriterFilter.java:90)
	at org.springframework.security.web.header.HeaderWriterFilter.doFilterInternal(HeaderWriterFilter.java:75)
	at org.springframework.web.filter.OncePerRequestFilter.doFilter(OncePerRequestFilter.java:116)
	at org.springframework.security.web.FilterChainProxy$VirtualFilterChain.doFilter(FilterChainProxy.java:374)
	at org.springframework.security.web.context.SecurityContextHolderFilter.doFilter(SecurityContextHolderFilter.java:82)
	at org.springframework.security.web.context.SecurityContextHolderFilter.doFilter(SecurityContextHolderFilter.java:69)
	at org.springframework.security.web.FilterChainProxy$VirtualFilterChain.doFilter(FilterChainProxy.java:374)
	at org.springframework.security.web.context.request.async.WebAsyncManagerIntegrationFilter.doFilterInternal(WebAsyncManagerIntegrationFilter.java:62)
	at org.springframework.web.filter.OncePerRequestFilter.doFilter(OncePerRequestFilter.java:116)
	at org.springframework.security.web.FilterChainProxy$VirtualFilterChain.doFilter(FilterChainProxy.java:374)
	at org.springframework.security.web.session.DisableEncodeUrlFilter.doFilterInternal(DisableEncodeUrlFilter.java:42)
	at org.springframework.web.filter.OncePerRequestFilter.doFilter(OncePerRequestFilter.java:116)
	at org.springframework.security.web.FilterChainProxy$VirtualFilterChain.doFilter(FilterChainProxy.java:374)
	at org.springframework.security.web.FilterChainProxy.doFilterInternal(FilterChainProxy.java:233)
	at org.springframework.security.web.FilterChainProxy.doFilter(FilterChainProxy.java:191)
	at org.springframework.web.filter.CompositeFilter$VirtualFilterChain.doFilter(CompositeFilter.java:113)
	at org.springframework.web.servlet.handler.HandlerMappingIntrospector.lambda$createCacheFilter$3(HandlerMappingIntrospector.java:195)
	at org.springframework.web.filter.CompositeFilter$VirtualFilterChain.doFilter(CompositeFilter.java:113)
	at org.springframework.web.filter.CompositeFilter.doFilter(CompositeFilter.java:74)
	at org.springframework.security.config.annotation.web.configuration.WebMvcSecurityConfiguration$CompositeFilterChainProxy.doFilter(WebMvcSecurityConfiguration.java:230)
	at org.springframework.web.filter.DelegatingFilterProxy.invokeDelegate(DelegatingFilterProxy.java:352)
	at org.springframework.web.filter.DelegatingFilterProxy.doFilter(DelegatingFilterProxy.java:268)
	at org.apache.catalina.core.ApplicationFilterChain.internalDoFilter(ApplicationFilterChain.java:174)
	at org.apache.catalina.core.ApplicationFilterChain.doFilter(ApplicationFilterChain.java:149)
	at org.springframework.web.filter.RequestContextFilter.doFilterInternal(RequestContextFilter.java:100)
	at org.springframework.web.filter.OncePerRequestFilter.doFilter(OncePerRequestFilter.java:116)
	at org.apache.catalina.core.ApplicationFilterChain.internalDoFilter(ApplicationFilterChain.java:174)
	at org.apache.catalina.core.ApplicationFilterChain.doFilter(ApplicationFilterChain.java:149)
	at org.springframework.web.filter.FormContentFilter.doFilterInternal(FormContentFilter.java:93)
	at org.springframework.web.filter.OncePerRequestFilter.doFilter(OncePerRequestFilter.java:116)
	at org.apache.catalina.core.ApplicationFilterChain.internalDoFilter(ApplicationFilterChain.java:174)
	at org.apache.catalina.core.ApplicationFilterChain.doFilter(ApplicationFilterChain.java:149)
	at org.springframework.web.filter.CharacterEncodingFilter.doFilterInternal(CharacterEncodingFilter.java:201)
	at org.springframework.web.filter.OncePerRequestFilter.doFilter(OncePerRequestFilter.java:116)
	at org.apache.catalina.core.ApplicationFilterChain.internalDoFilter(ApplicationFilterChain.java:174)
	at org.apache.catalina.core.ApplicationFilterChain.doFilter(ApplicationFilterChain.java:149)
	at org.apache.catalina.core.StandardWrapperValve.invoke(StandardWrapperValve.java:167)
	at org.apache.catalina.core.StandardContextValve.invoke(StandardContextValve.java:90)
	at org.apache.catalina.authenticator.AuthenticatorBase.invoke(AuthenticatorBase.java:482)
	at org.apache.catalina.core.StandardHostValve.invoke(StandardHostValve.java:115)
	at org.apache.catalina.valves.ErrorReportValve.invoke(ErrorReportValve.java:93)
	at org.apache.catalina.core.StandardEngineValve.invoke(StandardEngineValve.java:74)
	at org.apache.catalina.connector.CoyoteAdapter.service(CoyoteAdapter.java:344)
	at org.apache.coyote.http11.Http11Processor.service(Http11Processor.java:391)
	at org.apache.coyote.AbstractProcessorLight.process(AbstractProcessorLight.java:63)
	at org.apache.coyote.AbstractProtocol$ConnectionHandler.process(AbstractProtocol.java:896)
	at org.apache.tomcat.util.net.NioEndpoint$SocketProcessor.doRun(NioEndpoint.java:1744)
	at org.apache.tomcat.util.net.SocketProcessorBase.run(SocketProcessorBase.java:52)
	at org.apache.tomcat.util.threads.ThreadPoolExecutor.runWorker(ThreadPoolExecutor.java:1191)
	at org.apache.tomcat.util.threads.ThreadPoolExecutor$Worker.run(ThreadPoolExecutor.java:659)
	at org.apache.tomcat.util.threads.TaskThread$WrappingRunnable.run(TaskThread.java:63)
	at java.base/java.lang.Thread.run(Thread.java:1583)
2024-04-16 17:29:29.103 [ERROR] [nio-9090-exec-4] .c.C.[.[.[.[dispatcherServlet] : log                  : 175        : Servlet.service() for servlet [dispatcherServlet] in context with path [] threw exception [Request processing failed: org.springframework.jdbc.BadSqlGrammarException: 
### Error querying database.  Cause: java.sql.SQLSyntaxErrorException: You have an error in your SQL syntax; check the manual that corresponds to your MySQL server version for the right syntax to use near '-12, 12' at line 7
### The error may exist in file [/Users/bagsuyeon/Desktop/Team_idle/target/classes/mapper/product/product.xml]
### The error may involve defaultParameterMap
### The error occurred while setting parameters
### SQL: SELECT p.product_id, p.pd_name, p.pd_price, p.pd_category, p.brand_id,                SUM(pd.pd_sell_count) AS pd_sell_count, p.created_who, p.created_at, p.count_love         FROM product AS p                  INNER JOIN product_detail AS pd ON p.product_id = pd.product_id         GROUP BY p.product_id         ORDER BY pd_sell_count DESC         LIMIT ?, ?;
### Cause: java.sql.SQLSyntaxErrorException: You have an error in your SQL syntax; check the manual that corresponds to your MySQL server version for the right syntax to use near '-12, 12' at line 7
; bad SQL grammar []] with root cause
java.sql.SQLSyntaxErrorException: You have an error in your SQL syntax; check the manual that corresponds to your MySQL server version for the right syntax to use near '-12, 12' at line 7
	at com.mysql.cj.jdbc.exceptions.SQLError.createSQLException(SQLError.java:120)
	at com.mysql.cj.jdbc.exceptions.SQLExceptionsMapping.translateException(SQLExceptionsMapping.java:122)
	at com.mysql.cj.jdbc.ClientPreparedStatement.executeInternal(ClientPreparedStatement.java:916)
	at com.mysql.cj.jdbc.ClientPreparedStatement.execute(ClientPreparedStatement.java:354)
	at com.zaxxer.hikari.pool.ProxyPreparedStatement.execute(ProxyPreparedStatement.java:44)
	at com.zaxxer.hikari.pool.HikariProxyPreparedStatement.execute(HikariProxyPreparedStatement.java)
	at org.apache.ibatis.executor.statement.PreparedStatementHandler.query(PreparedStatementHandler.java:65)
	at org.apache.ibatis.executor.statement.RoutingStatementHandler.query(RoutingStatementHandler.java:80)
	at org.apache.ibatis.executor.SimpleExecutor.doQuery(SimpleExecutor.java:65)
	at org.apache.ibatis.executor.BaseExecutor.queryFromDatabase(BaseExecutor.java:336)
	at org.apache.ibatis.executor.BaseExecutor.query(BaseExecutor.java:158)
	at org.apache.ibatis.executor.CachingExecutor.query(CachingExecutor.java:110)
	at org.apache.ibatis.executor.CachingExecutor.query(CachingExecutor.java:90)
	at org.apache.ibatis.session.defaults.DefaultSqlSession.selectList(DefaultSqlSession.java:154)
	at org.apache.ibatis.session.defaults.DefaultSqlSession.selectList(DefaultSqlSession.java:147)
	at org.apache.ibatis.session.defaults.DefaultSqlSession.selectList(DefaultSqlSession.java:142)
	at java.base/jdk.internal.reflect.DirectMethodHandleAccessor.invoke(DirectMethodHandleAccessor.java:103)
	at java.base/java.lang.reflect.Method.invoke(Method.java:580)
	at org.mybatis.spring.SqlSessionTemplate$SqlSessionInterceptor.invoke(SqlSessionTemplate.java:425)
	at jdk.proxy2/jdk.proxy2.$Proxy110.selectList(Unknown Source)
	at org.mybatis.spring.SqlSessionTemplate.selectList(SqlSessionTemplate.java:224)
	at org.apache.ibatis.binding.MapperMethod.executeForMany(MapperMethod.java:147)
	at org.apache.ibatis.binding.MapperMethod.execute(MapperMethod.java:80)
	at org.apache.ibatis.binding.MapperProxy$PlainMethodInvoker.invoke(MapperProxy.java:141)
	at org.apache.ibatis.binding.MapperProxy.invoke(MapperProxy.java:86)
	at jdk.proxy2/jdk.proxy2.$Proxy129.findAllBySellCountDesc(Unknown Source)
	at java.base/jdk.internal.reflect.DirectMethodHandleAccessor.invoke(DirectMethodHandleAccessor.java:103)
	at java.base/java.lang.reflect.Method.invoke(Method.java:580)
	at org.springframework.aop.support.AopUtils.invokeJoinpointUsingReflection(AopUtils.java:351)
	at org.springframework.aop.framework.ReflectiveMethodInvocation.invokeJoinpoint(ReflectiveMethodInvocation.java:196)
	at org.springframework.aop.framework.ReflectiveMethodInvocation.proceed(ReflectiveMethodInvocation.java:163)
	at org.springframework.dao.support.PersistenceExceptionTranslationInterceptor.invoke(PersistenceExceptionTranslationInterceptor.java:137)
	at org.springframework.aop.framework.ReflectiveMethodInvocation.proceed(ReflectiveMethodInvocation.java:184)
	at org.springframework.aop.framework.JdkDynamicAopProxy.invoke(JdkDynamicAopProxy.java:220)
	at jdk.proxy2/jdk.proxy2.$Proxy130.findAllBySellCountDesc(Unknown Source)
	at com.idle.shoppingmall.Service.Product.ProductService.findAllBySellCountDesc(ProductService.java:62)
	at java.base/jdk.internal.reflect.DirectMethodHandleAccessor.invoke(DirectMethodHandleAccessor.java:103)
	at java.base/java.lang.reflect.Method.invoke(Method.java:580)
	at org.springframework.aop.support.AopUtils.invokeJoinpointUsingReflection(AopUtils.java:351)
	at org.springframework.aop.framework.CglibAopProxy$DynamicAdvisedInterceptor.intercept(CglibAopProxy.java:713)
	at com.idle.shoppingmall.Service.Product.ProductService$$SpringCGLIB$$0.findAllBySellCountDesc(<generated>)
	at com.idle.shoppingmall.Controller.ControllerView.LatestViewController.findAllBySellCountDesc(LatestViewController.java:75)
	at java.base/jdk.internal.reflect.DirectMethodHandleAccessor.invoke(DirectMethodHandleAccessor.java:103)
	at java.base/java.lang.reflect.Method.invoke(Method.java:580)
	at org.springframework.web.method.support.InvocableHandlerMethod.doInvoke(InvocableHandlerMethod.java:255)
	at org.springframework.web.method.support.InvocableHandlerMethod.invokeForRequest(InvocableHandlerMethod.java:188)
	at org.springframework.web.servlet.mvc.method.annotation.ServletInvocableHandlerMethod.invokeAndHandle(ServletInvocableHandlerMethod.java:118)
	at org.springframework.web.servlet.mvc.method.annotation.RequestMappingHandlerAdapter.invokeHandlerMethod(RequestMappingHandlerAdapter.java:925)
	at org.springframework.web.servlet.mvc.method.annotation.RequestMappingHandlerAdapter.handleInternal(RequestMappingHandlerAdapter.java:830)
	at org.springframework.web.servlet.mvc.method.AbstractHandlerMethodAdapter.handle(AbstractHandlerMethodAdapter.java:87)
	at org.springframework.web.servlet.DispatcherServlet.doDispatch(DispatcherServlet.java:1089)
	at org.springframework.web.servlet.DispatcherServlet.doService(DispatcherServlet.java:979)
	at org.springframework.web.servlet.FrameworkServlet.processRequest(FrameworkServlet.java:1014)
	at org.springframework.web.servlet.FrameworkServlet.doPost(FrameworkServlet.java:914)
	at jakarta.servlet.http.HttpServlet.service(HttpServlet.java:590)
	at org.springframework.web.servlet.FrameworkServlet.service(FrameworkServlet.java:885)
	at jakarta.servlet.http.HttpServlet.service(HttpServlet.java:658)
	at org.apache.catalina.core.ApplicationFilterChain.internalDoFilter(ApplicationFilterChain.java:205)
	at org.apache.catalina.core.ApplicationFilterChain.doFilter(ApplicationFilterChain.java:149)
	at org.apache.tomcat.websocket.server.WsFilter.doFilter(WsFilter.java:51)
	at org.apache.catalina.core.ApplicationFilterChain.internalDoFilter(ApplicationFilterChain.java:174)
	at org.apache.catalina.core.ApplicationFilterChain.doFilter(ApplicationFilterChain.java:149)
	at org.springframework.web.filter.CompositeFilter$VirtualFilterChain.doFilter(CompositeFilter.java:108)
	at org.springframework.security.web.FilterChainProxy.lambda$doFilterInternal$3(FilterChainProxy.java:231)
	at org.springframework.security.web.FilterChainProxy$VirtualFilterChain.doFilter(FilterChainProxy.java:365)
	at org.springframework.security.web.access.intercept.AuthorizationFilter.doFilter(AuthorizationFilter.java:100)
	at org.springframework.security.web.FilterChainProxy$VirtualFilterChain.doFilter(FilterChainProxy.java:374)
	at org.springframework.security.web.access.ExceptionTranslationFilter.doFilter(ExceptionTranslationFilter.java:126)
	at org.springframework.security.web.access.ExceptionTranslationFilter.doFilter(ExceptionTranslationFilter.java:120)
	at org.springframework.security.web.FilterChainProxy$VirtualFilterChain.doFilter(FilterChainProxy.java:374)
	at org.springframework.security.web.authentication.AnonymousAuthenticationFilter.doFilter(AnonymousAuthenticationFilter.java:100)
	at org.springframework.security.web.FilterChainProxy$VirtualFilterChain.doFilter(FilterChainProxy.java:374)
	at org.springframework.security.web.servletapi.SecurityContextHolderAwareRequestFilter.doFilter(SecurityContextHolderAwareRequestFilter.java:179)
	at org.springframework.security.web.FilterChainProxy$VirtualFilterChain.doFilter(FilterChainProxy.java:374)
	at org.springframework.security.web.savedrequest.RequestCacheAwareFilter.doFilter(RequestCacheAwareFilter.java:63)
	at org.springframework.security.web.FilterChainProxy$VirtualFilterChain.doFilter(FilterChainProxy.java:374)
	at org.springframework.security.web.authentication.AbstractAuthenticationProcessingFilter.doFilter(AbstractAuthenticationProcessingFilter.java:227)
	at org.springframework.security.web.authentication.AbstractAuthenticationProcessingFilter.doFilter(AbstractAuthenticationProcessingFilter.java:221)
	at org.springframework.security.web.FilterChainProxy$VirtualFilterChain.doFilter(FilterChainProxy.java:374)
	at org.springframework.security.web.authentication.AbstractAuthenticationProcessingFilter.doFilter(AbstractAuthenticationProcessingFilter.java:227)
	at org.springframework.security.web.authentication.AbstractAuthenticationProcessingFilter.doFilter(AbstractAuthenticationProcessingFilter.java:221)
	at org.springframework.security.web.FilterChainProxy$VirtualFilterChain.doFilter(FilterChainProxy.java:374)
	at org.springframework.security.oauth2.client.web.OAuth2AuthorizationRequestRedirectFilter.doFilterInternal(OAuth2AuthorizationRequestRedirectFilter.java:181)
	at org.springframework.web.filter.OncePerRequestFilter.doFilter(OncePerRequestFilter.java:116)
	at org.springframework.security.web.FilterChainProxy$VirtualFilterChain.doFilter(FilterChainProxy.java:374)
	at org.springframework.security.web.authentication.logout.LogoutFilter.doFilter(LogoutFilter.java:107)
	at org.springframework.security.web.authentication.logout.LogoutFilter.doFilter(LogoutFilter.java:93)
	at org.springframework.security.web.FilterChainProxy$VirtualFilterChain.doFilter(FilterChainProxy.java:374)
	at org.springframework.web.filter.CorsFilter.doFilterInternal(CorsFilter.java:91)
	at org.springframework.web.filter.OncePerRequestFilter.doFilter(OncePerRequestFilter.java:116)
	at org.springframework.security.web.FilterChainProxy$VirtualFilterChain.doFilter(FilterChainProxy.java:374)
	at org.springframework.security.web.header.HeaderWriterFilter.doHeadersAfter(HeaderWriterFilter.java:90)
	at org.springframework.security.web.header.HeaderWriterFilter.doFilterInternal(HeaderWriterFilter.java:75)
	at org.springframework.web.filter.OncePerRequestFilter.doFilter(OncePerRequestFilter.java:116)
	at org.springframework.security.web.FilterChainProxy$VirtualFilterChain.doFilter(FilterChainProxy.java:374)
	at org.springframework.security.web.context.SecurityContextHolderFilter.doFilter(SecurityContextHolderFilter.java:82)
	at org.springframework.security.web.context.SecurityContextHolderFilter.doFilter(SecurityContextHolderFilter.java:69)
	at org.springframework.security.web.FilterChainProxy$VirtualFilterChain.doFilter(FilterChainProxy.java:374)
	at org.springframework.security.web.context.request.async.WebAsyncManagerIntegrationFilter.doFilterInternal(WebAsyncManagerIntegrationFilter.java:62)
	at org.springframework.web.filter.OncePerRequestFilter.doFilter(OncePerRequestFilter.java:116)
	at org.springframework.security.web.FilterChainProxy$VirtualFilterChain.doFilter(FilterChainProxy.java:374)
	at org.springframework.security.web.session.DisableEncodeUrlFilter.doFilterInternal(DisableEncodeUrlFilter.java:42)
	at org.springframework.web.filter.OncePerRequestFilter.doFilter(OncePerRequestFilter.java:116)
	at org.springframework.security.web.FilterChainProxy$VirtualFilterChain.doFilter(FilterChainProxy.java:374)
	at org.springframework.security.web.FilterChainProxy.doFilterInternal(FilterChainProxy.java:233)
	at org.springframework.security.web.FilterChainProxy.doFilter(FilterChainProxy.java:191)
	at org.springframework.web.filter.CompositeFilter$VirtualFilterChain.doFilter(CompositeFilter.java:113)
	at org.springframework.web.servlet.handler.HandlerMappingIntrospector.lambda$createCacheFilter$3(HandlerMappingIntrospector.java:195)
	at org.springframework.web.filter.CompositeFilter$VirtualFilterChain.doFilter(CompositeFilter.java:113)
	at org.springframework.web.filter.CompositeFilter.doFilter(CompositeFilter.java:74)
	at org.springframework.security.config.annotation.web.configuration.WebMvcSecurityConfiguration$CompositeFilterChainProxy.doFilter(WebMvcSecurityConfiguration.java:230)
	at org.springframework.web.filter.DelegatingFilterProxy.invokeDelegate(DelegatingFilterProxy.java:352)
	at org.springframework.web.filter.DelegatingFilterProxy.doFilter(DelegatingFilterProxy.java:268)
	at org.apache.catalina.core.ApplicationFilterChain.internalDoFilter(ApplicationFilterChain.java:174)
	at org.apache.catalina.core.ApplicationFilterChain.doFilter(ApplicationFilterChain.java:149)
	at org.springframework.web.filter.RequestContextFilter.doFilterInternal(RequestContextFilter.java:100)
	at org.springframework.web.filter.OncePerRequestFilter.doFilter(OncePerRequestFilter.java:116)
	at org.apache.catalina.core.ApplicationFilterChain.internalDoFilter(ApplicationFilterChain.java:174)
	at org.apache.catalina.core.ApplicationFilterChain.doFilter(ApplicationFilterChain.java:149)
	at org.springframework.web.filter.FormContentFilter.doFilterInternal(FormContentFilter.java:93)
	at org.springframework.web.filter.OncePerRequestFilter.doFilter(OncePerRequestFilter.java:116)
	at org.apache.catalina.core.ApplicationFilterChain.internalDoFilter(ApplicationFilterChain.java:174)
	at org.apache.catalina.core.ApplicationFilterChain.doFilter(ApplicationFilterChain.java:149)
	at org.springframework.web.filter.CharacterEncodingFilter.doFilterInternal(CharacterEncodingFilter.java:201)
	at org.springframework.web.filter.OncePerRequestFilter.doFilter(OncePerRequestFilter.java:116)
	at org.apache.catalina.core.ApplicationFilterChain.internalDoFilter(ApplicationFilterChain.java:174)
	at org.apache.catalina.core.ApplicationFilterChain.doFilter(ApplicationFilterChain.java:149)
	at org.apache.catalina.core.StandardWrapperValve.invoke(StandardWrapperValve.java:167)
	at org.apache.catalina.core.StandardContextValve.invoke(StandardContextValve.java:90)
	at org.apache.catalina.authenticator.AuthenticatorBase.invoke(AuthenticatorBase.java:482)
	at org.apache.catalina.core.StandardHostValve.invoke(StandardHostValve.java:115)
	at org.apache.catalina.valves.ErrorReportValve.invoke(ErrorReportValve.java:93)
	at org.apache.catalina.core.StandardEngineValve.invoke(StandardEngineValve.java:74)
	at org.apache.catalina.connector.CoyoteAdapter.service(CoyoteAdapter.java:344)
	at org.apache.coyote.http11.Http11Processor.service(Http11Processor.java:391)
	at org.apache.coyote.AbstractProcessorLight.process(AbstractProcessorLight.java:63)
	at org.apache.coyote.AbstractProtocol$ConnectionHandler.process(AbstractProtocol.java:896)
	at org.apache.tomcat.util.net.NioEndpoint$SocketProcessor.doRun(NioEndpoint.java:1744)
	at org.apache.tomcat.util.net.SocketProcessorBase.run(SocketProcessorBase.java:52)
	at org.apache.tomcat.util.threads.ThreadPoolExecutor.runWorker(ThreadPoolExecutor.java:1191)
	at org.apache.tomcat.util.threads.ThreadPoolExecutor$Worker.run(ThreadPoolExecutor.java:659)
	at org.apache.tomcat.util.threads.TaskThread$WrappingRunnable.run(TaskThread.java:63)
	at java.base/java.lang.Thread.run(Thread.java:1583)
2024-04-16 17:41:50.933 [ WARN] [l-1 housekeeper] c.z.h.p.HikariPool             : run                  : 804        : HikariPool-1 - Thread starvation or clock leap detected (housekeeper delta=6m39s868ms).
2024-04-16 17:55:39.009 [ INFO] [ionShutdownHook] tainerEntityManagerFactoryBean : destroy              : 650        : Closing JPA EntityManagerFactory for persistence unit 'default'
2024-04-16 17:55:39.010 [ INFO] [ionShutdownHook] c.z.h.HikariDataSource         : close                : 350        : HikariPool-1 - Shutdown initiated...
2024-04-16 17:55:39.013 [ INFO] [ionShutdownHook] c.z.h.HikariDataSource         : close                : 352        : HikariPool-1 - Shutdown completed.
2024-04-16 17:55:42.874 [ INFO] [kground-preinit] o.h.v.i.u.Version              : <clinit>             : 21         : HV000001: Hibernate Validator 8.0.1.Final
2024-04-16 17:55:42.885 [ INFO] [           main] c.i.s.ShoppingMallApplication  : logStarting          : 50         : Starting ShoppingMallApplication using Java 21.0.2 with PID 65801 (/Users/bagsuyeon/Desktop/Team_idle/target/classes started by bagsuyeon in /Users/bagsuyeon/Desktop/Team_idle)
2024-04-16 17:55:42.886 [ INFO] [           main] c.i.s.ShoppingMallApplication  : ogStartupProfileInfo : 654        : No active profile set, falling back to 1 default profile: "default"
2024-04-16 17:55:43.172 [ INFO] [           main] epositoryConfigurationDelegate : gisterRepositoriesIn : 139        : Bootstrapping Spring Data JPA repositories in DEFAULT mode.
2024-04-16 17:55:43.183 [ INFO] [           main] epositoryConfigurationDelegate : gisterRepositoriesIn : 208        : Finished Spring Data repository scanning in 8 ms. Found 0 JPA repository interfaces.
2024-04-16 17:55:43.374 [ INFO] [           main] o.a.c.h.Http11NioProtocol      : log                  : 173        : Initializing ProtocolHandler ["http-nio-9090"]
2024-04-16 17:55:43.375 [ INFO] [           main] o.a.c.c.StandardService        : log                  : 173        : Starting service [Tomcat]
2024-04-16 17:55:43.375 [ INFO] [           main] o.a.c.c.StandardEngine         : log                  : 173        : Starting Servlet engine: [Apache Tomcat/10.1.19]
2024-04-16 17:55:43.393 [ INFO] [           main] o.a.c.c.C.[.[.[/]              : log                  : 173        : Initializing Spring embedded WebApplicationContext
2024-04-16 17:55:43.449 [ INFO] [           main] c.z.h.HikariDataSource         : getConnection        : 110        : HikariPool-1 - Starting...
2024-04-16 17:55:43.565 [ INFO] [           main] c.z.h.p.HikariPool             : checkFailFast        : 565        : HikariPool-1 - Added connection com.mysql.cj.jdbc.ConnectionImpl@6615237
2024-04-16 17:55:43.565 [ INFO] [           main] c.z.h.HikariDataSource         : getConnection        : 123        : HikariPool-1 - Start completed.
2024-04-16 17:55:43.582 [ INFO] [           main] o.h.j.i.u.LogHelper            : tenceUnitInformation : 31         : HHH000204: Processing PersistenceUnitInfo [name: default]
2024-04-16 17:55:43.607 [ INFO] [           main] o.h.Version                    : logVersion           : 44         : HHH000412: Hibernate ORM core version 6.4.4.Final
2024-04-16 17:55:43.619 [ INFO] [           main] o.h.c.i.RegionFactoryInitiator : initiateService      : 50         : HHH000026: Second-level cache disabled
2024-04-16 17:55:43.696 [ INFO] [           main] .j.p.SpringPersistenceUnitInfo : addTransformer       : 87         : No LoadTimeWeaver setup: ignoring JPA class transformer
2024-04-16 17:55:43.852 [ INFO] [           main] e.t.j.p.i.JtaPlatformInitiator : initiateService      : 58         : HHH000489: No JTA platform available (set 'hibernate.transaction.jta.platform' to enable JTA platform integration)
2024-04-16 17:55:43.854 [ INFO] [           main] tainerEntityManagerFactoryBean : EntityManagerFactory : 437        : Initialized JPA EntityManagerFactory for persistence unit 'default'
2024-04-16 17:55:44.267 [ WARN] [           main] figuration$JpaWebConfiguration : gerInViewInterceptor : 232        : spring.jpa.open-in-view is enabled by default. Therefore, database queries may be performed during view rendering. Explicitly configure spring.jpa.open-in-view to disable this warning
2024-04-16 17:55:44.378 [ INFO] [           main] s.w.DefaultSecurityFilterChain : <init>               : 54         : Will secure any request with [org.springframework.security.web.session.DisableEncodeUrlFilter@7e577eed, org.springframework.security.web.context.request.async.WebAsyncManagerIntegrationFilter@11a0c708, org.springframework.security.web.context.SecurityContextHolderFilter@6f53295e, org.springframework.security.web.header.HeaderWriterFilter@7dc9b41a, org.springframework.web.filter.CorsFilter@30bfdcc5, org.springframework.security.web.authentication.logout.LogoutFilter@3df54fd5, org.springframework.security.oauth2.client.web.OAuth2AuthorizationRequestRedirectFilter@74cf2d5f, org.springframework.security.oauth2.client.web.OAuth2LoginAuthenticationFilter@a2ca681, org.springframework.security.web.authentication.UsernamePasswordAuthenticationFilter@1a67bde5, org.springframework.security.web.savedrequest.RequestCacheAwareFilter@4f93a8f6, org.springframework.security.web.servletapi.SecurityContextHolderAwareRequestFilter@492d38a2, org.springframework.security.web.authentication.AnonymousAuthenticationFilter@1e9b0c92, org.springframework.security.web.access.ExceptionTranslationFilter@3b62c51e, org.springframework.security.web.access.intercept.AuthorizationFilter@4552e288]
2024-04-16 17:55:44.455 [ INFO] [           main] o.a.c.h.Http11NioProtocol      : log                  : 173        : Starting ProtocolHandler ["http-nio-9090"]
2024-04-16 17:55:44.466 [ INFO] [           main] c.i.s.ShoppingMallApplication  : logStarted           : 56         : Started ShoppingMallApplication in 1.706 seconds (process running for 2.178)
2024-04-16 17:55:52.422 [ INFO] [nio-9090-exec-1] o.a.c.c.C.[.[.[/]              : log                  : 173        : Initializing Spring DispatcherServlet 'dispatcherServlet'
2024-04-16 17:55:52.423 [ INFO] [nio-9090-exec-1] o.s.w.s.DispatcherServlet      : initServletBean      : 532        : Initializing Servlet 'dispatcherServlet'
2024-04-16 17:55:52.424 [ INFO] [nio-9090-exec-1] o.s.w.s.DispatcherServlet      : initServletBean      : 554        : Completed initialization in 1 ms
2024-04-16 18:02:15.140 [ WARN] [l-1 housekeeper] c.z.h.p.HikariPool             : run                  : 804        : HikariPool-1 - Thread starvation or clock leap detected (housekeeper delta=4m31s424ms).
2024-04-16 18:04:24.133 [ WARN] [l-1 housekeeper] c.z.h.p.HikariPool             : run                  : 804        : HikariPool-1 - Thread starvation or clock leap detected (housekeeper delta=2m8s993ms).
2024-04-16 18:06:36.243 [ WARN] [l-1 housekeeper] c.z.h.p.HikariPool             : run                  : 804        : HikariPool-1 - Thread starvation or clock leap detected (housekeeper delta=2m12s110ms).
2024-04-16 18:10:15.491 [ WARN] [l-1 housekeeper] c.z.h.p.HikariPool             : run                  : 804        : HikariPool-1 - Thread starvation or clock leap detected (housekeeper delta=2m31s298ms).
2024-04-16 18:17:24.373 [ WARN] [l-1 housekeeper] c.z.h.p.HikariPool             : run                  : 804        : HikariPool-1 - Thread starvation or clock leap detected (housekeeper delta=2m45s634ms).
2024-04-16 18:50:52.278 [ WARN] [l-1 housekeeper] c.z.h.p.HikariPool             : run                  : 804        : HikariPool-1 - Thread starvation or clock leap detected (housekeeper delta=33m27s904ms).
2024-04-16 19:58:59.423 [ WARN] [l-1 housekeeper] c.z.h.p.HikariPool             : run                  : 804        : HikariPool-1 - Thread starvation or clock leap detected (housekeeper delta=1h8m7s146ms).
2024-04-16 21:16:54.982 [ WARN] [l-1 housekeeper] c.z.h.p.HikariPool             : run                  : 804        : HikariPool-1 - Thread starvation or clock leap detected (housekeeper delta=1h17m55s558ms).
2024-04-16 21:54:33.251 [ WARN] [l-1 housekeeper] c.z.h.p.HikariPool             : run                  : 804        : HikariPool-1 - Thread starvation or clock leap detected (housekeeper delta=37m38s270ms).
2024-04-16 22:16:26.578 [ WARN] [l-1 housekeeper] c.z.h.p.HikariPool             : run                  : 804        : HikariPool-1 - Thread starvation or clock leap detected (housekeeper delta=21m53s326ms).
2024-04-16 23:04:37.265 [ WARN] [l-1 housekeeper] c.z.h.p.HikariPool             : run                  : 804        : HikariPool-1 - Thread starvation or clock leap detected (housekeeper delta=48m10s687ms).
2024-04-16 23:04:48.470 [ INFO] [ionShutdownHook] tainerEntityManagerFactoryBean : destroy              : 650        : Closing JPA EntityManagerFactory for persistence unit 'default'
2024-04-16 23:04:48.471 [ INFO] [ionShutdownHook] c.z.h.HikariDataSource         : close                : 350        : HikariPool-1 - Shutdown initiated...
2024-04-16 23:04:48.474 [ INFO] [ionShutdownHook] c.z.h.HikariDataSource         : close                : 352        : HikariPool-1 - Shutdown completed.
2024-04-17 10:01:19.063 [ INFO] [kground-preinit] o.h.v.i.u.Version              : <clinit>             : 21         : HV000001: Hibernate Validator 8.0.1.Final
2024-04-17 10:01:19.076 [ INFO] [           main] c.i.s.ShoppingMallApplication  : logStarting          : 50         : Starting ShoppingMallApplication using Java 21.0.2 with PID 67583 (/Users/bagsuyeon/Desktop/Team_idle/target/classes started by bagsuyeon in /Users/bagsuyeon/Desktop/Team_idle)
2024-04-17 10:01:19.077 [ INFO] [           main] c.i.s.ShoppingMallApplication  : ogStartupProfileInfo : 654        : No active profile set, falling back to 1 default profile: "default"
2024-04-17 10:01:19.393 [ INFO] [           main] epositoryConfigurationDelegate : gisterRepositoriesIn : 139        : Bootstrapping Spring Data JPA repositories in DEFAULT mode.
2024-04-17 10:01:19.403 [ INFO] [           main] epositoryConfigurationDelegate : gisterRepositoriesIn : 208        : Finished Spring Data repository scanning in 8 ms. Found 0 JPA repository interfaces.
2024-04-17 10:01:19.637 [ INFO] [           main] o.a.c.h.Http11NioProtocol      : log                  : 173        : Initializing ProtocolHandler ["http-nio-9090"]
2024-04-17 10:01:19.638 [ INFO] [           main] o.a.c.c.StandardService        : log                  : 173        : Starting service [Tomcat]
2024-04-17 10:01:19.638 [ INFO] [           main] o.a.c.c.StandardEngine         : log                  : 173        : Starting Servlet engine: [Apache Tomcat/10.1.19]
2024-04-17 10:01:19.657 [ INFO] [           main] o.a.c.c.C.[.[.[/]              : log                  : 173        : Initializing Spring embedded WebApplicationContext
2024-04-17 10:01:19.730 [ INFO] [           main] c.z.h.HikariDataSource         : getConnection        : 110        : HikariPool-1 - Starting...
2024-04-17 10:01:19.852 [ INFO] [           main] c.z.h.p.HikariPool             : checkFailFast        : 565        : HikariPool-1 - Added connection com.mysql.cj.jdbc.ConnectionImpl@1aedf08d
2024-04-17 10:01:19.853 [ INFO] [           main] c.z.h.HikariDataSource         : getConnection        : 123        : HikariPool-1 - Start completed.
2024-04-17 10:01:19.872 [ INFO] [           main] o.h.j.i.u.LogHelper            : tenceUnitInformation : 31         : HHH000204: Processing PersistenceUnitInfo [name: default]
2024-04-17 10:01:19.902 [ INFO] [           main] o.h.Version                    : logVersion           : 44         : HHH000412: Hibernate ORM core version 6.4.4.Final
2024-04-17 10:01:19.916 [ INFO] [           main] o.h.c.i.RegionFactoryInitiator : initiateService      : 50         : HHH000026: Second-level cache disabled
2024-04-17 10:01:19.998 [ INFO] [           main] .j.p.SpringPersistenceUnitInfo : addTransformer       : 87         : No LoadTimeWeaver setup: ignoring JPA class transformer
2024-04-17 10:01:20.173 [ INFO] [           main] e.t.j.p.i.JtaPlatformInitiator : initiateService      : 58         : HHH000489: No JTA platform available (set 'hibernate.transaction.jta.platform' to enable JTA platform integration)
2024-04-17 10:01:20.175 [ INFO] [           main] tainerEntityManagerFactoryBean : EntityManagerFactory : 437        : Initialized JPA EntityManagerFactory for persistence unit 'default'
2024-04-17 10:01:20.578 [ WARN] [           main] figuration$JpaWebConfiguration : gerInViewInterceptor : 232        : spring.jpa.open-in-view is enabled by default. Therefore, database queries may be performed during view rendering. Explicitly configure spring.jpa.open-in-view to disable this warning
2024-04-17 10:01:20.690 [ INFO] [           main] s.w.DefaultSecurityFilterChain : <init>               : 54         : Will secure any request with [org.springframework.security.web.session.DisableEncodeUrlFilter@795e8ef5, org.springframework.security.web.context.request.async.WebAsyncManagerIntegrationFilter@13976c57, org.springframework.security.web.context.SecurityContextHolderFilter@5ff8d76f, org.springframework.security.web.header.HeaderWriterFilter@49994a4, org.springframework.web.filter.CorsFilter@10b7b5f0, org.springframework.security.web.authentication.logout.LogoutFilter@76876421, org.springframework.security.oauth2.client.web.OAuth2AuthorizationRequestRedirectFilter@267a8777, org.springframework.security.oauth2.client.web.OAuth2LoginAuthenticationFilter@411576c7, org.springframework.security.web.authentication.UsernamePasswordAuthenticationFilter@a2ca681, org.springframework.security.web.savedrequest.RequestCacheAwareFilter@5746609e, org.springframework.security.web.servletapi.SecurityContextHolderAwareRequestFilter@40da1644, org.springframework.security.web.authentication.AnonymousAuthenticationFilter@80b70fd, org.springframework.security.web.access.ExceptionTranslationFilter@3ef04239, org.springframework.security.web.access.intercept.AuthorizationFilter@3052395d]
2024-04-17 10:01:20.774 [ INFO] [           main] o.a.c.h.Http11NioProtocol      : log                  : 173        : Starting ProtocolHandler ["http-nio-9090"]
2024-04-17 10:01:20.785 [ INFO] [           main] c.i.s.ShoppingMallApplication  : logStarted           : 56         : Started ShoppingMallApplication in 1.861 seconds (process running for 2.279)
2024-04-17 10:01:47.819 [ INFO] [nio-9090-exec-1] o.a.c.c.C.[.[.[/]              : log                  : 173        : Initializing Spring DispatcherServlet 'dispatcherServlet'
2024-04-17 10:01:47.820 [ INFO] [nio-9090-exec-1] o.s.w.s.DispatcherServlet      : initServletBean      : 532        : Initializing Servlet 'dispatcherServlet'
2024-04-17 10:01:47.820 [ INFO] [nio-9090-exec-1] o.s.w.s.DispatcherServlet      : initServletBean      : 554        : Completed initialization in 0 ms
2024-04-17 11:11:19.866 [ WARN] [l-1 housekeeper] c.z.h.p.HikariPool             : run                  : 804        : HikariPool-1 - Thread starvation or clock leap detected (housekeeper delta=5m59s513ms).
2024-04-17 11:15:17.828 [ INFO] [ionShutdownHook] tainerEntityManagerFactoryBean : destroy              : 650        : Closing JPA EntityManagerFactory for persistence unit 'default'
2024-04-17 11:15:17.831 [ INFO] [ionShutdownHook] c.z.h.HikariDataSource         : close                : 350        : HikariPool-1 - Shutdown initiated...
2024-04-17 11:15:17.832 [ INFO] [ionShutdownHook] c.z.h.HikariDataSource         : close                : 352        : HikariPool-1 - Shutdown completed.
2024-04-17 11:15:19.495 [ INFO] [kground-preinit] o.h.v.i.u.Version              : <clinit>             : 21         : HV000001: Hibernate Validator 8.0.1.Final
2024-04-17 11:15:19.520 [ INFO] [           main] c.i.s.ShoppingMallApplication  : logStarting          : 50         : Starting ShoppingMallApplication using Java 21.0.2 with PID 68138 (/Users/bagsuyeon/Desktop/Team_idle/target/classes started by bagsuyeon in /Users/bagsuyeon/Desktop/Team_idle)
2024-04-17 11:15:19.522 [ INFO] [           main] c.i.s.ShoppingMallApplication  : ogStartupProfileInfo : 654        : No active profile set, falling back to 1 default profile: "default"
2024-04-17 11:15:19.829 [ INFO] [           main] epositoryConfigurationDelegate : gisterRepositoriesIn : 139        : Bootstrapping Spring Data JPA repositories in DEFAULT mode.
2024-04-17 11:15:19.840 [ INFO] [           main] epositoryConfigurationDelegate : gisterRepositoriesIn : 208        : Finished Spring Data repository scanning in 8 ms. Found 0 JPA repository interfaces.
2024-04-17 11:15:20.066 [ INFO] [           main] o.a.c.h.Http11NioProtocol      : log                  : 173        : Initializing ProtocolHandler ["http-nio-9090"]
2024-04-17 11:15:20.067 [ INFO] [           main] o.a.c.c.StandardService        : log                  : 173        : Starting service [Tomcat]
2024-04-17 11:15:20.067 [ INFO] [           main] o.a.c.c.StandardEngine         : log                  : 173        : Starting Servlet engine: [Apache Tomcat/10.1.19]
2024-04-17 11:15:20.087 [ INFO] [           main] o.a.c.c.C.[.[.[/]              : log                  : 173        : Initializing Spring embedded WebApplicationContext
2024-04-17 11:15:20.139 [ INFO] [           main] c.z.h.HikariDataSource         : getConnection        : 110        : HikariPool-1 - Starting...
2024-04-17 11:15:20.258 [ INFO] [           main] c.z.h.p.HikariPool             : checkFailFast        : 565        : HikariPool-1 - Added connection com.mysql.cj.jdbc.ConnectionImpl@759a678a
2024-04-17 11:15:20.259 [ INFO] [           main] c.z.h.HikariDataSource         : getConnection        : 123        : HikariPool-1 - Start completed.
2024-04-17 11:15:20.276 [ INFO] [           main] o.h.j.i.u.LogHelper            : tenceUnitInformation : 31         : HHH000204: Processing PersistenceUnitInfo [name: default]
2024-04-17 11:15:20.302 [ INFO] [           main] o.h.Version                    : logVersion           : 44         : HHH000412: Hibernate ORM core version 6.4.4.Final
2024-04-17 11:15:20.315 [ INFO] [           main] o.h.c.i.RegionFactoryInitiator : initiateService      : 50         : HHH000026: Second-level cache disabled
2024-04-17 11:15:20.400 [ INFO] [           main] .j.p.SpringPersistenceUnitInfo : addTransformer       : 87         : No LoadTimeWeaver setup: ignoring JPA class transformer
2024-04-17 11:15:20.581 [ INFO] [           main] e.t.j.p.i.JtaPlatformInitiator : initiateService      : 58         : HHH000489: No JTA platform available (set 'hibernate.transaction.jta.platform' to enable JTA platform integration)
2024-04-17 11:15:20.583 [ INFO] [           main] tainerEntityManagerFactoryBean : EntityManagerFactory : 437        : Initialized JPA EntityManagerFactory for persistence unit 'default'
2024-04-17 11:15:20.925 [ WARN] [           main] figuration$JpaWebConfiguration : gerInViewInterceptor : 232        : spring.jpa.open-in-view is enabled by default. Therefore, database queries may be performed during view rendering. Explicitly configure spring.jpa.open-in-view to disable this warning
2024-04-17 11:15:21.068 [ INFO] [           main] s.w.DefaultSecurityFilterChain : <init>               : 54         : Will secure any request with [org.springframework.security.web.session.DisableEncodeUrlFilter@7b55fc83, org.springframework.security.web.context.request.async.WebAsyncManagerIntegrationFilter@3615f8d9, org.springframework.security.web.context.SecurityContextHolderFilter@65871cfd, org.springframework.security.web.header.HeaderWriterFilter@5058fefb, org.springframework.web.filter.CorsFilter@5d200dce, org.springframework.security.web.authentication.logout.LogoutFilter@36570936, org.springframework.security.oauth2.client.web.OAuth2AuthorizationRequestRedirectFilter@389a9ff6, org.springframework.security.oauth2.client.web.OAuth2LoginAuthenticationFilter@c3836b6, org.springframework.security.web.authentication.UsernamePasswordAuthenticationFilter@5ff8d76f, org.springframework.security.web.savedrequest.RequestCacheAwareFilter@3bdc8975, org.springframework.security.web.servletapi.SecurityContextHolderAwareRequestFilter@27ea552d, org.springframework.security.web.authentication.AnonymousAuthenticationFilter@1a59500b, org.springframework.security.web.access.ExceptionTranslationFilter@6b3da23f, org.springframework.security.web.access.intercept.AuthorizationFilter@3df54fd5]
2024-04-17 11:15:21.163 [ INFO] [           main] o.a.c.h.Http11NioProtocol      : log                  : 173        : Starting ProtocolHandler ["http-nio-9090"]
2024-04-17 11:15:21.175 [ INFO] [           main] c.i.s.ShoppingMallApplication  : logStarted           : 56         : Started ShoppingMallApplication in 1.876 seconds (process running for 2.51)
2024-04-17 11:15:32.934 [ INFO] [nio-9090-exec-1] o.a.c.c.C.[.[.[/]              : log                  : 173        : Initializing Spring DispatcherServlet 'dispatcherServlet'
2024-04-17 11:15:32.935 [ INFO] [nio-9090-exec-1] o.s.w.s.DispatcherServlet      : initServletBean      : 532        : Initializing Servlet 'dispatcherServlet'
2024-04-17 11:15:32.936 [ INFO] [nio-9090-exec-1] o.s.w.s.DispatcherServlet      : initServletBean      : 554        : Completed initialization in 1 ms
2024-04-17 11:23:52.968 [ INFO] [ionShutdownHook] tainerEntityManagerFactoryBean : destroy              : 650        : Closing JPA EntityManagerFactory for persistence unit 'default'
2024-04-17 11:23:52.971 [ INFO] [ionShutdownHook] c.z.h.HikariDataSource         : close                : 350        : HikariPool-1 - Shutdown initiated...
2024-04-17 11:23:52.974 [ INFO] [ionShutdownHook] c.z.h.HikariDataSource         : close                : 352        : HikariPool-1 - Shutdown completed.
2024-04-17 11:23:54.406 [ INFO] [kground-preinit] o.h.v.i.u.Version              : <clinit>             : 21         : HV000001: Hibernate Validator 8.0.1.Final
2024-04-17 11:23:54.416 [ INFO] [           main] c.i.s.ShoppingMallApplication  : logStarting          : 50         : Starting ShoppingMallApplication using Java 21.0.2 with PID 68321 (/Users/bagsuyeon/Desktop/Team_idle/target/classes started by bagsuyeon in /Users/bagsuyeon/Desktop/Team_idle)
2024-04-17 11:23:54.417 [ INFO] [           main] c.i.s.ShoppingMallApplication  : ogStartupProfileInfo : 654        : No active profile set, falling back to 1 default profile: "default"
2024-04-17 11:23:54.698 [ INFO] [           main] epositoryConfigurationDelegate : gisterRepositoriesIn : 139        : Bootstrapping Spring Data JPA repositories in DEFAULT mode.
2024-04-17 11:23:54.709 [ INFO] [           main] epositoryConfigurationDelegate : gisterRepositoriesIn : 208        : Finished Spring Data repository scanning in 8 ms. Found 0 JPA repository interfaces.
2024-04-17 11:23:54.928 [ INFO] [           main] o.a.c.h.Http11NioProtocol      : log                  : 173        : Initializing ProtocolHandler ["http-nio-9090"]
2024-04-17 11:23:54.929 [ INFO] [           main] o.a.c.c.StandardService        : log                  : 173        : Starting service [Tomcat]
2024-04-17 11:23:54.929 [ INFO] [           main] o.a.c.c.StandardEngine         : log                  : 173        : Starting Servlet engine: [Apache Tomcat/10.1.19]
2024-04-17 11:23:54.956 [ INFO] [           main] o.a.c.c.C.[.[.[/]              : log                  : 173        : Initializing Spring embedded WebApplicationContext
2024-04-17 11:23:55.006 [ INFO] [           main] c.z.h.HikariDataSource         : getConnection        : 110        : HikariPool-1 - Starting...
2024-04-17 11:23:55.119 [ INFO] [           main] c.z.h.p.HikariPool             : checkFailFast        : 565        : HikariPool-1 - Added connection com.mysql.cj.jdbc.ConnectionImpl@6b832551
2024-04-17 11:23:55.119 [ INFO] [           main] c.z.h.HikariDataSource         : getConnection        : 123        : HikariPool-1 - Start completed.
2024-04-17 11:23:55.135 [ INFO] [           main] o.h.j.i.u.LogHelper            : tenceUnitInformation : 31         : HHH000204: Processing PersistenceUnitInfo [name: default]
2024-04-17 11:23:55.161 [ INFO] [           main] o.h.Version                    : logVersion           : 44         : HHH000412: Hibernate ORM core version 6.4.4.Final
2024-04-17 11:23:55.176 [ INFO] [           main] o.h.c.i.RegionFactoryInitiator : initiateService      : 50         : HHH000026: Second-level cache disabled
2024-04-17 11:23:55.257 [ INFO] [           main] .j.p.SpringPersistenceUnitInfo : addTransformer       : 87         : No LoadTimeWeaver setup: ignoring JPA class transformer
2024-04-17 11:23:55.420 [ INFO] [           main] e.t.j.p.i.JtaPlatformInitiator : initiateService      : 58         : HHH000489: No JTA platform available (set 'hibernate.transaction.jta.platform' to enable JTA platform integration)
2024-04-17 11:23:55.422 [ INFO] [           main] tainerEntityManagerFactoryBean : EntityManagerFactory : 437        : Initialized JPA EntityManagerFactory for persistence unit 'default'
2024-04-17 11:23:55.788 [ WARN] [           main] figuration$JpaWebConfiguration : gerInViewInterceptor : 232        : spring.jpa.open-in-view is enabled by default. Therefore, database queries may be performed during view rendering. Explicitly configure spring.jpa.open-in-view to disable this warning
2024-04-17 11:23:55.902 [ INFO] [           main] s.w.DefaultSecurityFilterChain : <init>               : 54         : Will secure any request with [org.springframework.security.web.session.DisableEncodeUrlFilter@74cf2d5f, org.springframework.security.web.context.request.async.WebAsyncManagerIntegrationFilter@14b9817b, org.springframework.security.web.context.SecurityContextHolderFilter@1ae90cb9, org.springframework.security.web.header.HeaderWriterFilter@742aa00a, org.springframework.web.filter.CorsFilter@3052395d, org.springframework.security.web.authentication.logout.LogoutFilter@5b5f61cc, org.springframework.security.oauth2.client.web.OAuth2AuthorizationRequestRedirectFilter@5d200dce, org.springframework.security.oauth2.client.web.OAuth2LoginAuthenticationFilter@57f6fc09, org.springframework.security.web.authentication.UsernamePasswordAuthenticationFilter@6491006, org.springframework.security.web.savedrequest.RequestCacheAwareFilter@7db679, org.springframework.security.web.servletapi.SecurityContextHolderAwareRequestFilter@7dc9b41a, org.springframework.security.web.authentication.AnonymousAuthenticationFilter@a2ca681, org.springframework.security.web.access.ExceptionTranslationFilter@27ea552d, org.springframework.security.web.access.intercept.AuthorizationFilter@58038583]
2024-04-17 11:23:55.985 [ INFO] [           main] o.a.c.h.Http11NioProtocol      : log                  : 173        : Starting ProtocolHandler ["http-nio-9090"]
2024-04-17 11:23:55.996 [ INFO] [           main] c.i.s.ShoppingMallApplication  : logStarted           : 56         : Started ShoppingMallApplication in 1.706 seconds (process running for 2.252)
2024-04-17 11:24:02.773 [ INFO] [nio-9090-exec-1] o.a.c.c.C.[.[.[/]              : log                  : 173        : Initializing Spring DispatcherServlet 'dispatcherServlet'
2024-04-17 11:24:02.773 [ INFO] [nio-9090-exec-1] o.s.w.s.DispatcherServlet      : initServletBean      : 532        : Initializing Servlet 'dispatcherServlet'
2024-04-17 11:24:02.774 [ INFO] [nio-9090-exec-1] o.s.w.s.DispatcherServlet      : initServletBean      : 554        : Completed initialization in 1 ms
2024-04-17 11:30:52.080 [ INFO] [ionShutdownHook] tainerEntityManagerFactoryBean : destroy              : 650        : Closing JPA EntityManagerFactory for persistence unit 'default'
2024-04-17 11:30:52.082 [ INFO] [ionShutdownHook] c.z.h.HikariDataSource         : close                : 350        : HikariPool-1 - Shutdown initiated...
2024-04-17 11:30:52.085 [ INFO] [ionShutdownHook] c.z.h.HikariDataSource         : close                : 352        : HikariPool-1 - Shutdown completed.
2024-04-17 11:30:53.745 [ INFO] [kground-preinit] o.h.v.i.u.Version              : <clinit>             : 21         : HV000001: Hibernate Validator 8.0.1.Final
2024-04-17 11:30:53.759 [ INFO] [           main] c.i.s.ShoppingMallApplication  : logStarting          : 50         : Starting ShoppingMallApplication using Java 21.0.2 with PID 69096 (/Users/bagsuyeon/Desktop/Team_idle/target/classes started by bagsuyeon in /Users/bagsuyeon/Desktop/Team_idle)
2024-04-17 11:30:53.763 [ INFO] [           main] c.i.s.ShoppingMallApplication  : ogStartupProfileInfo : 654        : No active profile set, falling back to 1 default profile: "default"
2024-04-17 11:30:54.112 [ INFO] [           main] epositoryConfigurationDelegate : gisterRepositoriesIn : 139        : Bootstrapping Spring Data JPA repositories in DEFAULT mode.
2024-04-17 11:30:54.122 [ INFO] [           main] epositoryConfigurationDelegate : gisterRepositoriesIn : 208        : Finished Spring Data repository scanning in 7 ms. Found 0 JPA repository interfaces.
2024-04-17 11:30:54.313 [ INFO] [           main] o.a.c.h.Http11NioProtocol      : log                  : 173        : Initializing ProtocolHandler ["http-nio-9090"]
2024-04-17 11:30:54.313 [ INFO] [           main] o.a.c.c.StandardService        : log                  : 173        : Starting service [Tomcat]
2024-04-17 11:30:54.314 [ INFO] [           main] o.a.c.c.StandardEngine         : log                  : 173        : Starting Servlet engine: [Apache Tomcat/10.1.19]
2024-04-17 11:30:54.337 [ INFO] [           main] o.a.c.c.C.[.[.[/]              : log                  : 173        : Initializing Spring embedded WebApplicationContext
2024-04-17 11:30:54.386 [ INFO] [           main] c.z.h.HikariDataSource         : getConnection        : 110        : HikariPool-1 - Starting...
2024-04-17 11:30:54.490 [ INFO] [           main] c.z.h.p.HikariPool             : checkFailFast        : 565        : HikariPool-1 - Added connection com.mysql.cj.jdbc.ConnectionImpl@7345f97d
2024-04-17 11:30:54.490 [ INFO] [           main] c.z.h.HikariDataSource         : getConnection        : 123        : HikariPool-1 - Start completed.
2024-04-17 11:30:54.505 [ INFO] [           main] o.h.j.i.u.LogHelper            : tenceUnitInformation : 31         : HHH000204: Processing PersistenceUnitInfo [name: default]
2024-04-17 11:30:54.529 [ INFO] [           main] o.h.Version                    : logVersion           : 44         : HHH000412: Hibernate ORM core version 6.4.4.Final
2024-04-17 11:30:54.542 [ INFO] [           main] o.h.c.i.RegionFactoryInitiator : initiateService      : 50         : HHH000026: Second-level cache disabled
2024-04-17 11:30:54.624 [ INFO] [           main] .j.p.SpringPersistenceUnitInfo : addTransformer       : 87         : No LoadTimeWeaver setup: ignoring JPA class transformer
2024-04-17 11:30:54.792 [ INFO] [           main] e.t.j.p.i.JtaPlatformInitiator : initiateService      : 58         : HHH000489: No JTA platform available (set 'hibernate.transaction.jta.platform' to enable JTA platform integration)
2024-04-17 11:30:54.793 [ INFO] [           main] tainerEntityManagerFactoryBean : EntityManagerFactory : 437        : Initialized JPA EntityManagerFactory for persistence unit 'default'
2024-04-17 11:30:55.153 [ WARN] [           main] figuration$JpaWebConfiguration : gerInViewInterceptor : 232        : spring.jpa.open-in-view is enabled by default. Therefore, database queries may be performed during view rendering. Explicitly configure spring.jpa.open-in-view to disable this warning
2024-04-17 11:30:55.269 [ INFO] [           main] s.w.DefaultSecurityFilterChain : <init>               : 54         : Will secure any request with [org.springframework.security.web.session.DisableEncodeUrlFilter@5d200dce, org.springframework.security.web.context.request.async.WebAsyncManagerIntegrationFilter@1a59500b, org.springframework.security.web.context.SecurityContextHolderFilter@3bdc8975, org.springframework.security.web.header.HeaderWriterFilter@1f207142, org.springframework.web.filter.CorsFilter@4e3c0627, org.springframework.security.web.authentication.logout.LogoutFilter@c7d173f, org.springframework.security.oauth2.client.web.OAuth2AuthorizationRequestRedirectFilter@76876421, org.springframework.security.oauth2.client.web.OAuth2LoginAuthenticationFilter@363e2009, org.springframework.security.web.authentication.UsernamePasswordAuthenticationFilter@5746609e, org.springframework.security.web.savedrequest.RequestCacheAwareFilter@7a57c5d9, org.springframework.security.web.servletapi.SecurityContextHolderAwareRequestFilter@742aa00a, org.springframework.security.web.authentication.AnonymousAuthenticationFilter@57f6fc09, org.springframework.security.web.access.ExceptionTranslationFilter@5058fefb, org.springframework.security.web.access.intercept.AuthorizationFilter@178c4480]
2024-04-17 11:30:55.346 [ INFO] [           main] o.a.c.h.Http11NioProtocol      : log                  : 173        : Starting ProtocolHandler ["http-nio-9090"]
2024-04-17 11:30:55.356 [ INFO] [           main] c.i.s.ShoppingMallApplication  : logStarted           : 56         : Started ShoppingMallApplication in 1.86 seconds (process running for 2.452)
2024-04-17 11:31:42.132 [ INFO] [nio-9090-exec-1] o.a.c.c.C.[.[.[/]              : log                  : 173        : Initializing Spring DispatcherServlet 'dispatcherServlet'
2024-04-17 11:31:42.132 [ INFO] [nio-9090-exec-1] o.s.w.s.DispatcherServlet      : initServletBean      : 532        : Initializing Servlet 'dispatcherServlet'
2024-04-17 11:31:42.134 [ INFO] [nio-9090-exec-1] o.s.w.s.DispatcherServlet      : initServletBean      : 554        : Completed initialization in 1 ms
2024-04-17 11:36:28.983 [ WARN] [l-1 housekeeper] c.z.h.p.HikariPool             : run                  : 804        : HikariPool-1 - Thread starvation or clock leap detected (housekeeper delta=2m34s364ms).
2024-04-17 11:40:38.941 [ INFO] [ionShutdownHook] tainerEntityManagerFactoryBean : destroy              : 650        : Closing JPA EntityManagerFactory for persistence unit 'default'
2024-04-17 11:40:38.943 [ INFO] [ionShutdownHook] c.z.h.HikariDataSource         : close                : 350        : HikariPool-1 - Shutdown initiated...
2024-04-17 11:40:38.945 [ INFO] [ionShutdownHook] c.z.h.HikariDataSource         : close                : 352        : HikariPool-1 - Shutdown completed.
2024-04-17 11:40:40.442 [ INFO] [kground-preinit] o.h.v.i.u.Version              : <clinit>             : 21         : HV000001: Hibernate Validator 8.0.1.Final
2024-04-17 11:40:40.456 [ INFO] [           main] c.i.s.ShoppingMallApplication  : logStarting          : 50         : Starting ShoppingMallApplication using Java 21.0.2 with PID 69189 (/Users/bagsuyeon/Desktop/Team_idle/target/classes started by bagsuyeon in /Users/bagsuyeon/Desktop/Team_idle)
2024-04-17 11:40:40.457 [ INFO] [           main] c.i.s.ShoppingMallApplication  : ogStartupProfileInfo : 654        : No active profile set, falling back to 1 default profile: "default"
2024-04-17 11:40:40.767 [ INFO] [           main] epositoryConfigurationDelegate : gisterRepositoriesIn : 139        : Bootstrapping Spring Data JPA repositories in DEFAULT mode.
2024-04-17 11:40:40.777 [ INFO] [           main] epositoryConfigurationDelegate : gisterRepositoriesIn : 208        : Finished Spring Data repository scanning in 7 ms. Found 0 JPA repository interfaces.
2024-04-17 11:40:40.974 [ INFO] [           main] o.a.c.h.Http11NioProtocol      : log                  : 173        : Initializing ProtocolHandler ["http-nio-9090"]
2024-04-17 11:40:40.975 [ INFO] [           main] o.a.c.c.StandardService        : log                  : 173        : Starting service [Tomcat]
2024-04-17 11:40:40.975 [ INFO] [           main] o.a.c.c.StandardEngine         : log                  : 173        : Starting Servlet engine: [Apache Tomcat/10.1.19]
2024-04-17 11:40:40.994 [ INFO] [           main] o.a.c.c.C.[.[.[/]              : log                  : 173        : Initializing Spring embedded WebApplicationContext
2024-04-17 11:40:41.044 [ INFO] [           main] c.z.h.HikariDataSource         : getConnection        : 110        : HikariPool-1 - Starting...
2024-04-17 11:40:41.153 [ INFO] [           main] c.z.h.p.HikariPool             : checkFailFast        : 565        : HikariPool-1 - Added connection com.mysql.cj.jdbc.ConnectionImpl@150d6eaf
2024-04-17 11:40:41.153 [ INFO] [           main] c.z.h.HikariDataSource         : getConnection        : 123        : HikariPool-1 - Start completed.
2024-04-17 11:40:41.169 [ INFO] [           main] o.h.j.i.u.LogHelper            : tenceUnitInformation : 31         : HHH000204: Processing PersistenceUnitInfo [name: default]
2024-04-17 11:40:41.192 [ INFO] [           main] o.h.Version                    : logVersion           : 44         : HHH000412: Hibernate ORM core version 6.4.4.Final
2024-04-17 11:40:41.205 [ INFO] [           main] o.h.c.i.RegionFactoryInitiator : initiateService      : 50         : HHH000026: Second-level cache disabled
2024-04-17 11:40:41.286 [ INFO] [           main] .j.p.SpringPersistenceUnitInfo : addTransformer       : 87         : No LoadTimeWeaver setup: ignoring JPA class transformer
2024-04-17 11:40:41.444 [ INFO] [           main] e.t.j.p.i.JtaPlatformInitiator : initiateService      : 58         : HHH000489: No JTA platform available (set 'hibernate.transaction.jta.platform' to enable JTA platform integration)
2024-04-17 11:40:41.446 [ INFO] [           main] tainerEntityManagerFactoryBean : EntityManagerFactory : 437        : Initialized JPA EntityManagerFactory for persistence unit 'default'
2024-04-17 11:40:41.806 [ WARN] [           main] figuration$JpaWebConfiguration : gerInViewInterceptor : 232        : spring.jpa.open-in-view is enabled by default. Therefore, database queries may be performed during view rendering. Explicitly configure spring.jpa.open-in-view to disable this warning
2024-04-17 11:40:41.918 [ INFO] [           main] s.w.DefaultSecurityFilterChain : <init>               : 54         : Will secure any request with [org.springframework.security.web.session.DisableEncodeUrlFilter@57f6fc09, org.springframework.security.web.context.request.async.WebAsyncManagerIntegrationFilter@ae5d544, org.springframework.security.web.context.SecurityContextHolderFilter@742aa00a, org.springframework.security.web.header.HeaderWriterFilter@3bdc8975, org.springframework.web.filter.CorsFilter@5aec151b, org.springframework.security.web.authentication.logout.LogoutFilter@344acc03, org.springframework.security.oauth2.client.web.OAuth2AuthorizationRequestRedirectFilter@363e2009, org.springframework.security.oauth2.client.web.OAuth2LoginAuthenticationFilter@5d200dce, org.springframework.security.web.authentication.UsernamePasswordAuthenticationFilter@2cdd156b, org.springframework.security.web.savedrequest.RequestCacheAwareFilter@5ed463b7, org.springframework.security.web.servletapi.SecurityContextHolderAwareRequestFilter@1ae90cb9, org.springframework.security.web.authentication.AnonymousAuthenticationFilter@74cf2d5f, org.springframework.security.web.access.ExceptionTranslationFilter@65871cfd, org.springframework.security.web.access.intercept.AuthorizationFilter@5980e29f]
2024-04-17 11:40:41.996 [ INFO] [           main] o.a.c.h.Http11NioProtocol      : log                  : 173        : Starting ProtocolHandler ["http-nio-9090"]
2024-04-17 11:40:42.006 [ INFO] [           main] c.i.s.ShoppingMallApplication  : logStarted           : 56         : Started ShoppingMallApplication in 1.756 seconds (process running for 2.321)
2024-04-17 11:40:48.135 [ INFO] [nio-9090-exec-1] o.a.c.c.C.[.[.[/]              : log                  : 173        : Initializing Spring DispatcherServlet 'dispatcherServlet'
2024-04-17 11:40:48.135 [ INFO] [nio-9090-exec-1] o.s.w.s.DispatcherServlet      : initServletBean      : 532        : Initializing Servlet 'dispatcherServlet'
2024-04-17 11:40:48.137 [ INFO] [nio-9090-exec-1] o.s.w.s.DispatcherServlet      : initServletBean      : 554        : Completed initialization in 2 ms
2024-04-17 11:46:00.022 [ INFO] [ionShutdownHook] tainerEntityManagerFactoryBean : destroy              : 650        : Closing JPA EntityManagerFactory for persistence unit 'default'
2024-04-17 11:46:00.024 [ INFO] [ionShutdownHook] c.z.h.HikariDataSource         : close                : 350        : HikariPool-1 - Shutdown initiated...
2024-04-17 11:46:00.027 [ INFO] [ionShutdownHook] c.z.h.HikariDataSource         : close                : 352        : HikariPool-1 - Shutdown completed.
2024-04-17 11:46:01.351 [ INFO] [kground-preinit] o.h.v.i.u.Version              : <clinit>             : 21         : HV000001: Hibernate Validator 8.0.1.Final
2024-04-17 11:46:01.373 [ INFO] [           main] c.i.s.ShoppingMallApplication  : logStarting          : 50         : Starting ShoppingMallApplication using Java 21.0.2 with PID 69224 (/Users/bagsuyeon/Desktop/Team_idle/target/classes started by bagsuyeon in /Users/bagsuyeon/Desktop/Team_idle)
2024-04-17 11:46:01.375 [ INFO] [           main] c.i.s.ShoppingMallApplication  : ogStartupProfileInfo : 654        : No active profile set, falling back to 1 default profile: "default"
2024-04-17 11:46:01.959 [ INFO] [           main] epositoryConfigurationDelegate : gisterRepositoriesIn : 139        : Bootstrapping Spring Data JPA repositories in DEFAULT mode.
2024-04-17 11:46:01.970 [ INFO] [           main] epositoryConfigurationDelegate : gisterRepositoriesIn : 208        : Finished Spring Data repository scanning in 8 ms. Found 0 JPA repository interfaces.
2024-04-17 11:46:02.156 [ INFO] [           main] o.a.c.h.Http11NioProtocol      : log                  : 173        : Initializing ProtocolHandler ["http-nio-9090"]
2024-04-17 11:46:02.156 [ INFO] [           main] o.a.c.c.StandardService        : log                  : 173        : Starting service [Tomcat]
2024-04-17 11:46:02.156 [ INFO] [           main] o.a.c.c.StandardEngine         : log                  : 173        : Starting Servlet engine: [Apache Tomcat/10.1.19]
2024-04-17 11:46:02.175 [ INFO] [           main] o.a.c.c.C.[.[.[/]              : log                  : 173        : Initializing Spring embedded WebApplicationContext
2024-04-17 11:46:02.229 [ INFO] [           main] c.z.h.HikariDataSource         : getConnection        : 110        : HikariPool-1 - Starting...
2024-04-17 11:46:02.337 [ INFO] [           main] c.z.h.p.HikariPool             : checkFailFast        : 565        : HikariPool-1 - Added connection com.mysql.cj.jdbc.ConnectionImpl@7345f97d
2024-04-17 11:46:02.338 [ INFO] [           main] c.z.h.HikariDataSource         : getConnection        : 123        : HikariPool-1 - Start completed.
2024-04-17 11:46:02.352 [ INFO] [           main] o.h.j.i.u.LogHelper            : tenceUnitInformation : 31         : HHH000204: Processing PersistenceUnitInfo [name: default]
2024-04-17 11:46:02.375 [ INFO] [           main] o.h.Version                    : logVersion           : 44         : HHH000412: Hibernate ORM core version 6.4.4.Final
2024-04-17 11:46:02.387 [ INFO] [           main] o.h.c.i.RegionFactoryInitiator : initiateService      : 50         : HHH000026: Second-level cache disabled
2024-04-17 11:46:02.472 [ INFO] [           main] .j.p.SpringPersistenceUnitInfo : addTransformer       : 87         : No LoadTimeWeaver setup: ignoring JPA class transformer
2024-04-17 11:46:02.626 [ INFO] [           main] e.t.j.p.i.JtaPlatformInitiator : initiateService      : 58         : HHH000489: No JTA platform available (set 'hibernate.transaction.jta.platform' to enable JTA platform integration)
2024-04-17 11:46:02.628 [ INFO] [           main] tainerEntityManagerFactoryBean : EntityManagerFactory : 437        : Initialized JPA EntityManagerFactory for persistence unit 'default'
2024-04-17 11:46:02.991 [ WARN] [           main] figuration$JpaWebConfiguration : gerInViewInterceptor : 232        : spring.jpa.open-in-view is enabled by default. Therefore, database queries may be performed during view rendering. Explicitly configure spring.jpa.open-in-view to disable this warning
2024-04-17 11:46:03.103 [ INFO] [           main] s.w.DefaultSecurityFilterChain : <init>               : 54         : Will secure any request with [org.springframework.security.web.session.DisableEncodeUrlFilter@5d200dce, org.springframework.security.web.context.request.async.WebAsyncManagerIntegrationFilter@1a59500b, org.springframework.security.web.context.SecurityContextHolderFilter@3bdc8975, org.springframework.security.web.header.HeaderWriterFilter@1f207142, org.springframework.web.filter.CorsFilter@4e3c0627, org.springframework.security.web.authentication.logout.LogoutFilter@c7d173f, org.springframework.security.oauth2.client.web.OAuth2AuthorizationRequestRedirectFilter@76876421, org.springframework.security.oauth2.client.web.OAuth2LoginAuthenticationFilter@363e2009, org.springframework.security.web.authentication.UsernamePasswordAuthenticationFilter@5746609e, org.springframework.security.web.savedrequest.RequestCacheAwareFilter@7a57c5d9, org.springframework.security.web.servletapi.SecurityContextHolderAwareRequestFilter@742aa00a, org.springframework.security.web.authentication.AnonymousAuthenticationFilter@57f6fc09, org.springframework.security.web.access.ExceptionTranslationFilter@5058fefb, org.springframework.security.web.access.intercept.AuthorizationFilter@178c4480]
2024-04-17 11:46:03.181 [ INFO] [           main] o.a.c.h.Http11NioProtocol      : log                  : 173        : Starting ProtocolHandler ["http-nio-9090"]
2024-04-17 11:46:03.191 [ INFO] [           main] c.i.s.ShoppingMallApplication  : logStarted           : 56         : Started ShoppingMallApplication in 2.117 seconds (process running for 2.423)
2024-04-17 11:46:16.779 [ INFO] [nio-9090-exec-1] o.a.c.c.C.[.[.[/]              : log                  : 173        : Initializing Spring DispatcherServlet 'dispatcherServlet'
2024-04-17 11:46:16.779 [ INFO] [nio-9090-exec-1] o.s.w.s.DispatcherServlet      : initServletBean      : 532        : Initializing Servlet 'dispatcherServlet'
2024-04-17 11:46:16.780 [ INFO] [nio-9090-exec-1] o.s.w.s.DispatcherServlet      : initServletBean      : 554        : Completed initialization in 1 ms
2024-04-17 11:49:54.712 [ INFO] [ionShutdownHook] tainerEntityManagerFactoryBean : destroy              : 650        : Closing JPA EntityManagerFactory for persistence unit 'default'
2024-04-17 11:49:54.714 [ INFO] [ionShutdownHook] c.z.h.HikariDataSource         : close                : 350        : HikariPool-1 - Shutdown initiated...
2024-04-17 11:49:54.716 [ INFO] [ionShutdownHook] c.z.h.HikariDataSource         : close                : 352        : HikariPool-1 - Shutdown completed.
2024-04-17 11:49:55.998 [ INFO] [kground-preinit] o.h.v.i.u.Version              : <clinit>             : 21         : HV000001: Hibernate Validator 8.0.1.Final
2024-04-17 11:49:56.014 [ INFO] [           main] c.i.s.ShoppingMallApplication  : logStarting          : 50         : Starting ShoppingMallApplication using Java 21.0.2 with PID 69268 (/Users/bagsuyeon/Desktop/Team_idle/target/classes started by bagsuyeon in /Users/bagsuyeon/Desktop/Team_idle)
2024-04-17 11:49:56.017 [ INFO] [           main] c.i.s.ShoppingMallApplication  : ogStartupProfileInfo : 654        : No active profile set, falling back to 1 default profile: "default"
2024-04-17 11:49:56.396 [ INFO] [           main] epositoryConfigurationDelegate : gisterRepositoriesIn : 139        : Bootstrapping Spring Data JPA repositories in DEFAULT mode.
2024-04-17 11:49:56.407 [ INFO] [           main] epositoryConfigurationDelegate : gisterRepositoriesIn : 208        : Finished Spring Data repository scanning in 8 ms. Found 0 JPA repository interfaces.
2024-04-17 11:49:56.600 [ INFO] [           main] o.a.c.h.Http11NioProtocol      : log                  : 173        : Initializing ProtocolHandler ["http-nio-9090"]
2024-04-17 11:49:56.601 [ INFO] [           main] o.a.c.c.StandardService        : log                  : 173        : Starting service [Tomcat]
2024-04-17 11:49:56.601 [ INFO] [           main] o.a.c.c.StandardEngine         : log                  : 173        : Starting Servlet engine: [Apache Tomcat/10.1.19]
2024-04-17 11:49:56.626 [ INFO] [           main] o.a.c.c.C.[.[.[/]              : log                  : 173        : Initializing Spring embedded WebApplicationContext
2024-04-17 11:49:56.676 [ INFO] [           main] c.z.h.HikariDataSource         : getConnection        : 110        : HikariPool-1 - Starting...
2024-04-17 11:49:56.792 [ INFO] [           main] c.z.h.p.HikariPool             : checkFailFast        : 565        : HikariPool-1 - Added connection com.mysql.cj.jdbc.ConnectionImpl@14b8a751
2024-04-17 11:49:56.793 [ INFO] [           main] c.z.h.HikariDataSource         : getConnection        : 123        : HikariPool-1 - Start completed.
2024-04-17 11:49:56.808 [ INFO] [           main] o.h.j.i.u.LogHelper            : tenceUnitInformation : 31         : HHH000204: Processing PersistenceUnitInfo [name: default]
2024-04-17 11:49:56.832 [ INFO] [           main] o.h.Version                    : logVersion           : 44         : HHH000412: Hibernate ORM core version 6.4.4.Final
2024-04-17 11:49:56.845 [ INFO] [           main] o.h.c.i.RegionFactoryInitiator : initiateService      : 50         : HHH000026: Second-level cache disabled
2024-04-17 11:49:56.924 [ INFO] [           main] .j.p.SpringPersistenceUnitInfo : addTransformer       : 87         : No LoadTimeWeaver setup: ignoring JPA class transformer
2024-04-17 11:49:57.083 [ INFO] [           main] e.t.j.p.i.JtaPlatformInitiator : initiateService      : 58         : HHH000489: No JTA platform available (set 'hibernate.transaction.jta.platform' to enable JTA platform integration)
2024-04-17 11:49:57.085 [ INFO] [           main] tainerEntityManagerFactoryBean : EntityManagerFactory : 437        : Initialized JPA EntityManagerFactory for persistence unit 'default'
2024-04-17 11:49:57.441 [ WARN] [           main] figuration$JpaWebConfiguration : gerInViewInterceptor : 232        : spring.jpa.open-in-view is enabled by default. Therefore, database queries may be performed during view rendering. Explicitly configure spring.jpa.open-in-view to disable this warning
2024-04-17 11:49:57.559 [ INFO] [           main] s.w.DefaultSecurityFilterChain : <init>               : 54         : Will secure any request with [org.springframework.security.web.session.DisableEncodeUrlFilter@c3836b6, org.springframework.security.web.context.request.async.WebAsyncManagerIntegrationFilter@60317de8, org.springframework.security.web.context.SecurityContextHolderFilter@5058fefb, org.springframework.security.web.header.HeaderWriterFilter@5183131d, org.springframework.web.filter.CorsFilter@363e2009, org.springframework.security.web.authentication.logout.LogoutFilter@188532da, org.springframework.security.oauth2.client.web.OAuth2AuthorizationRequestRedirectFilter@13b5598b, org.springframework.security.oauth2.client.web.OAuth2LoginAuthenticationFilter@389a9ff6, org.springframework.security.web.authentication.UsernamePasswordAuthenticationFilter@49994a4, org.springframework.security.web.savedrequest.RequestCacheAwareFilter@1f207142, org.springframework.security.web.servletapi.SecurityContextHolderAwareRequestFilter@65871cfd, org.springframework.security.web.authentication.AnonymousAuthenticationFilter@7b55fc83, org.springframework.security.web.access.ExceptionTranslationFilter@f31b991, org.springframework.security.web.access.intercept.AuthorizationFilter@2468c0e4]
2024-04-17 11:49:57.638 [ INFO] [           main] o.a.c.h.Http11NioProtocol      : log                  : 173        : Starting ProtocolHandler ["http-nio-9090"]
2024-04-17 11:49:57.649 [ INFO] [           main] c.i.s.ShoppingMallApplication  : logStarted           : 56         : Started ShoppingMallApplication in 1.895 seconds (process running for 2.193)
2024-04-17 11:50:08.995 [ INFO] [nio-9090-exec-1] o.a.c.c.C.[.[.[/]              : log                  : 173        : Initializing Spring DispatcherServlet 'dispatcherServlet'
2024-04-17 11:50:08.995 [ INFO] [nio-9090-exec-1] o.s.w.s.DispatcherServlet      : initServletBean      : 532        : Initializing Servlet 'dispatcherServlet'
2024-04-17 11:50:08.996 [ INFO] [nio-9090-exec-1] o.s.w.s.DispatcherServlet      : initServletBean      : 554        : Completed initialization in 1 ms
2024-04-17 11:51:11.024 [ INFO] [ionShutdownHook] tainerEntityManagerFactoryBean : destroy              : 650        : Closing JPA EntityManagerFactory for persistence unit 'default'
2024-04-17 11:51:11.025 [ INFO] [ionShutdownHook] c.z.h.HikariDataSource         : close                : 350        : HikariPool-1 - Shutdown initiated...
2024-04-17 11:51:11.028 [ INFO] [ionShutdownHook] c.z.h.HikariDataSource         : close                : 352        : HikariPool-1 - Shutdown completed.
2024-04-17 11:51:12.328 [ INFO] [kground-preinit] o.h.v.i.u.Version              : <clinit>             : 21         : HV000001: Hibernate Validator 8.0.1.Final
2024-04-17 11:51:12.345 [ INFO] [           main] c.i.s.ShoppingMallApplication  : logStarting          : 50         : Starting ShoppingMallApplication using Java 21.0.2 with PID 69277 (/Users/bagsuyeon/Desktop/Team_idle/target/classes started by bagsuyeon in /Users/bagsuyeon/Desktop/Team_idle)
2024-04-17 11:51:12.347 [ INFO] [           main] c.i.s.ShoppingMallApplication  : ogStartupProfileInfo : 654        : No active profile set, falling back to 1 default profile: "default"
2024-04-17 11:51:12.739 [ INFO] [           main] epositoryConfigurationDelegate : gisterRepositoriesIn : 139        : Bootstrapping Spring Data JPA repositories in DEFAULT mode.
2024-04-17 11:51:12.750 [ INFO] [           main] epositoryConfigurationDelegate : gisterRepositoriesIn : 208        : Finished Spring Data repository scanning in 7 ms. Found 0 JPA repository interfaces.
2024-04-17 11:51:12.978 [ INFO] [           main] o.a.c.h.Http11NioProtocol      : log                  : 173        : Initializing ProtocolHandler ["http-nio-9090"]
2024-04-17 11:51:12.979 [ INFO] [           main] o.a.c.c.StandardService        : log                  : 173        : Starting service [Tomcat]
2024-04-17 11:51:12.979 [ INFO] [           main] o.a.c.c.StandardEngine         : log                  : 173        : Starting Servlet engine: [Apache Tomcat/10.1.19]
2024-04-17 11:51:13.002 [ INFO] [           main] o.a.c.c.C.[.[.[/]              : log                  : 173        : Initializing Spring embedded WebApplicationContext
2024-04-17 11:51:13.053 [ INFO] [           main] c.z.h.HikariDataSource         : getConnection        : 110        : HikariPool-1 - Starting...
2024-04-17 11:51:13.165 [ INFO] [           main] c.z.h.p.HikariPool             : checkFailFast        : 565        : HikariPool-1 - Added connection com.mysql.cj.jdbc.ConnectionImpl@591f6f83
2024-04-17 11:51:13.166 [ INFO] [           main] c.z.h.HikariDataSource         : getConnection        : 123        : HikariPool-1 - Start completed.
2024-04-17 11:51:13.182 [ INFO] [           main] o.h.j.i.u.LogHelper            : tenceUnitInformation : 31         : HHH000204: Processing PersistenceUnitInfo [name: default]
2024-04-17 11:51:13.207 [ INFO] [           main] o.h.Version                    : logVersion           : 44         : HHH000412: Hibernate ORM core version 6.4.4.Final
2024-04-17 11:51:13.220 [ INFO] [           main] o.h.c.i.RegionFactoryInitiator : initiateService      : 50         : HHH000026: Second-level cache disabled
2024-04-17 11:51:13.299 [ INFO] [           main] .j.p.SpringPersistenceUnitInfo : addTransformer       : 87         : No LoadTimeWeaver setup: ignoring JPA class transformer
2024-04-17 11:51:13.467 [ INFO] [           main] e.t.j.p.i.JtaPlatformInitiator : initiateService      : 58         : HHH000489: No JTA platform available (set 'hibernate.transaction.jta.platform' to enable JTA platform integration)
2024-04-17 11:51:13.469 [ INFO] [           main] tainerEntityManagerFactoryBean : EntityManagerFactory : 437        : Initialized JPA EntityManagerFactory for persistence unit 'default'
2024-04-17 11:51:13.846 [ WARN] [           main] figuration$JpaWebConfiguration : gerInViewInterceptor : 232        : spring.jpa.open-in-view is enabled by default. Therefore, database queries may be performed during view rendering. Explicitly configure spring.jpa.open-in-view to disable this warning
2024-04-17 11:51:13.958 [ INFO] [           main] s.w.DefaultSecurityFilterChain : <init>               : 54         : Will secure any request with [org.springframework.security.web.session.DisableEncodeUrlFilter@57f6fc09, org.springframework.security.web.context.request.async.WebAsyncManagerIntegrationFilter@ae5d544, org.springframework.security.web.context.SecurityContextHolderFilter@742aa00a, org.springframework.security.web.header.HeaderWriterFilter@3bdc8975, org.springframework.web.filter.CorsFilter@5aec151b, org.springframework.security.web.authentication.logout.LogoutFilter@344acc03, org.springframework.security.oauth2.client.web.OAuth2AuthorizationRequestRedirectFilter@363e2009, org.springframework.security.oauth2.client.web.OAuth2LoginAuthenticationFilter@5d200dce, org.springframework.security.web.authentication.UsernamePasswordAuthenticationFilter@2cdd156b, org.springframework.security.web.savedrequest.RequestCacheAwareFilter@5ed463b7, org.springframework.security.web.servletapi.SecurityContextHolderAwareRequestFilter@1ae90cb9, org.springframework.security.web.authentication.AnonymousAuthenticationFilter@74cf2d5f, org.springframework.security.web.access.ExceptionTranslationFilter@65871cfd, org.springframework.security.web.access.intercept.AuthorizationFilter@5980e29f]
2024-04-17 11:51:14.044 [ INFO] [           main] o.a.c.h.Http11NioProtocol      : log                  : 173        : Starting ProtocolHandler ["http-nio-9090"]
2024-04-17 11:51:14.054 [ INFO] [           main] c.i.s.ShoppingMallApplication  : logStarted           : 56         : Started ShoppingMallApplication in 1.972 seconds (process running for 2.275)
2024-04-17 11:51:16.606 [ INFO] [nio-9090-exec-1] o.a.c.c.C.[.[.[/]              : log                  : 173        : Initializing Spring DispatcherServlet 'dispatcherServlet'
2024-04-17 11:51:16.606 [ INFO] [nio-9090-exec-1] o.s.w.s.DispatcherServlet      : initServletBean      : 532        : Initializing Servlet 'dispatcherServlet'
2024-04-17 11:51:16.607 [ INFO] [nio-9090-exec-1] o.s.w.s.DispatcherServlet      : initServletBean      : 554        : Completed initialization in 1 ms
2024-04-17 11:53:17.708 [ INFO] [ionShutdownHook] tainerEntityManagerFactoryBean : destroy              : 650        : Closing JPA EntityManagerFactory for persistence unit 'default'
2024-04-17 11:53:17.709 [ INFO] [ionShutdownHook] c.z.h.HikariDataSource         : close                : 350        : HikariPool-1 - Shutdown initiated...
2024-04-17 11:53:17.713 [ INFO] [ionShutdownHook] c.z.h.HikariDataSource         : close                : 352        : HikariPool-1 - Shutdown completed.
2024-04-17 11:53:19.111 [ INFO] [kground-preinit] o.h.v.i.u.Version              : <clinit>             : 21         : HV000001: Hibernate Validator 8.0.1.Final
2024-04-17 11:53:19.122 [ INFO] [           main] c.i.s.ShoppingMallApplication  : logStarting          : 50         : Starting ShoppingMallApplication using Java 21.0.2 with PID 69297 (/Users/bagsuyeon/Desktop/Team_idle/target/classes started by bagsuyeon in /Users/bagsuyeon/Desktop/Team_idle)
2024-04-17 11:53:19.123 [ INFO] [           main] c.i.s.ShoppingMallApplication  : ogStartupProfileInfo : 654        : No active profile set, falling back to 1 default profile: "default"
2024-04-17 11:53:19.389 [ INFO] [           main] epositoryConfigurationDelegate : gisterRepositoriesIn : 139        : Bootstrapping Spring Data JPA repositories in DEFAULT mode.
2024-04-17 11:53:19.400 [ INFO] [           main] epositoryConfigurationDelegate : gisterRepositoriesIn : 208        : Finished Spring Data repository scanning in 8 ms. Found 0 JPA repository interfaces.
2024-04-17 11:53:19.593 [ INFO] [           main] o.a.c.h.Http11NioProtocol      : log                  : 173        : Initializing ProtocolHandler ["http-nio-9090"]
2024-04-17 11:53:19.594 [ INFO] [           main] o.a.c.c.StandardService        : log                  : 173        : Starting service [Tomcat]
2024-04-17 11:53:19.594 [ INFO] [           main] o.a.c.c.StandardEngine         : log                  : 173        : Starting Servlet engine: [Apache Tomcat/10.1.19]
2024-04-17 11:53:19.619 [ INFO] [           main] o.a.c.c.C.[.[.[/]              : log                  : 173        : Initializing Spring embedded WebApplicationContext
2024-04-17 11:53:19.667 [ INFO] [           main] c.z.h.HikariDataSource         : getConnection        : 110        : HikariPool-1 - Starting...
2024-04-17 11:53:19.778 [ INFO] [           main] c.z.h.p.HikariPool             : checkFailFast        : 565        : HikariPool-1 - Added connection com.mysql.cj.jdbc.ConnectionImpl@55421b8d
2024-04-17 11:53:19.779 [ INFO] [           main] c.z.h.HikariDataSource         : getConnection        : 123        : HikariPool-1 - Start completed.
2024-04-17 11:53:19.794 [ INFO] [           main] o.h.j.i.u.LogHelper            : tenceUnitInformation : 31         : HHH000204: Processing PersistenceUnitInfo [name: default]
2024-04-17 11:53:19.816 [ INFO] [           main] o.h.Version                    : logVersion           : 44         : HHH000412: Hibernate ORM core version 6.4.4.Final
2024-04-17 11:53:19.827 [ INFO] [           main] o.h.c.i.RegionFactoryInitiator : initiateService      : 50         : HHH000026: Second-level cache disabled
2024-04-17 11:53:19.906 [ INFO] [           main] .j.p.SpringPersistenceUnitInfo : addTransformer       : 87         : No LoadTimeWeaver setup: ignoring JPA class transformer
2024-04-17 11:53:20.070 [ INFO] [           main] e.t.j.p.i.JtaPlatformInitiator : initiateService      : 58         : HHH000489: No JTA platform available (set 'hibernate.transaction.jta.platform' to enable JTA platform integration)
2024-04-17 11:53:20.071 [ INFO] [           main] tainerEntityManagerFactoryBean : EntityManagerFactory : 437        : Initialized JPA EntityManagerFactory for persistence unit 'default'
2024-04-17 11:53:20.444 [ WARN] [           main] figuration$JpaWebConfiguration : gerInViewInterceptor : 232        : spring.jpa.open-in-view is enabled by default. Therefore, database queries may be performed during view rendering. Explicitly configure spring.jpa.open-in-view to disable this warning
2024-04-17 11:53:20.556 [ INFO] [           main] s.w.DefaultSecurityFilterChain : <init>               : 54         : Will secure any request with [org.springframework.security.web.session.DisableEncodeUrlFilter@5aec151b, org.springframework.security.web.context.request.async.WebAsyncManagerIntegrationFilter@74cf2d5f, org.springframework.security.web.context.SecurityContextHolderFilter@5ed463b7, org.springframework.security.web.header.HeaderWriterFilter@7a57c5d9, org.springframework.web.filter.CorsFilter@14b9817b, org.springframework.security.web.authentication.logout.LogoutFilter@4bba2704, org.springframework.security.oauth2.client.web.OAuth2AuthorizationRequestRedirectFilter@3615f8d9, org.springframework.security.oauth2.client.web.OAuth2LoginAuthenticationFilter@4e3c0627, org.springframework.security.web.authentication.UsernamePasswordAuthenticationFilter@58038583, org.springframework.security.web.savedrequest.RequestCacheAwareFilter@3b62c51e, org.springframework.security.web.servletapi.SecurityContextHolderAwareRequestFilter@7db679, org.springframework.security.web.authentication.AnonymousAuthenticationFilter@3052395d, org.springframework.security.web.access.ExceptionTranslationFilter@3bdc8975, org.springframework.security.web.access.intercept.AuthorizationFilter@487bc2fe]
2024-04-17 11:53:20.645 [ INFO] [           main] o.a.c.h.Http11NioProtocol      : log                  : 173        : Starting ProtocolHandler ["http-nio-9090"]
2024-04-17 11:53:20.655 [ INFO] [           main] c.i.s.ShoppingMallApplication  : logStarted           : 56         : Started ShoppingMallApplication in 1.73 seconds (process running for 2.254)
2024-04-17 11:53:22.257 [ INFO] [nio-9090-exec-1] o.a.c.c.C.[.[.[/]              : log                  : 173        : Initializing Spring DispatcherServlet 'dispatcherServlet'
2024-04-17 11:53:22.257 [ INFO] [nio-9090-exec-1] o.s.w.s.DispatcherServlet      : initServletBean      : 532        : Initializing Servlet 'dispatcherServlet'
2024-04-17 11:53:22.258 [ INFO] [nio-9090-exec-1] o.s.w.s.DispatcherServlet      : initServletBean      : 554        : Completed initialization in 1 ms
2024-04-17 11:55:57.008 [ INFO] [ionShutdownHook] tainerEntityManagerFactoryBean : destroy              : 650        : Closing JPA EntityManagerFactory for persistence unit 'default'
2024-04-17 11:55:57.009 [ INFO] [ionShutdownHook] c.z.h.HikariDataSource         : close                : 350        : HikariPool-1 - Shutdown initiated...
2024-04-17 11:55:57.012 [ INFO] [ionShutdownHook] c.z.h.HikariDataSource         : close                : 352        : HikariPool-1 - Shutdown completed.
2024-04-17 11:55:58.330 [ INFO] [kground-preinit] o.h.v.i.u.Version              : <clinit>             : 21         : HV000001: Hibernate Validator 8.0.1.Final
2024-04-17 11:55:58.353 [ INFO] [           main] c.i.s.ShoppingMallApplication  : logStarting          : 50         : Starting ShoppingMallApplication using Java 21.0.2 with PID 69316 (/Users/bagsuyeon/Desktop/Team_idle/target/classes started by bagsuyeon in /Users/bagsuyeon/Desktop/Team_idle)
2024-04-17 11:55:58.355 [ INFO] [           main] c.i.s.ShoppingMallApplication  : ogStartupProfileInfo : 654        : No active profile set, falling back to 1 default profile: "default"
2024-04-17 11:55:58.794 [ INFO] [           main] epositoryConfigurationDelegate : gisterRepositoriesIn : 139        : Bootstrapping Spring Data JPA repositories in DEFAULT mode.
2024-04-17 11:55:58.805 [ INFO] [           main] epositoryConfigurationDelegate : gisterRepositoriesIn : 208        : Finished Spring Data repository scanning in 8 ms. Found 0 JPA repository interfaces.
2024-04-17 11:55:58.992 [ INFO] [           main] o.a.c.h.Http11NioProtocol      : log                  : 173        : Initializing ProtocolHandler ["http-nio-9090"]
2024-04-17 11:55:58.994 [ INFO] [           main] o.a.c.c.StandardService        : log                  : 173        : Starting service [Tomcat]
2024-04-17 11:55:58.994 [ INFO] [           main] o.a.c.c.StandardEngine         : log                  : 173        : Starting Servlet engine: [Apache Tomcat/10.1.19]
2024-04-17 11:55:59.021 [ INFO] [           main] o.a.c.c.C.[.[.[/]              : log                  : 173        : Initializing Spring embedded WebApplicationContext
2024-04-17 11:55:59.077 [ INFO] [           main] c.z.h.HikariDataSource         : getConnection        : 110        : HikariPool-1 - Starting...
2024-04-17 11:55:59.192 [ INFO] [           main] c.z.h.p.HikariPool             : checkFailFast        : 565        : HikariPool-1 - Added connection com.mysql.cj.jdbc.ConnectionImpl@611c3eae
2024-04-17 11:55:59.192 [ INFO] [           main] c.z.h.HikariDataSource         : getConnection        : 123        : HikariPool-1 - Start completed.
2024-04-17 11:55:59.207 [ INFO] [           main] o.h.j.i.u.LogHelper            : tenceUnitInformation : 31         : HHH000204: Processing PersistenceUnitInfo [name: default]
2024-04-17 11:55:59.230 [ INFO] [           main] o.h.Version                    : logVersion           : 44         : HHH000412: Hibernate ORM core version 6.4.4.Final
2024-04-17 11:55:59.243 [ INFO] [           main] o.h.c.i.RegionFactoryInitiator : initiateService      : 50         : HHH000026: Second-level cache disabled
2024-04-17 11:55:59.321 [ INFO] [           main] .j.p.SpringPersistenceUnitInfo : addTransformer       : 87         : No LoadTimeWeaver setup: ignoring JPA class transformer
2024-04-17 11:55:59.484 [ INFO] [           main] e.t.j.p.i.JtaPlatformInitiator : initiateService      : 58         : HHH000489: No JTA platform available (set 'hibernate.transaction.jta.platform' to enable JTA platform integration)
2024-04-17 11:55:59.486 [ INFO] [           main] tainerEntityManagerFactoryBean : EntityManagerFactory : 437        : Initialized JPA EntityManagerFactory for persistence unit 'default'
2024-04-17 11:55:59.849 [ WARN] [           main] figuration$JpaWebConfiguration : gerInViewInterceptor : 232        : spring.jpa.open-in-view is enabled by default. Therefore, database queries may be performed during view rendering. Explicitly configure spring.jpa.open-in-view to disable this warning
2024-04-17 11:55:59.964 [ INFO] [           main] s.w.DefaultSecurityFilterChain : <init>               : 54         : Will secure any request with [org.springframework.security.web.session.DisableEncodeUrlFilter@7e577eed, org.springframework.security.web.context.request.async.WebAsyncManagerIntegrationFilter@11a0c708, org.springframework.security.web.context.SecurityContextHolderFilter@6f53295e, org.springframework.security.web.header.HeaderWriterFilter@7dc9b41a, org.springframework.web.filter.CorsFilter@30bfdcc5, org.springframework.security.web.authentication.logout.LogoutFilter@3df54fd5, org.springframework.security.oauth2.client.web.OAuth2AuthorizationRequestRedirectFilter@74cf2d5f, org.springframework.security.oauth2.client.web.OAuth2LoginAuthenticationFilter@a2ca681, org.springframework.security.web.authentication.UsernamePasswordAuthenticationFilter@1a67bde5, org.springframework.security.web.savedrequest.RequestCacheAwareFilter@4f93a8f6, org.springframework.security.web.servletapi.SecurityContextHolderAwareRequestFilter@492d38a2, org.springframework.security.web.authentication.AnonymousAuthenticationFilter@1e9b0c92, org.springframework.security.web.access.ExceptionTranslationFilter@3b62c51e, org.springframework.security.web.access.intercept.AuthorizationFilter@4552e288]
2024-04-17 11:56:00.046 [ INFO] [           main] o.a.c.h.Http11NioProtocol      : log                  : 173        : Starting ProtocolHandler ["http-nio-9090"]
2024-04-17 11:56:00.057 [ INFO] [           main] c.i.s.ShoppingMallApplication  : logStarted           : 56         : Started ShoppingMallApplication in 1.993 seconds (process running for 2.297)
2024-04-17 11:56:01.860 [ INFO] [nio-9090-exec-1] o.a.c.c.C.[.[.[/]              : log                  : 173        : Initializing Spring DispatcherServlet 'dispatcherServlet'
2024-04-17 11:56:01.860 [ INFO] [nio-9090-exec-1] o.s.w.s.DispatcherServlet      : initServletBean      : 532        : Initializing Servlet 'dispatcherServlet'
2024-04-17 11:56:01.862 [ INFO] [nio-9090-exec-1] o.s.w.s.DispatcherServlet      : initServletBean      : 554        : Completed initialization in 1 ms
2024-04-17 11:56:51.437 [ INFO] [ionShutdownHook] tainerEntityManagerFactoryBean : destroy              : 650        : Closing JPA EntityManagerFactory for persistence unit 'default'
2024-04-17 11:56:51.438 [ INFO] [ionShutdownHook] c.z.h.HikariDataSource         : close                : 350        : HikariPool-1 - Shutdown initiated...
2024-04-17 11:56:51.441 [ INFO] [ionShutdownHook] c.z.h.HikariDataSource         : close                : 352        : HikariPool-1 - Shutdown completed.
2024-04-17 11:56:52.756 [ INFO] [kground-preinit] o.h.v.i.u.Version              : <clinit>             : 21         : HV000001: Hibernate Validator 8.0.1.Final
2024-04-17 11:56:52.768 [ INFO] [           main] c.i.s.ShoppingMallApplication  : logStarting          : 50         : Starting ShoppingMallApplication using Java 21.0.2 with PID 69327 (/Users/bagsuyeon/Desktop/Team_idle/target/classes started by bagsuyeon in /Users/bagsuyeon/Desktop/Team_idle)
2024-04-17 11:56:52.771 [ INFO] [           main] c.i.s.ShoppingMallApplication  : ogStartupProfileInfo : 654        : No active profile set, falling back to 1 default profile: "default"
2024-04-17 11:56:53.137 [ INFO] [           main] epositoryConfigurationDelegate : gisterRepositoriesIn : 139        : Bootstrapping Spring Data JPA repositories in DEFAULT mode.
2024-04-17 11:56:53.147 [ INFO] [           main] epositoryConfigurationDelegate : gisterRepositoriesIn : 208        : Finished Spring Data repository scanning in 7 ms. Found 0 JPA repository interfaces.
2024-04-17 11:56:53.326 [ INFO] [           main] o.a.c.h.Http11NioProtocol      : log                  : 173        : Initializing ProtocolHandler ["http-nio-9090"]
2024-04-17 11:56:53.327 [ INFO] [           main] o.a.c.c.StandardService        : log                  : 173        : Starting service [Tomcat]
2024-04-17 11:56:53.327 [ INFO] [           main] o.a.c.c.StandardEngine         : log                  : 173        : Starting Servlet engine: [Apache Tomcat/10.1.19]
2024-04-17 11:56:53.347 [ INFO] [           main] o.a.c.c.C.[.[.[/]              : log                  : 173        : Initializing Spring embedded WebApplicationContext
2024-04-17 11:56:53.401 [ INFO] [           main] c.z.h.HikariDataSource         : getConnection        : 110        : HikariPool-1 - Starting...
2024-04-17 11:56:53.507 [ INFO] [           main] c.z.h.p.HikariPool             : checkFailFast        : 565        : HikariPool-1 - Added connection com.mysql.cj.jdbc.ConnectionImpl@150d6eaf
2024-04-17 11:56:53.507 [ INFO] [           main] c.z.h.HikariDataSource         : getConnection        : 123        : HikariPool-1 - Start completed.
2024-04-17 11:56:53.522 [ INFO] [           main] o.h.j.i.u.LogHelper            : tenceUnitInformation : 31         : HHH000204: Processing PersistenceUnitInfo [name: default]
2024-04-17 11:56:53.544 [ INFO] [           main] o.h.Version                    : logVersion           : 44         : HHH000412: Hibernate ORM core version 6.4.4.Final
2024-04-17 11:56:53.556 [ INFO] [           main] o.h.c.i.RegionFactoryInitiator : initiateService      : 50         : HHH000026: Second-level cache disabled
2024-04-17 11:56:53.633 [ INFO] [           main] .j.p.SpringPersistenceUnitInfo : addTransformer       : 87         : No LoadTimeWeaver setup: ignoring JPA class transformer
2024-04-17 11:56:53.790 [ INFO] [           main] e.t.j.p.i.JtaPlatformInitiator : initiateService      : 58         : HHH000489: No JTA platform available (set 'hibernate.transaction.jta.platform' to enable JTA platform integration)
2024-04-17 11:56:53.791 [ INFO] [           main] tainerEntityManagerFactoryBean : EntityManagerFactory : 437        : Initialized JPA EntityManagerFactory for persistence unit 'default'
2024-04-17 11:56:54.141 [ WARN] [           main] figuration$JpaWebConfiguration : gerInViewInterceptor : 232        : spring.jpa.open-in-view is enabled by default. Therefore, database queries may be performed during view rendering. Explicitly configure spring.jpa.open-in-view to disable this warning
2024-04-17 11:56:54.249 [ INFO] [           main] s.w.DefaultSecurityFilterChain : <init>               : 54         : Will secure any request with [org.springframework.security.web.session.DisableEncodeUrlFilter@74cf2d5f, org.springframework.security.web.context.request.async.WebAsyncManagerIntegrationFilter@14b9817b, org.springframework.security.web.context.SecurityContextHolderFilter@1ae90cb9, org.springframework.security.web.header.HeaderWriterFilter@742aa00a, org.springframework.web.filter.CorsFilter@3052395d, org.springframework.security.web.authentication.logout.LogoutFilter@5b5f61cc, org.springframework.security.oauth2.client.web.OAuth2AuthorizationRequestRedirectFilter@5d200dce, org.springframework.security.oauth2.client.web.OAuth2LoginAuthenticationFilter@57f6fc09, org.springframework.security.web.authentication.UsernamePasswordAuthenticationFilter@6491006, org.springframework.security.web.savedrequest.RequestCacheAwareFilter@7db679, org.springframework.security.web.servletapi.SecurityContextHolderAwareRequestFilter@7dc9b41a, org.springframework.security.web.authentication.AnonymousAuthenticationFilter@a2ca681, org.springframework.security.web.access.ExceptionTranslationFilter@27ea552d, org.springframework.security.web.access.intercept.AuthorizationFilter@58038583]
2024-04-17 11:56:54.334 [ INFO] [           main] o.a.c.h.Http11NioProtocol      : log                  : 173        : Starting ProtocolHandler ["http-nio-9090"]
2024-04-17 11:56:54.344 [ INFO] [           main] c.i.s.ShoppingMallApplication  : logStarted           : 56         : Started ShoppingMallApplication in 1.838 seconds (process running for 2.139)
2024-04-17 11:56:58.740 [ INFO] [nio-9090-exec-1] o.a.c.c.C.[.[.[/]              : log                  : 173        : Initializing Spring DispatcherServlet 'dispatcherServlet'
2024-04-17 11:56:58.740 [ INFO] [nio-9090-exec-1] o.s.w.s.DispatcherServlet      : initServletBean      : 532        : Initializing Servlet 'dispatcherServlet'
2024-04-17 11:56:58.742 [ INFO] [nio-9090-exec-1] o.s.w.s.DispatcherServlet      : initServletBean      : 554        : Completed initialization in 2 ms
2024-04-17 11:57:54.094 [ INFO] [ionShutdownHook] tainerEntityManagerFactoryBean : destroy              : 650        : Closing JPA EntityManagerFactory for persistence unit 'default'
2024-04-17 11:57:54.095 [ INFO] [ionShutdownHook] c.z.h.HikariDataSource         : close                : 350        : HikariPool-1 - Shutdown initiated...
2024-04-17 11:57:54.098 [ INFO] [ionShutdownHook] c.z.h.HikariDataSource         : close                : 352        : HikariPool-1 - Shutdown completed.
2024-04-17 11:57:55.600 [ INFO] [kground-preinit] o.h.v.i.u.Version              : <clinit>             : 21         : HV000001: Hibernate Validator 8.0.1.Final
2024-04-17 11:57:55.611 [ INFO] [           main] c.i.s.ShoppingMallApplication  : logStarting          : 50         : Starting ShoppingMallApplication using Java 21.0.2 with PID 69348 (/Users/bagsuyeon/Desktop/Team_idle/target/classes started by bagsuyeon in /Users/bagsuyeon/Desktop/Team_idle)
2024-04-17 11:57:55.612 [ INFO] [           main] c.i.s.ShoppingMallApplication  : ogStartupProfileInfo : 654        : No active profile set, falling back to 1 default profile: "default"
2024-04-17 11:57:55.900 [ INFO] [           main] epositoryConfigurationDelegate : gisterRepositoriesIn : 139        : Bootstrapping Spring Data JPA repositories in DEFAULT mode.
2024-04-17 11:57:55.911 [ INFO] [           main] epositoryConfigurationDelegate : gisterRepositoriesIn : 208        : Finished Spring Data repository scanning in 7 ms. Found 0 JPA repository interfaces.
2024-04-17 11:57:56.091 [ INFO] [           main] o.a.c.h.Http11NioProtocol      : log                  : 173        : Initializing ProtocolHandler ["http-nio-9090"]
2024-04-17 11:57:56.092 [ INFO] [           main] o.a.c.c.StandardService        : log                  : 173        : Starting service [Tomcat]
2024-04-17 11:57:56.092 [ INFO] [           main] o.a.c.c.StandardEngine         : log                  : 173        : Starting Servlet engine: [Apache Tomcat/10.1.19]
2024-04-17 11:57:56.113 [ INFO] [           main] o.a.c.c.C.[.[.[/]              : log                  : 173        : Initializing Spring embedded WebApplicationContext
2024-04-17 11:57:56.163 [ INFO] [           main] c.z.h.HikariDataSource         : getConnection        : 110        : HikariPool-1 - Starting...
2024-04-17 11:57:56.284 [ INFO] [           main] c.z.h.p.HikariPool             : checkFailFast        : 565        : HikariPool-1 - Added connection com.mysql.cj.jdbc.ConnectionImpl@554566a8
2024-04-17 11:57:56.285 [ INFO] [           main] c.z.h.HikariDataSource         : getConnection        : 123        : HikariPool-1 - Start completed.
2024-04-17 11:57:56.300 [ INFO] [           main] o.h.j.i.u.LogHelper            : tenceUnitInformation : 31         : HHH000204: Processing PersistenceUnitInfo [name: default]
2024-04-17 11:57:56.322 [ INFO] [           main] o.h.Version                    : logVersion           : 44         : HHH000412: Hibernate ORM core version 6.4.4.Final
2024-04-17 11:57:56.335 [ INFO] [           main] o.h.c.i.RegionFactoryInitiator : initiateService      : 50         : HHH000026: Second-level cache disabled
2024-04-17 11:57:56.416 [ INFO] [           main] .j.p.SpringPersistenceUnitInfo : addTransformer       : 87         : No LoadTimeWeaver setup: ignoring JPA class transformer
2024-04-17 11:57:56.568 [ INFO] [           main] e.t.j.p.i.JtaPlatformInitiator : initiateService      : 58         : HHH000489: No JTA platform available (set 'hibernate.transaction.jta.platform' to enable JTA platform integration)
2024-04-17 11:57:56.570 [ INFO] [           main] tainerEntityManagerFactoryBean : EntityManagerFactory : 437        : Initialized JPA EntityManagerFactory for persistence unit 'default'
2024-04-17 11:57:56.927 [ WARN] [           main] figuration$JpaWebConfiguration : gerInViewInterceptor : 232        : spring.jpa.open-in-view is enabled by default. Therefore, database queries may be performed during view rendering. Explicitly configure spring.jpa.open-in-view to disable this warning
2024-04-17 11:57:57.045 [ INFO] [           main] s.w.DefaultSecurityFilterChain : <init>               : 54         : Will secure any request with [org.springframework.security.web.session.DisableEncodeUrlFilter@57f6fc09, org.springframework.security.web.context.request.async.WebAsyncManagerIntegrationFilter@ae5d544, org.springframework.security.web.context.SecurityContextHolderFilter@742aa00a, org.springframework.security.web.header.HeaderWriterFilter@3bdc8975, org.springframework.web.filter.CorsFilter@5aec151b, org.springframework.security.web.authentication.logout.LogoutFilter@344acc03, org.springframework.security.oauth2.client.web.OAuth2AuthorizationRequestRedirectFilter@363e2009, org.springframework.security.oauth2.client.web.OAuth2LoginAuthenticationFilter@5d200dce, org.springframework.security.web.authentication.UsernamePasswordAuthenticationFilter@2cdd156b, org.springframework.security.web.savedrequest.RequestCacheAwareFilter@5ed463b7, org.springframework.security.web.servletapi.SecurityContextHolderAwareRequestFilter@1ae90cb9, org.springframework.security.web.authentication.AnonymousAuthenticationFilter@74cf2d5f, org.springframework.security.web.access.ExceptionTranslationFilter@65871cfd, org.springframework.security.web.access.intercept.AuthorizationFilter@5980e29f]
2024-04-17 11:57:57.139 [ INFO] [           main] o.a.c.h.Http11NioProtocol      : log                  : 173        : Starting ProtocolHandler ["http-nio-9090"]
2024-04-17 11:57:57.149 [ INFO] [           main] c.i.s.ShoppingMallApplication  : logStarted           : 56         : Started ShoppingMallApplication in 1.729 seconds (process running for 2.249)
2024-04-17 11:57:58.342 [ INFO] [nio-9090-exec-1] o.a.c.c.C.[.[.[/]              : log                  : 173        : Initializing Spring DispatcherServlet 'dispatcherServlet'
2024-04-17 11:57:58.342 [ INFO] [nio-9090-exec-1] o.s.w.s.DispatcherServlet      : initServletBean      : 532        : Initializing Servlet 'dispatcherServlet'
2024-04-17 11:57:58.344 [ INFO] [nio-9090-exec-1] o.s.w.s.DispatcherServlet      : initServletBean      : 554        : Completed initialization in 1 ms
2024-04-17 11:59:57.230 [ INFO] [ionShutdownHook] tainerEntityManagerFactoryBean : destroy              : 650        : Closing JPA EntityManagerFactory for persistence unit 'default'
2024-04-17 11:59:57.232 [ INFO] [ionShutdownHook] c.z.h.HikariDataSource         : close                : 350        : HikariPool-1 - Shutdown initiated...
2024-04-17 11:59:57.234 [ INFO] [ionShutdownHook] c.z.h.HikariDataSource         : close                : 352        : HikariPool-1 - Shutdown completed.
2024-04-17 11:59:58.736 [ INFO] [kground-preinit] o.h.v.i.u.Version              : <clinit>             : 21         : HV000001: Hibernate Validator 8.0.1.Final
2024-04-17 11:59:58.751 [ INFO] [           main] c.i.s.ShoppingMallApplication  : logStarting          : 50         : Starting ShoppingMallApplication using Java 21.0.2 with PID 69359 (/Users/bagsuyeon/Desktop/Team_idle/target/classes started by bagsuyeon in /Users/bagsuyeon/Desktop/Team_idle)
2024-04-17 11:59:58.753 [ INFO] [           main] c.i.s.ShoppingMallApplication  : ogStartupProfileInfo : 654        : No active profile set, falling back to 1 default profile: "default"
2024-04-17 11:59:59.077 [ INFO] [           main] epositoryConfigurationDelegate : gisterRepositoriesIn : 139        : Bootstrapping Spring Data JPA repositories in DEFAULT mode.
2024-04-17 11:59:59.087 [ INFO] [           main] epositoryConfigurationDelegate : gisterRepositoriesIn : 208        : Finished Spring Data repository scanning in 8 ms. Found 0 JPA repository interfaces.
2024-04-17 11:59:59.265 [ INFO] [           main] o.a.c.h.Http11NioProtocol      : log                  : 173        : Initializing ProtocolHandler ["http-nio-9090"]
2024-04-17 11:59:59.265 [ INFO] [           main] o.a.c.c.StandardService        : log                  : 173        : Starting service [Tomcat]
2024-04-17 11:59:59.266 [ INFO] [           main] o.a.c.c.StandardEngine         : log                  : 173        : Starting Servlet engine: [Apache Tomcat/10.1.19]
2024-04-17 11:59:59.287 [ INFO] [           main] o.a.c.c.C.[.[.[/]              : log                  : 173        : Initializing Spring embedded WebApplicationContext
2024-04-17 11:59:59.337 [ INFO] [           main] c.z.h.HikariDataSource         : getConnection        : 110        : HikariPool-1 - Starting...
2024-04-17 11:59:59.443 [ INFO] [           main] c.z.h.p.HikariPool             : checkFailFast        : 565        : HikariPool-1 - Added connection com.mysql.cj.jdbc.ConnectionImpl@2ee92e7d
2024-04-17 11:59:59.444 [ INFO] [           main] c.z.h.HikariDataSource         : getConnection        : 123        : HikariPool-1 - Start completed.
2024-04-17 11:59:59.458 [ INFO] [           main] o.h.j.i.u.LogHelper            : tenceUnitInformation : 31         : HHH000204: Processing PersistenceUnitInfo [name: default]
2024-04-17 11:59:59.481 [ INFO] [           main] o.h.Version                    : logVersion           : 44         : HHH000412: Hibernate ORM core version 6.4.4.Final
2024-04-17 11:59:59.496 [ INFO] [           main] o.h.c.i.RegionFactoryInitiator : initiateService      : 50         : HHH000026: Second-level cache disabled
2024-04-17 11:59:59.575 [ INFO] [           main] .j.p.SpringPersistenceUnitInfo : addTransformer       : 87         : No LoadTimeWeaver setup: ignoring JPA class transformer
2024-04-17 11:59:59.731 [ INFO] [           main] e.t.j.p.i.JtaPlatformInitiator : initiateService      : 58         : HHH000489: No JTA platform available (set 'hibernate.transaction.jta.platform' to enable JTA platform integration)
2024-04-17 11:59:59.733 [ INFO] [           main] tainerEntityManagerFactoryBean : EntityManagerFactory : 437        : Initialized JPA EntityManagerFactory for persistence unit 'default'
2024-04-17 12:00:00.097 [ WARN] [           main] figuration$JpaWebConfiguration : gerInViewInterceptor : 232        : spring.jpa.open-in-view is enabled by default. Therefore, database queries may be performed during view rendering. Explicitly configure spring.jpa.open-in-view to disable this warning
2024-04-17 12:00:00.212 [ INFO] [           main] s.w.DefaultSecurityFilterChain : <init>               : 54         : Will secure any request with [org.springframework.security.web.session.DisableEncodeUrlFilter@363e2009, org.springframework.security.web.context.request.async.WebAsyncManagerIntegrationFilter@7b55fc83, org.springframework.security.web.context.SecurityContextHolderFilter@1f207142, org.springframework.security.web.header.HeaderWriterFilter@69c263f8, org.springframework.web.filter.CorsFilter@3615f8d9, org.springframework.security.web.authentication.logout.LogoutFilter@7e4c0bc7, org.springframework.security.oauth2.client.web.OAuth2AuthorizationRequestRedirectFilter@18f794e, org.springframework.security.oauth2.client.web.OAuth2LoginAuthenticationFilter@76876421, org.springframework.security.web.authentication.UsernamePasswordAuthenticationFilter@3df54fd5, org.springframework.security.web.savedrequest.RequestCacheAwareFilter@723f8990, org.springframework.security.web.servletapi.SecurityContextHolderAwareRequestFilter@3bdc8975, org.springframework.security.web.authentication.AnonymousAuthenticationFilter@5d200dce, org.springframework.security.web.access.ExceptionTranslationFilter@5183131d, org.springframework.security.web.access.intercept.AuthorizationFilter@1a82453]
2024-04-17 12:00:00.301 [ INFO] [           main] o.a.c.h.Http11NioProtocol      : log                  : 173        : Starting ProtocolHandler ["http-nio-9090"]
2024-04-17 12:00:00.312 [ INFO] [           main] c.i.s.ShoppingMallApplication  : logStarted           : 56         : Started ShoppingMallApplication in 1.776 seconds (process running for 2.341)
2024-04-17 12:00:05.508 [ INFO] [nio-9090-exec-1] o.a.c.c.C.[.[.[/]              : log                  : 173        : Initializing Spring DispatcherServlet 'dispatcherServlet'
2024-04-17 12:00:05.509 [ INFO] [nio-9090-exec-1] o.s.w.s.DispatcherServlet      : initServletBean      : 532        : Initializing Servlet 'dispatcherServlet'
2024-04-17 12:00:05.510 [ INFO] [nio-9090-exec-1] o.s.w.s.DispatcherServlet      : initServletBean      : 554        : Completed initialization in 1 ms
2024-04-17 12:00:52.816 [ INFO] [ionShutdownHook] tainerEntityManagerFactoryBean : destroy              : 650        : Closing JPA EntityManagerFactory for persistence unit 'default'
2024-04-17 12:00:52.817 [ INFO] [ionShutdownHook] c.z.h.HikariDataSource         : close                : 350        : HikariPool-1 - Shutdown initiated...
2024-04-17 12:00:52.820 [ INFO] [ionShutdownHook] c.z.h.HikariDataSource         : close                : 352        : HikariPool-1 - Shutdown completed.
2024-04-17 12:00:54.152 [ INFO] [kground-preinit] o.h.v.i.u.Version              : <clinit>             : 21         : HV000001: Hibernate Validator 8.0.1.Final
2024-04-17 12:00:54.167 [ INFO] [           main] c.i.s.ShoppingMallApplication  : logStarting          : 50         : Starting ShoppingMallApplication using Java 21.0.2 with PID 69375 (/Users/bagsuyeon/Desktop/Team_idle/target/classes started by bagsuyeon in /Users/bagsuyeon/Desktop/Team_idle)
2024-04-17 12:00:54.170 [ INFO] [           main] c.i.s.ShoppingMallApplication  : ogStartupProfileInfo : 654        : No active profile set, falling back to 1 default profile: "default"
2024-04-17 12:00:54.510 [ INFO] [           main] epositoryConfigurationDelegate : gisterRepositoriesIn : 139        : Bootstrapping Spring Data JPA repositories in DEFAULT mode.
2024-04-17 12:00:54.520 [ INFO] [           main] epositoryConfigurationDelegate : gisterRepositoriesIn : 208        : Finished Spring Data repository scanning in 7 ms. Found 0 JPA repository interfaces.
2024-04-17 12:00:54.702 [ INFO] [           main] o.a.c.h.Http11NioProtocol      : log                  : 173        : Initializing ProtocolHandler ["http-nio-9090"]
2024-04-17 12:00:54.702 [ INFO] [           main] o.a.c.c.StandardService        : log                  : 173        : Starting service [Tomcat]
2024-04-17 12:00:54.702 [ INFO] [           main] o.a.c.c.StandardEngine         : log                  : 173        : Starting Servlet engine: [Apache Tomcat/10.1.19]
2024-04-17 12:00:54.726 [ INFO] [           main] o.a.c.c.C.[.[.[/]              : log                  : 173        : Initializing Spring embedded WebApplicationContext
2024-04-17 12:00:54.776 [ INFO] [           main] c.z.h.HikariDataSource         : getConnection        : 110        : HikariPool-1 - Starting...
2024-04-17 12:00:54.886 [ INFO] [           main] c.z.h.p.HikariPool             : checkFailFast        : 565        : HikariPool-1 - Added connection com.mysql.cj.jdbc.ConnectionImpl@eaf8427
2024-04-17 12:00:54.887 [ INFO] [           main] c.z.h.HikariDataSource         : getConnection        : 123        : HikariPool-1 - Start completed.
2024-04-17 12:00:54.902 [ INFO] [           main] o.h.j.i.u.LogHelper            : tenceUnitInformation : 31         : HHH000204: Processing PersistenceUnitInfo [name: default]
2024-04-17 12:00:54.924 [ INFO] [           main] o.h.Version                    : logVersion           : 44         : HHH000412: Hibernate ORM core version 6.4.4.Final
2024-04-17 12:00:54.936 [ INFO] [           main] o.h.c.i.RegionFactoryInitiator : initiateService      : 50         : HHH000026: Second-level cache disabled
2024-04-17 12:00:55.018 [ INFO] [           main] .j.p.SpringPersistenceUnitInfo : addTransformer       : 87         : No LoadTimeWeaver setup: ignoring JPA class transformer
2024-04-17 12:00:55.174 [ INFO] [           main] e.t.j.p.i.JtaPlatformInitiator : initiateService      : 58         : HHH000489: No JTA platform available (set 'hibernate.transaction.jta.platform' to enable JTA platform integration)
2024-04-17 12:00:55.176 [ INFO] [           main] tainerEntityManagerFactoryBean : EntityManagerFactory : 437        : Initialized JPA EntityManagerFactory for persistence unit 'default'
2024-04-17 12:00:55.542 [ WARN] [           main] figuration$JpaWebConfiguration : gerInViewInterceptor : 232        : spring.jpa.open-in-view is enabled by default. Therefore, database queries may be performed during view rendering. Explicitly configure spring.jpa.open-in-view to disable this warning
2024-04-17 12:00:55.656 [ INFO] [           main] s.w.DefaultSecurityFilterChain : <init>               : 54         : Will secure any request with [org.springframework.security.web.session.DisableEncodeUrlFilter@3052395d, org.springframework.security.web.context.request.async.WebAsyncManagerIntegrationFilter@a2ca681, org.springframework.security.web.context.SecurityContextHolderFilter@7db679, org.springframework.security.web.header.HeaderWriterFilter@5ed463b7, org.springframework.web.filter.CorsFilter@784c74e, org.springframework.security.web.authentication.logout.LogoutFilter@3ef04239, org.springframework.security.oauth2.client.web.OAuth2AuthorizationRequestRedirectFilter@4e3c0627, org.springframework.security.oauth2.client.web.OAuth2LoginAuthenticationFilter@5aec151b, org.springframework.security.web.authentication.UsernamePasswordAuthenticationFilter@54816d7a, org.springframework.security.web.savedrequest.RequestCacheAwareFilter@2f97e3de, org.springframework.security.web.servletapi.SecurityContextHolderAwareRequestFilter@2f09907, org.springframework.security.web.authentication.AnonymousAuthenticationFilter@5fee3c9c, org.springframework.security.web.access.ExceptionTranslationFilter@742aa00a, org.springframework.security.web.access.intercept.AuthorizationFilter@42fb2be9]
2024-04-17 12:00:55.743 [ INFO] [           main] o.a.c.h.Http11NioProtocol      : log                  : 173        : Starting ProtocolHandler ["http-nio-9090"]
2024-04-17 12:00:55.754 [ INFO] [           main] c.i.s.ShoppingMallApplication  : logStarted           : 56         : Started ShoppingMallApplication in 1.87 seconds (process running for 2.18)
2024-04-17 12:00:58.544 [ INFO] [nio-9090-exec-1] o.a.c.c.C.[.[.[/]              : log                  : 173        : Initializing Spring DispatcherServlet 'dispatcherServlet'
2024-04-17 12:00:58.545 [ INFO] [nio-9090-exec-1] o.s.w.s.DispatcherServlet      : initServletBean      : 532        : Initializing Servlet 'dispatcherServlet'
2024-04-17 12:00:58.546 [ INFO] [nio-9090-exec-1] o.s.w.s.DispatcherServlet      : initServletBean      : 554        : Completed initialization in 1 ms
2024-04-17 12:01:53.256 [ INFO] [ionShutdownHook] tainerEntityManagerFactoryBean : destroy              : 650        : Closing JPA EntityManagerFactory for persistence unit 'default'
2024-04-17 12:01:53.257 [ INFO] [ionShutdownHook] c.z.h.HikariDataSource         : close                : 350        : HikariPool-1 - Shutdown initiated...
2024-04-17 12:01:53.260 [ INFO] [ionShutdownHook] c.z.h.HikariDataSource         : close                : 352        : HikariPool-1 - Shutdown completed.
2024-04-17 12:01:54.585 [ INFO] [kground-preinit] o.h.v.i.u.Version              : <clinit>             : 21         : HV000001: Hibernate Validator 8.0.1.Final
2024-04-17 12:01:54.599 [ INFO] [           main] c.i.s.ShoppingMallApplication  : logStarting          : 50         : Starting ShoppingMallApplication using Java 21.0.2 with PID 69385 (/Users/bagsuyeon/Desktop/Team_idle/target/classes started by bagsuyeon in /Users/bagsuyeon/Desktop/Team_idle)
2024-04-17 12:01:54.600 [ INFO] [           main] c.i.s.ShoppingMallApplication  : ogStartupProfileInfo : 654        : No active profile set, falling back to 1 default profile: "default"
2024-04-17 12:01:54.946 [ INFO] [           main] epositoryConfigurationDelegate : gisterRepositoriesIn : 139        : Bootstrapping Spring Data JPA repositories in DEFAULT mode.
2024-04-17 12:01:54.956 [ INFO] [           main] epositoryConfigurationDelegate : gisterRepositoriesIn : 208        : Finished Spring Data repository scanning in 7 ms. Found 0 JPA repository interfaces.
2024-04-17 12:01:55.139 [ INFO] [           main] o.a.c.h.Http11NioProtocol      : log                  : 173        : Initializing ProtocolHandler ["http-nio-9090"]
2024-04-17 12:01:55.139 [ INFO] [           main] o.a.c.c.StandardService        : log                  : 173        : Starting service [Tomcat]
2024-04-17 12:01:55.139 [ INFO] [           main] o.a.c.c.StandardEngine         : log                  : 173        : Starting Servlet engine: [Apache Tomcat/10.1.19]
2024-04-17 12:01:55.155 [ INFO] [           main] o.a.c.c.C.[.[.[/]              : log                  : 173        : Initializing Spring embedded WebApplicationContext
2024-04-17 12:01:55.212 [ INFO] [           main] c.z.h.HikariDataSource         : getConnection        : 110        : HikariPool-1 - Starting...
2024-04-17 12:01:55.326 [ INFO] [           main] c.z.h.p.HikariPool             : checkFailFast        : 565        : HikariPool-1 - Added connection com.mysql.cj.jdbc.ConnectionImpl@150d6eaf
2024-04-17 12:01:55.327 [ INFO] [           main] c.z.h.HikariDataSource         : getConnection        : 123        : HikariPool-1 - Start completed.
2024-04-17 12:01:55.343 [ INFO] [           main] o.h.j.i.u.LogHelper            : tenceUnitInformation : 31         : HHH000204: Processing PersistenceUnitInfo [name: default]
2024-04-17 12:01:55.366 [ INFO] [           main] o.h.Version                    : logVersion           : 44         : HHH000412: Hibernate ORM core version 6.4.4.Final
2024-04-17 12:01:55.379 [ INFO] [           main] o.h.c.i.RegionFactoryInitiator : initiateService      : 50         : HHH000026: Second-level cache disabled
2024-04-17 12:01:55.458 [ INFO] [           main] .j.p.SpringPersistenceUnitInfo : addTransformer       : 87         : No LoadTimeWeaver setup: ignoring JPA class transformer
2024-04-17 12:01:55.628 [ INFO] [           main] e.t.j.p.i.JtaPlatformInitiator : initiateService      : 58         : HHH000489: No JTA platform available (set 'hibernate.transaction.jta.platform' to enable JTA platform integration)
2024-04-17 12:01:55.629 [ INFO] [           main] tainerEntityManagerFactoryBean : EntityManagerFactory : 437        : Initialized JPA EntityManagerFactory for persistence unit 'default'
2024-04-17 12:01:55.991 [ WARN] [           main] figuration$JpaWebConfiguration : gerInViewInterceptor : 232        : spring.jpa.open-in-view is enabled by default. Therefore, database queries may be performed during view rendering. Explicitly configure spring.jpa.open-in-view to disable this warning
2024-04-17 12:01:56.101 [ INFO] [           main] s.w.DefaultSecurityFilterChain : <init>               : 54         : Will secure any request with [org.springframework.security.web.session.DisableEncodeUrlFilter@14b9817b, org.springframework.security.web.context.request.async.WebAsyncManagerIntegrationFilter@3052395d, org.springframework.security.web.context.SecurityContextHolderFilter@3b62c51e, org.springframework.security.web.header.HeaderWriterFilter@2be208db, org.springframework.web.filter.CorsFilter@a2ca681, org.springframework.security.web.authentication.logout.LogoutFilter@39179470, org.springframework.security.oauth2.client.web.OAuth2AuthorizationRequestRedirectFilter@1a59500b, org.springframework.security.oauth2.client.web.OAuth2LoginAuthenticationFilter@ae5d544, org.springframework.security.web.authentication.UsernamePasswordAuthenticationFilter@42fb2be9, org.springframework.security.web.savedrequest.RequestCacheAwareFilter@7dc9b41a, org.springframework.security.web.servletapi.SecurityContextHolderAwareRequestFilter@2f97e3de, org.springframework.security.web.authentication.AnonymousAuthenticationFilter@784c74e, org.springframework.security.web.access.ExceptionTranslationFilter@7a57c5d9, org.springframework.security.web.access.intercept.AuthorizationFilter@6491006]
2024-04-17 12:01:56.189 [ INFO] [           main] o.a.c.h.Http11NioProtocol      : log                  : 173        : Starting ProtocolHandler ["http-nio-9090"]
2024-04-17 12:01:56.200 [ INFO] [           main] c.i.s.ShoppingMallApplication  : logStarted           : 56         : Started ShoppingMallApplication in 1.855 seconds (process running for 2.173)
2024-04-17 12:01:58.538 [ INFO] [nio-9090-exec-1] o.a.c.c.C.[.[.[/]              : log                  : 173        : Initializing Spring DispatcherServlet 'dispatcherServlet'
2024-04-17 12:01:58.538 [ INFO] [nio-9090-exec-1] o.s.w.s.DispatcherServlet      : initServletBean      : 532        : Initializing Servlet 'dispatcherServlet'
2024-04-17 12:01:58.539 [ INFO] [nio-9090-exec-1] o.s.w.s.DispatcherServlet      : initServletBean      : 554        : Completed initialization in 1 ms
2024-04-17 12:04:30.695 [ INFO] [ionShutdownHook] tainerEntityManagerFactoryBean : destroy              : 650        : Closing JPA EntityManagerFactory for persistence unit 'default'
2024-04-17 12:04:30.697 [ INFO] [ionShutdownHook] c.z.h.HikariDataSource         : close                : 350        : HikariPool-1 - Shutdown initiated...
2024-04-17 12:04:30.700 [ INFO] [ionShutdownHook] c.z.h.HikariDataSource         : close                : 352        : HikariPool-1 - Shutdown completed.
2024-04-17 12:04:32.258 [ INFO] [kground-preinit] o.h.v.i.u.Version              : <clinit>             : 21         : HV000001: Hibernate Validator 8.0.1.Final
2024-04-17 12:04:32.282 [ INFO] [           main] c.i.s.ShoppingMallApplication  : logStarting          : 50         : Starting ShoppingMallApplication using Java 21.0.2 with PID 69405 (/Users/bagsuyeon/Desktop/Team_idle/target/classes started by bagsuyeon in /Users/bagsuyeon/Desktop/Team_idle)
2024-04-17 12:04:32.285 [ INFO] [           main] c.i.s.ShoppingMallApplication  : ogStartupProfileInfo : 654        : No active profile set, falling back to 1 default profile: "default"
2024-04-17 12:04:32.636 [ INFO] [           main] epositoryConfigurationDelegate : gisterRepositoriesIn : 139        : Bootstrapping Spring Data JPA repositories in DEFAULT mode.
2024-04-17 12:04:32.647 [ INFO] [           main] epositoryConfigurationDelegate : gisterRepositoriesIn : 208        : Finished Spring Data repository scanning in 7 ms. Found 0 JPA repository interfaces.
2024-04-17 12:04:32.844 [ INFO] [           main] o.a.c.h.Http11NioProtocol      : log                  : 173        : Initializing ProtocolHandler ["http-nio-9090"]
2024-04-17 12:04:32.844 [ INFO] [           main] o.a.c.c.StandardService        : log                  : 173        : Starting service [Tomcat]
2024-04-17 12:04:32.844 [ INFO] [           main] o.a.c.c.StandardEngine         : log                  : 173        : Starting Servlet engine: [Apache Tomcat/10.1.19]
2024-04-17 12:04:32.867 [ INFO] [           main] o.a.c.c.C.[.[.[/]              : log                  : 173        : Initializing Spring embedded WebApplicationContext
2024-04-17 12:04:32.916 [ INFO] [           main] c.z.h.HikariDataSource         : getConnection        : 110        : HikariPool-1 - Starting...
2024-04-17 12:04:33.082 [ INFO] [           main] c.z.h.p.HikariPool             : checkFailFast        : 565        : HikariPool-1 - Added connection com.mysql.cj.jdbc.ConnectionImpl@6b832551
2024-04-17 12:04:33.083 [ INFO] [           main] c.z.h.HikariDataSource         : getConnection        : 123        : HikariPool-1 - Start completed.
2024-04-17 12:04:33.103 [ INFO] [           main] o.h.j.i.u.LogHelper            : tenceUnitInformation : 31         : HHH000204: Processing PersistenceUnitInfo [name: default]
2024-04-17 12:04:33.128 [ INFO] [           main] o.h.Version                    : logVersion           : 44         : HHH000412: Hibernate ORM core version 6.4.4.Final
2024-04-17 12:04:33.142 [ INFO] [           main] o.h.c.i.RegionFactoryInitiator : initiateService      : 50         : HHH000026: Second-level cache disabled
2024-04-17 12:04:33.225 [ INFO] [           main] .j.p.SpringPersistenceUnitInfo : addTransformer       : 87         : No LoadTimeWeaver setup: ignoring JPA class transformer
2024-04-17 12:04:33.414 [ INFO] [           main] e.t.j.p.i.JtaPlatformInitiator : initiateService      : 58         : HHH000489: No JTA platform available (set 'hibernate.transaction.jta.platform' to enable JTA platform integration)
2024-04-17 12:04:33.416 [ INFO] [           main] tainerEntityManagerFactoryBean : EntityManagerFactory : 437        : Initialized JPA EntityManagerFactory for persistence unit 'default'
2024-04-17 12:04:33.780 [ WARN] [           main] figuration$JpaWebConfiguration : gerInViewInterceptor : 232        : spring.jpa.open-in-view is enabled by default. Therefore, database queries may be performed during view rendering. Explicitly configure spring.jpa.open-in-view to disable this warning
2024-04-17 12:04:33.891 [ INFO] [           main] s.w.DefaultSecurityFilterChain : <init>               : 54         : Will secure any request with [org.springframework.security.web.session.DisableEncodeUrlFilter@5d200dce, org.springframework.security.web.context.request.async.WebAsyncManagerIntegrationFilter@1a59500b, org.springframework.security.web.context.SecurityContextHolderFilter@3bdc8975, org.springframework.security.web.header.HeaderWriterFilter@1f207142, org.springframework.web.filter.CorsFilter@4e3c0627, org.springframework.security.web.authentication.logout.LogoutFilter@c7d173f, org.springframework.security.oauth2.client.web.OAuth2AuthorizationRequestRedirectFilter@76876421, org.springframework.security.oauth2.client.web.OAuth2LoginAuthenticationFilter@363e2009, org.springframework.security.web.authentication.UsernamePasswordAuthenticationFilter@5746609e, org.springframework.security.web.savedrequest.RequestCacheAwareFilter@7a57c5d9, org.springframework.security.web.servletapi.SecurityContextHolderAwareRequestFilter@742aa00a, org.springframework.security.web.authentication.AnonymousAuthenticationFilter@57f6fc09, org.springframework.security.web.access.ExceptionTranslationFilter@5058fefb, org.springframework.security.web.access.intercept.AuthorizationFilter@178c4480]
2024-04-17 12:04:33.969 [ INFO] [           main] o.a.c.h.Http11NioProtocol      : log                  : 173        : Starting ProtocolHandler ["http-nio-9090"]
2024-04-17 12:04:33.979 [ INFO] [           main] c.i.s.ShoppingMallApplication  : logStarted           : 56         : Started ShoppingMallApplication in 1.924 seconds (process running for 2.509)
2024-04-17 12:04:34.380 [ INFO] [nio-9090-exec-1] o.a.c.c.C.[.[.[/]              : log                  : 173        : Initializing Spring DispatcherServlet 'dispatcherServlet'
2024-04-17 12:04:34.380 [ INFO] [nio-9090-exec-1] o.s.w.s.DispatcherServlet      : initServletBean      : 532        : Initializing Servlet 'dispatcherServlet'
2024-04-17 12:04:34.382 [ INFO] [nio-9090-exec-1] o.s.w.s.DispatcherServlet      : initServletBean      : 554        : Completed initialization in 1 ms
2024-04-17 12:05:10.011 [ INFO] [ionShutdownHook] tainerEntityManagerFactoryBean : destroy              : 650        : Closing JPA EntityManagerFactory for persistence unit 'default'
2024-04-17 12:05:10.012 [ INFO] [ionShutdownHook] c.z.h.HikariDataSource         : close                : 350        : HikariPool-1 - Shutdown initiated...
2024-04-17 12:05:10.015 [ INFO] [ionShutdownHook] c.z.h.HikariDataSource         : close                : 352        : HikariPool-1 - Shutdown completed.
2024-04-17 12:05:11.322 [ INFO] [kground-preinit] o.h.v.i.u.Version              : <clinit>             : 21         : HV000001: Hibernate Validator 8.0.1.Final
2024-04-17 12:05:11.339 [ INFO] [           main] c.i.s.ShoppingMallApplication  : logStarting          : 50         : Starting ShoppingMallApplication using Java 21.0.2 with PID 69416 (/Users/bagsuyeon/Desktop/Team_idle/target/classes started by bagsuyeon in /Users/bagsuyeon/Desktop/Team_idle)
2024-04-17 12:05:11.343 [ INFO] [           main] c.i.s.ShoppingMallApplication  : ogStartupProfileInfo : 654        : No active profile set, falling back to 1 default profile: "default"
2024-04-17 12:05:11.688 [ INFO] [           main] epositoryConfigurationDelegate : gisterRepositoriesIn : 139        : Bootstrapping Spring Data JPA repositories in DEFAULT mode.
2024-04-17 12:05:11.698 [ INFO] [           main] epositoryConfigurationDelegate : gisterRepositoriesIn : 208        : Finished Spring Data repository scanning in 7 ms. Found 0 JPA repository interfaces.
2024-04-17 12:05:11.883 [ INFO] [           main] o.a.c.h.Http11NioProtocol      : log                  : 173        : Initializing ProtocolHandler ["http-nio-9090"]
2024-04-17 12:05:11.883 [ INFO] [           main] o.a.c.c.StandardService        : log                  : 173        : Starting service [Tomcat]
2024-04-17 12:05:11.884 [ INFO] [           main] o.a.c.c.StandardEngine         : log                  : 173        : Starting Servlet engine: [Apache Tomcat/10.1.19]
2024-04-17 12:05:11.906 [ INFO] [           main] o.a.c.c.C.[.[.[/]              : log                  : 173        : Initializing Spring embedded WebApplicationContext
2024-04-17 12:05:11.956 [ INFO] [           main] c.z.h.HikariDataSource         : getConnection        : 110        : HikariPool-1 - Starting...
2024-04-17 12:05:12.084 [ INFO] [           main] c.z.h.p.HikariPool             : checkFailFast        : 565        : HikariPool-1 - Added connection com.mysql.cj.jdbc.ConnectionImpl@66020d69
2024-04-17 12:05:12.085 [ INFO] [           main] c.z.h.HikariDataSource         : getConnection        : 123        : HikariPool-1 - Start completed.
2024-04-17 12:05:12.101 [ INFO] [           main] o.h.j.i.u.LogHelper            : tenceUnitInformation : 31         : HHH000204: Processing PersistenceUnitInfo [name: default]
2024-04-17 12:05:12.126 [ INFO] [           main] o.h.Version                    : logVersion           : 44         : HHH000412: Hibernate ORM core version 6.4.4.Final
2024-04-17 12:05:12.140 [ INFO] [           main] o.h.c.i.RegionFactoryInitiator : initiateService      : 50         : HHH000026: Second-level cache disabled
2024-04-17 12:05:12.232 [ INFO] [           main] .j.p.SpringPersistenceUnitInfo : addTransformer       : 87         : No LoadTimeWeaver setup: ignoring JPA class transformer
2024-04-17 12:05:12.402 [ INFO] [           main] e.t.j.p.i.JtaPlatformInitiator : initiateService      : 58         : HHH000489: No JTA platform available (set 'hibernate.transaction.jta.platform' to enable JTA platform integration)
2024-04-17 12:05:12.404 [ INFO] [           main] tainerEntityManagerFactoryBean : EntityManagerFactory : 437        : Initialized JPA EntityManagerFactory for persistence unit 'default'
2024-04-17 12:05:12.766 [ WARN] [           main] figuration$JpaWebConfiguration : gerInViewInterceptor : 232        : spring.jpa.open-in-view is enabled by default. Therefore, database queries may be performed during view rendering. Explicitly configure spring.jpa.open-in-view to disable this warning
2024-04-17 12:05:12.883 [ INFO] [           main] s.w.DefaultSecurityFilterChain : <init>               : 54         : Will secure any request with [org.springframework.security.web.session.DisableEncodeUrlFilter@ae5d544, org.springframework.security.web.context.request.async.WebAsyncManagerIntegrationFilter@5aec151b, org.springframework.security.web.context.SecurityContextHolderFilter@2be208db, org.springframework.security.web.header.HeaderWriterFilter@27ea552d, org.springframework.web.filter.CorsFilter@74cf2d5f, org.springframework.security.web.authentication.logout.LogoutFilter@50eae15a, org.springframework.security.oauth2.client.web.OAuth2AuthorizationRequestRedirectFilter@7b55fc83, org.springframework.security.oauth2.client.web.OAuth2LoginAuthenticationFilter@1a59500b, org.springframework.security.web.authentication.UsernamePasswordAuthenticationFilter@487bc2fe, org.springframework.security.web.savedrequest.RequestCacheAwareFilter@1ae90cb9, org.springframework.security.web.servletapi.SecurityContextHolderAwareRequestFilter@3b62c51e, org.springframework.security.web.authentication.AnonymousAuthenticationFilter@14b9817b, org.springframework.security.web.access.ExceptionTranslationFilter@723f8990, org.springframework.security.web.access.intercept.AuthorizationFilter@2cdd156b]
2024-04-17 12:05:12.992 [ INFO] [           main] o.a.c.h.Http11NioProtocol      : log                  : 173        : Starting ProtocolHandler ["http-nio-9090"]
2024-04-17 12:05:13.002 [ INFO] [           main] c.i.s.ShoppingMallApplication  : logStarted           : 56         : Started ShoppingMallApplication in 1.957 seconds (process running for 2.263)
2024-04-17 12:05:13.951 [ INFO] [nio-9090-exec-1] o.a.c.c.C.[.[.[/]              : log                  : 173        : Initializing Spring DispatcherServlet 'dispatcherServlet'
2024-04-17 12:05:13.951 [ INFO] [nio-9090-exec-1] o.s.w.s.DispatcherServlet      : initServletBean      : 532        : Initializing Servlet 'dispatcherServlet'
2024-04-17 12:05:13.952 [ INFO] [nio-9090-exec-1] o.s.w.s.DispatcherServlet      : initServletBean      : 554        : Completed initialization in 1 ms
2024-04-17 12:14:14.210 [ INFO] [ionShutdownHook] tainerEntityManagerFactoryBean : destroy              : 650        : Closing JPA EntityManagerFactory for persistence unit 'default'
2024-04-17 12:14:14.212 [ INFO] [ionShutdownHook] c.z.h.HikariDataSource         : close                : 350        : HikariPool-1 - Shutdown initiated...
2024-04-17 12:14:14.215 [ INFO] [ionShutdownHook] c.z.h.HikariDataSource         : close                : 352        : HikariPool-1 - Shutdown completed.
2024-04-17 12:14:16.666 [ INFO] [kground-preinit] o.h.v.i.u.Version              : <clinit>             : 21         : HV000001: Hibernate Validator 8.0.1.Final
2024-04-17 12:14:16.677 [ INFO] [           main] c.i.s.ShoppingMallApplication  : logStarting          : 50         : Starting ShoppingMallApplication using Java 21.0.2 with PID 70501 (/Users/bagsuyeon/Desktop/Team_idle/target/classes started by bagsuyeon in /Users/bagsuyeon/Desktop/Team_idle)
2024-04-17 12:14:16.678 [ INFO] [           main] c.i.s.ShoppingMallApplication  : ogStartupProfileInfo : 654        : No active profile set, falling back to 1 default profile: "default"
2024-04-17 12:14:16.979 [ INFO] [           main] epositoryConfigurationDelegate : gisterRepositoriesIn : 139        : Bootstrapping Spring Data JPA repositories in DEFAULT mode.
2024-04-17 12:14:16.992 [ INFO] [           main] epositoryConfigurationDelegate : gisterRepositoriesIn : 208        : Finished Spring Data repository scanning in 10 ms. Found 0 JPA repository interfaces.
2024-04-17 12:14:17.194 [ INFO] [           main] o.a.c.h.Http11NioProtocol      : log                  : 173        : Initializing ProtocolHandler ["http-nio-9090"]
2024-04-17 12:14:17.195 [ INFO] [           main] o.a.c.c.StandardService        : log                  : 173        : Starting service [Tomcat]
2024-04-17 12:14:17.195 [ INFO] [           main] o.a.c.c.StandardEngine         : log                  : 173        : Starting Servlet engine: [Apache Tomcat/10.1.19]
2024-04-17 12:14:17.225 [ INFO] [           main] o.a.c.c.C.[.[.[/]              : log                  : 173        : Initializing Spring embedded WebApplicationContext
2024-04-17 12:14:17.275 [ INFO] [           main] c.z.h.HikariDataSource         : getConnection        : 110        : HikariPool-1 - Starting...
2024-04-17 12:14:17.382 [ INFO] [           main] c.z.h.p.HikariPool             : checkFailFast        : 565        : HikariPool-1 - Added connection com.mysql.cj.jdbc.ConnectionImpl@6b832551
2024-04-17 12:14:17.383 [ INFO] [           main] c.z.h.HikariDataSource         : getConnection        : 123        : HikariPool-1 - Start completed.
2024-04-17 12:14:17.398 [ INFO] [           main] o.h.j.i.u.LogHelper            : tenceUnitInformation : 31         : HHH000204: Processing PersistenceUnitInfo [name: default]
2024-04-17 12:14:17.422 [ INFO] [           main] o.h.Version                    : logVersion           : 44         : HHH000412: Hibernate ORM core version 6.4.4.Final
2024-04-17 12:14:17.434 [ INFO] [           main] o.h.c.i.RegionFactoryInitiator : initiateService      : 50         : HHH000026: Second-level cache disabled
2024-04-17 12:14:17.512 [ INFO] [           main] .j.p.SpringPersistenceUnitInfo : addTransformer       : 87         : No LoadTimeWeaver setup: ignoring JPA class transformer
2024-04-17 12:14:17.677 [ INFO] [           main] e.t.j.p.i.JtaPlatformInitiator : initiateService      : 58         : HHH000489: No JTA platform available (set 'hibernate.transaction.jta.platform' to enable JTA platform integration)
2024-04-17 12:14:17.679 [ INFO] [           main] tainerEntityManagerFactoryBean : EntityManagerFactory : 437        : Initialized JPA EntityManagerFactory for persistence unit 'default'
2024-04-17 12:14:18.067 [ WARN] [           main] figuration$JpaWebConfiguration : gerInViewInterceptor : 232        : spring.jpa.open-in-view is enabled by default. Therefore, database queries may be performed during view rendering. Explicitly configure spring.jpa.open-in-view to disable this warning
2024-04-17 12:14:18.182 [ INFO] [           main] s.w.DefaultSecurityFilterChain : <init>               : 54         : Will secure any request with [org.springframework.security.web.session.DisableEncodeUrlFilter@74cf2d5f, org.springframework.security.web.context.request.async.WebAsyncManagerIntegrationFilter@14b9817b, org.springframework.security.web.context.SecurityContextHolderFilter@1ae90cb9, org.springframework.security.web.header.HeaderWriterFilter@742aa00a, org.springframework.web.filter.CorsFilter@3052395d, org.springframework.security.web.authentication.logout.LogoutFilter@5b5f61cc, org.springframework.security.oauth2.client.web.OAuth2AuthorizationRequestRedirectFilter@5d200dce, org.springframework.security.oauth2.client.web.OAuth2LoginAuthenticationFilter@57f6fc09, org.springframework.security.web.authentication.UsernamePasswordAuthenticationFilter@6491006, org.springframework.security.web.savedrequest.RequestCacheAwareFilter@7db679, org.springframework.security.web.servletapi.SecurityContextHolderAwareRequestFilter@7dc9b41a, org.springframework.security.web.authentication.AnonymousAuthenticationFilter@a2ca681, org.springframework.security.web.access.ExceptionTranslationFilter@27ea552d, org.springframework.security.web.access.intercept.AuthorizationFilter@58038583]
2024-04-17 12:14:18.277 [ INFO] [           main] o.a.c.h.Http11NioProtocol      : log                  : 173        : Starting ProtocolHandler ["http-nio-9090"]
2024-04-17 12:14:18.288 [ INFO] [           main] c.i.s.ShoppingMallApplication  : logStarted           : 56         : Started ShoppingMallApplication in 1.745 seconds (process running for 2.22)
2024-04-17 12:15:02.253 [ INFO] [ionShutdownHook] tainerEntityManagerFactoryBean : destroy              : 650        : Closing JPA EntityManagerFactory for persistence unit 'default'
2024-04-17 12:15:02.255 [ INFO] [ionShutdownHook] c.z.h.HikariDataSource         : close                : 350        : HikariPool-1 - Shutdown initiated...
2024-04-17 12:15:02.257 [ INFO] [ionShutdownHook] c.z.h.HikariDataSource         : close                : 352        : HikariPool-1 - Shutdown completed.
2024-04-17 12:15:03.554 [ INFO] [kground-preinit] o.h.v.i.u.Version              : <clinit>             : 21         : HV000001: Hibernate Validator 8.0.1.Final
2024-04-17 12:15:03.582 [ INFO] [           main] c.i.s.ShoppingMallApplication  : logStarting          : 50         : Starting ShoppingMallApplication using Java 21.0.2 with PID 70517 (/Users/bagsuyeon/Desktop/Team_idle/target/classes started by bagsuyeon in /Users/bagsuyeon/Desktop/Team_idle)
2024-04-17 12:15:03.585 [ INFO] [           main] c.i.s.ShoppingMallApplication  : ogStartupProfileInfo : 654        : No active profile set, falling back to 1 default profile: "default"
2024-04-17 12:15:03.900 [ INFO] [           main] epositoryConfigurationDelegate : gisterRepositoriesIn : 139        : Bootstrapping Spring Data JPA repositories in DEFAULT mode.
2024-04-17 12:15:03.914 [ INFO] [           main] epositoryConfigurationDelegate : gisterRepositoriesIn : 208        : Finished Spring Data repository scanning in 7 ms. Found 0 JPA repository interfaces.
2024-04-17 12:15:04.098 [ INFO] [           main] o.a.c.h.Http11NioProtocol      : log                  : 173        : Initializing ProtocolHandler ["http-nio-9090"]
2024-04-17 12:15:04.099 [ INFO] [           main] o.a.c.c.StandardService        : log                  : 173        : Starting service [Tomcat]
2024-04-17 12:15:04.099 [ INFO] [           main] o.a.c.c.StandardEngine         : log                  : 173        : Starting Servlet engine: [Apache Tomcat/10.1.19]
2024-04-17 12:15:04.122 [ INFO] [           main] o.a.c.c.C.[.[.[/]              : log                  : 173        : Initializing Spring embedded WebApplicationContext
2024-04-17 12:15:04.174 [ INFO] [           main] c.z.h.HikariDataSource         : getConnection        : 110        : HikariPool-1 - Starting...
2024-04-17 12:15:04.292 [ INFO] [           main] c.z.h.p.HikariPool             : checkFailFast        : 565        : HikariPool-1 - Added connection com.mysql.cj.jdbc.ConnectionImpl@150d6eaf
2024-04-17 12:15:04.293 [ INFO] [           main] c.z.h.HikariDataSource         : getConnection        : 123        : HikariPool-1 - Start completed.
2024-04-17 12:15:04.308 [ INFO] [           main] o.h.j.i.u.LogHelper            : tenceUnitInformation : 31         : HHH000204: Processing PersistenceUnitInfo [name: default]
2024-04-17 12:15:04.332 [ INFO] [           main] o.h.Version                    : logVersion           : 44         : HHH000412: Hibernate ORM core version 6.4.4.Final
2024-04-17 12:15:04.344 [ INFO] [           main] o.h.c.i.RegionFactoryInitiator : initiateService      : 50         : HHH000026: Second-level cache disabled
2024-04-17 12:15:04.422 [ INFO] [           main] .j.p.SpringPersistenceUnitInfo : addTransformer       : 87         : No LoadTimeWeaver setup: ignoring JPA class transformer
2024-04-17 12:15:04.603 [ INFO] [           main] e.t.j.p.i.JtaPlatformInitiator : initiateService      : 58         : HHH000489: No JTA platform available (set 'hibernate.transaction.jta.platform' to enable JTA platform integration)
2024-04-17 12:15:04.605 [ INFO] [           main] tainerEntityManagerFactoryBean : EntityManagerFactory : 437        : Initialized JPA EntityManagerFactory for persistence unit 'default'
2024-04-17 12:15:04.966 [ WARN] [           main] figuration$JpaWebConfiguration : gerInViewInterceptor : 232        : spring.jpa.open-in-view is enabled by default. Therefore, database queries may be performed during view rendering. Explicitly configure spring.jpa.open-in-view to disable this warning
2024-04-17 12:15:05.080 [ INFO] [           main] s.w.DefaultSecurityFilterChain : <init>               : 54         : Will secure any request with [org.springframework.security.web.session.DisableEncodeUrlFilter@14b9817b, org.springframework.security.web.context.request.async.WebAsyncManagerIntegrationFilter@3052395d, org.springframework.security.web.context.SecurityContextHolderFilter@3b62c51e, org.springframework.security.web.header.HeaderWriterFilter@2be208db, org.springframework.web.filter.CorsFilter@a2ca681, org.springframework.security.web.authentication.logout.LogoutFilter@39179470, org.springframework.security.oauth2.client.web.OAuth2AuthorizationRequestRedirectFilter@1a59500b, org.springframework.security.oauth2.client.web.OAuth2LoginAuthenticationFilter@ae5d544, org.springframework.security.web.authentication.UsernamePasswordAuthenticationFilter@42fb2be9, org.springframework.security.web.savedrequest.RequestCacheAwareFilter@7dc9b41a, org.springframework.security.web.servletapi.SecurityContextHolderAwareRequestFilter@2f97e3de, org.springframework.security.web.authentication.AnonymousAuthenticationFilter@784c74e, org.springframework.security.web.access.ExceptionTranslationFilter@7a57c5d9, org.springframework.security.web.access.intercept.AuthorizationFilter@6491006]
2024-04-17 12:15:05.166 [ INFO] [           main] o.a.c.h.Http11NioProtocol      : log                  : 173        : Starting ProtocolHandler ["http-nio-9090"]
2024-04-17 12:15:05.178 [ INFO] [           main] c.i.s.ShoppingMallApplication  : logStarted           : 56         : Started ShoppingMallApplication in 1.915 seconds (process running for 2.231)
2024-04-17 12:15:08.880 [ INFO] [nio-9090-exec-1] o.a.c.c.C.[.[.[/]              : log                  : 173        : Initializing Spring DispatcherServlet 'dispatcherServlet'
2024-04-17 12:15:08.880 [ INFO] [nio-9090-exec-1] o.s.w.s.DispatcherServlet      : initServletBean      : 532        : Initializing Servlet 'dispatcherServlet'
2024-04-17 12:15:08.881 [ INFO] [nio-9090-exec-1] o.s.w.s.DispatcherServlet      : initServletBean      : 554        : Completed initialization in 1 ms
2024-04-17 12:17:03.948 [ WARN] [l-1 housekeeper] c.z.h.p.HikariPool             : run                  : 804        : HikariPool-1 - Thread starvation or clock leap detected (housekeeper delta=1m21s307ms).
2024-04-17 12:19:08.665 [ INFO] [ionShutdownHook] tainerEntityManagerFactoryBean : destroy              : 650        : Closing JPA EntityManagerFactory for persistence unit 'default'
2024-04-17 12:19:08.667 [ INFO] [ionShutdownHook] c.z.h.HikariDataSource         : close                : 350        : HikariPool-1 - Shutdown initiated...
2024-04-17 12:19:08.669 [ INFO] [ionShutdownHook] c.z.h.HikariDataSource         : close                : 352        : HikariPool-1 - Shutdown completed.
2024-04-17 12:19:09.928 [ INFO] [kground-preinit] o.h.v.i.u.Version              : <clinit>             : 21         : HV000001: Hibernate Validator 8.0.1.Final
2024-04-17 12:19:09.945 [ INFO] [           main] c.i.s.ShoppingMallApplication  : logStarting          : 50         : Starting ShoppingMallApplication using Java 21.0.2 with PID 70574 (/Users/bagsuyeon/Desktop/Team_idle/target/classes started by bagsuyeon in /Users/bagsuyeon/Desktop/Team_idle)
2024-04-17 12:19:09.947 [ INFO] [           main] c.i.s.ShoppingMallApplication  : ogStartupProfileInfo : 654        : No active profile set, falling back to 1 default profile: "default"
2024-04-17 12:19:10.451 [ INFO] [           main] epositoryConfigurationDelegate : gisterRepositoriesIn : 139        : Bootstrapping Spring Data JPA repositories in DEFAULT mode.
2024-04-17 12:19:10.461 [ INFO] [           main] epositoryConfigurationDelegate : gisterRepositoriesIn : 208        : Finished Spring Data repository scanning in 8 ms. Found 0 JPA repository interfaces.
2024-04-17 12:19:10.640 [ INFO] [           main] o.a.c.h.Http11NioProtocol      : log                  : 173        : Initializing ProtocolHandler ["http-nio-9090"]
2024-04-17 12:19:10.641 [ INFO] [           main] o.a.c.c.StandardService        : log                  : 173        : Starting service [Tomcat]
2024-04-17 12:19:10.641 [ INFO] [           main] o.a.c.c.StandardEngine         : log                  : 173        : Starting Servlet engine: [Apache Tomcat/10.1.19]
2024-04-17 12:19:10.661 [ INFO] [           main] o.a.c.c.C.[.[.[/]              : log                  : 173        : Initializing Spring embedded WebApplicationContext
2024-04-17 12:19:10.711 [ INFO] [           main] c.z.h.HikariDataSource         : getConnection        : 110        : HikariPool-1 - Starting...
2024-04-17 12:19:11.316 [ INFO] [           main] c.z.h.p.HikariPool             : checkFailFast        : 565        : HikariPool-1 - Added connection com.mysql.cj.jdbc.ConnectionImpl@55421b8d
2024-04-17 12:19:11.319 [ INFO] [           main] c.z.h.HikariDataSource         : getConnection        : 123        : HikariPool-1 - Start completed.
2024-04-17 12:19:11.362 [ INFO] [           main] o.h.j.i.u.LogHelper            : tenceUnitInformation : 31         : HHH000204: Processing PersistenceUnitInfo [name: default]
2024-04-17 12:19:11.396 [ INFO] [           main] o.h.Version                    : logVersion           : 44         : HHH000412: Hibernate ORM core version 6.4.4.Final
2024-04-17 12:19:11.414 [ INFO] [           main] o.h.c.i.RegionFactoryInitiator : initiateService      : 50         : HHH000026: Second-level cache disabled
2024-04-17 12:19:11.568 [ INFO] [           main] .j.p.SpringPersistenceUnitInfo : addTransformer       : 87         : No LoadTimeWeaver setup: ignoring JPA class transformer
2024-04-17 12:19:11.951 [ INFO] [           main] e.t.j.p.i.JtaPlatformInitiator : initiateService      : 58         : HHH000489: No JTA platform available (set 'hibernate.transaction.jta.platform' to enable JTA platform integration)
2024-04-17 12:19:11.953 [ INFO] [           main] tainerEntityManagerFactoryBean : EntityManagerFactory : 437        : Initialized JPA EntityManagerFactory for persistence unit 'default'
2024-04-17 12:19:12.331 [ WARN] [           main] figuration$JpaWebConfiguration : gerInViewInterceptor : 232        : spring.jpa.open-in-view is enabled by default. Therefore, database queries may be performed during view rendering. Explicitly configure spring.jpa.open-in-view to disable this warning
2024-04-17 12:19:12.434 [ INFO] [           main] s.w.DefaultSecurityFilterChain : <init>               : 54         : Will secure any request with [org.springframework.security.web.session.DisableEncodeUrlFilter@5aec151b, org.springframework.security.web.context.request.async.WebAsyncManagerIntegrationFilter@74cf2d5f, org.springframework.security.web.context.SecurityContextHolderFilter@5ed463b7, org.springframework.security.web.header.HeaderWriterFilter@7a57c5d9, org.springframework.web.filter.CorsFilter@14b9817b, org.springframework.security.web.authentication.logout.LogoutFilter@4bba2704, org.springframework.security.oauth2.client.web.OAuth2AuthorizationRequestRedirectFilter@3615f8d9, org.springframework.security.oauth2.client.web.OAuth2LoginAuthenticationFilter@4e3c0627, org.springframework.security.web.authentication.UsernamePasswordAuthenticationFilter@58038583, org.springframework.security.web.savedrequest.RequestCacheAwareFilter@3b62c51e, org.springframework.security.web.servletapi.SecurityContextHolderAwareRequestFilter@7db679, org.springframework.security.web.authentication.AnonymousAuthenticationFilter@3052395d, org.springframework.security.web.access.ExceptionTranslationFilter@3bdc8975, org.springframework.security.web.access.intercept.AuthorizationFilter@487bc2fe]
2024-04-17 12:19:12.514 [ INFO] [           main] o.a.c.h.Http11NioProtocol      : log                  : 173        : Starting ProtocolHandler ["http-nio-9090"]
2024-04-17 12:19:12.523 [ INFO] [           main] c.i.s.ShoppingMallApplication  : logStarted           : 56         : Started ShoppingMallApplication in 2.811 seconds (process running for 3.11)
2024-04-17 12:19:13.395 [ INFO] [nio-9090-exec-1] o.a.c.c.C.[.[.[/]              : log                  : 173        : Initializing Spring DispatcherServlet 'dispatcherServlet'
2024-04-17 12:19:13.395 [ INFO] [nio-9090-exec-1] o.s.w.s.DispatcherServlet      : initServletBean      : 532        : Initializing Servlet 'dispatcherServlet'
2024-04-17 12:19:13.396 [ INFO] [nio-9090-exec-1] o.s.w.s.DispatcherServlet      : initServletBean      : 554        : Completed initialization in 1 ms
2024-04-17 12:20:37.236 [ INFO] [ionShutdownHook] tainerEntityManagerFactoryBean : destroy              : 650        : Closing JPA EntityManagerFactory for persistence unit 'default'
2024-04-17 12:20:37.237 [ INFO] [ionShutdownHook] c.z.h.HikariDataSource         : close                : 350        : HikariPool-1 - Shutdown initiated...
2024-04-17 12:20:37.240 [ INFO] [ionShutdownHook] c.z.h.HikariDataSource         : close                : 352        : HikariPool-1 - Shutdown completed.
2024-04-17 12:20:38.535 [ INFO] [kground-preinit] o.h.v.i.u.Version              : <clinit>             : 21         : HV000001: Hibernate Validator 8.0.1.Final
2024-04-17 12:20:38.552 [ INFO] [           main] c.i.s.ShoppingMallApplication  : logStarting          : 50         : Starting ShoppingMallApplication using Java 21.0.2 with PID 70590 (/Users/bagsuyeon/Desktop/Team_idle/target/classes started by bagsuyeon in /Users/bagsuyeon/Desktop/Team_idle)
2024-04-17 12:20:38.554 [ INFO] [           main] c.i.s.ShoppingMallApplication  : ogStartupProfileInfo : 654        : No active profile set, falling back to 1 default profile: "default"
2024-04-17 12:20:38.877 [ INFO] [           main] epositoryConfigurationDelegate : gisterRepositoriesIn : 139        : Bootstrapping Spring Data JPA repositories in DEFAULT mode.
2024-04-17 12:20:38.888 [ INFO] [           main] epositoryConfigurationDelegate : gisterRepositoriesIn : 208        : Finished Spring Data repository scanning in 8 ms. Found 0 JPA repository interfaces.
2024-04-17 12:20:39.066 [ INFO] [           main] o.a.c.h.Http11NioProtocol      : log                  : 173        : Initializing ProtocolHandler ["http-nio-9090"]
2024-04-17 12:20:39.067 [ INFO] [           main] o.a.c.c.StandardService        : log                  : 173        : Starting service [Tomcat]
2024-04-17 12:20:39.067 [ INFO] [           main] o.a.c.c.StandardEngine         : log                  : 173        : Starting Servlet engine: [Apache Tomcat/10.1.19]
2024-04-17 12:20:39.096 [ INFO] [           main] o.a.c.c.C.[.[.[/]              : log                  : 173        : Initializing Spring embedded WebApplicationContext
2024-04-17 12:20:39.163 [ INFO] [           main] c.z.h.HikariDataSource         : getConnection        : 110        : HikariPool-1 - Starting...
2024-04-17 12:20:39.389 [ INFO] [           main] c.z.h.p.HikariPool             : checkFailFast        : 565        : HikariPool-1 - Added connection com.mysql.cj.jdbc.ConnectionImpl@24a04257
2024-04-17 12:20:39.389 [ INFO] [           main] c.z.h.HikariDataSource         : getConnection        : 123        : HikariPool-1 - Start completed.
2024-04-17 12:20:39.408 [ INFO] [           main] o.h.j.i.u.LogHelper            : tenceUnitInformation : 31         : HHH000204: Processing PersistenceUnitInfo [name: default]
2024-04-17 12:20:39.431 [ INFO] [           main] o.h.Version                    : logVersion           : 44         : HHH000412: Hibernate ORM core version 6.4.4.Final
2024-04-17 12:20:39.443 [ INFO] [           main] o.h.c.i.RegionFactoryInitiator : initiateService      : 50         : HHH000026: Second-level cache disabled
2024-04-17 12:20:39.516 [ INFO] [           main] .j.p.SpringPersistenceUnitInfo : addTransformer       : 87         : No LoadTimeWeaver setup: ignoring JPA class transformer
2024-04-17 12:20:39.749 [ INFO] [           main] e.t.j.p.i.JtaPlatformInitiator : initiateService      : 58         : HHH000489: No JTA platform available (set 'hibernate.transaction.jta.platform' to enable JTA platform integration)
2024-04-17 12:20:39.750 [ INFO] [           main] tainerEntityManagerFactoryBean : EntityManagerFactory : 437        : Initialized JPA EntityManagerFactory for persistence unit 'default'
2024-04-17 12:20:40.130 [ WARN] [           main] figuration$JpaWebConfiguration : gerInViewInterceptor : 232        : spring.jpa.open-in-view is enabled by default. Therefore, database queries may be performed during view rendering. Explicitly configure spring.jpa.open-in-view to disable this warning
2024-04-17 12:20:40.254 [ INFO] [           main] s.w.DefaultSecurityFilterChain : <init>               : 54         : Will secure any request with [org.springframework.security.web.session.DisableEncodeUrlFilter@5fee3c9c, org.springframework.security.web.context.request.async.WebAsyncManagerIntegrationFilter@7e577eed, org.springframework.security.web.context.SecurityContextHolderFilter@2f09907, org.springframework.security.web.header.HeaderWriterFilter@7db679, org.springframework.web.filter.CorsFilter@11a0c708, org.springframework.security.web.authentication.logout.LogoutFilter@1a82453, org.springframework.security.oauth2.client.web.OAuth2AuthorizationRequestRedirectFilter@5aec151b, org.springframework.security.oauth2.client.web.OAuth2LoginAuthenticationFilter@3052395d, org.springframework.security.web.authentication.UsernamePasswordAuthenticationFilter@4552e288, org.springframework.security.web.savedrequest.RequestCacheAwareFilter@5f8a29ca, org.springframework.security.web.servletapi.SecurityContextHolderAwareRequestFilter@4f93a8f6, org.springframework.security.web.authentication.AnonymousAuthenticationFilter@30bfdcc5, org.springframework.security.web.access.ExceptionTranslationFilter@1ae90cb9, org.springframework.security.web.access.intercept.AuthorizationFilter@5eed2edf]
2024-04-17 12:20:40.345 [ INFO] [           main] o.a.c.h.Http11NioProtocol      : log                  : 173        : Starting ProtocolHandler ["http-nio-9090"]
2024-04-17 12:20:40.356 [ INFO] [           main] c.i.s.ShoppingMallApplication  : logStarted           : 56         : Started ShoppingMallApplication in 2.07 seconds (process running for 2.374)
2024-04-17 12:20:40.742 [ INFO] [nio-9090-exec-1] o.a.c.c.C.[.[.[/]              : log                  : 173        : Initializing Spring DispatcherServlet 'dispatcherServlet'
2024-04-17 12:20:40.742 [ INFO] [nio-9090-exec-1] o.s.w.s.DispatcherServlet      : initServletBean      : 532        : Initializing Servlet 'dispatcherServlet'
2024-04-17 12:20:40.743 [ INFO] [nio-9090-exec-1] o.s.w.s.DispatcherServlet      : initServletBean      : 554        : Completed initialization in 0 ms
2024-04-17 12:46:25.056 [ WARN] [l-1 housekeeper] c.z.h.p.HikariPool             : run                  : 804        : HikariPool-1 - Thread starvation or clock leap detected (housekeeper delta=22m45s536ms).
2024-04-17 13:19:03.968 [ WARN] [l-1 housekeeper] c.z.h.p.HikariPool             : run                  : 804        : HikariPool-1 - Thread starvation or clock leap detected (housekeeper delta=32m38s912ms).
2024-04-17 13:37:28.924 [ WARN] [l-1 housekeeper] c.z.h.p.HikariPool             : run                  : 804        : HikariPool-1 - Thread starvation or clock leap detected (housekeeper delta=18m24s956ms).
2024-04-17 13:39:07.000 [ WARN] [l-1 housekeeper] c.z.h.p.HikariPool             : run                  : 804        : HikariPool-1 - Thread starvation or clock leap detected (housekeeper delta=1m38s76ms).
2024-04-17 13:43:19.241 [ WARN] [l-1 housekeeper] c.z.h.p.HikariPool             : run                  : 804        : HikariPool-1 - Thread starvation or clock leap detected (housekeeper delta=2m42s237ms).
2024-04-17 13:44:14.256 [ INFO] [ionShutdownHook] tainerEntityManagerFactoryBean : destroy              : 650        : Closing JPA EntityManagerFactory for persistence unit 'default'
2024-04-17 13:44:14.258 [ INFO] [ionShutdownHook] c.z.h.HikariDataSource         : close                : 350        : HikariPool-1 - Shutdown initiated...
2024-04-17 13:44:14.264 [ INFO] [ionShutdownHook] c.z.h.HikariDataSource         : close                : 352        : HikariPool-1 - Shutdown completed.
2024-04-17 15:05:21.841 [ INFO] [kground-preinit] o.h.v.i.u.Version              : <clinit>             : 21         : HV000001: Hibernate Validator 8.0.1.Final
2024-04-17 15:05:21.859 [ INFO] [           main] c.i.s.ShoppingMallApplication  : logStarting          : 50         : Starting ShoppingMallApplication using Java 21.0.2 with PID 71887 (/Users/bagsuyeon/Desktop/Team_idle/target/classes started by bagsuyeon in /Users/bagsuyeon/Desktop/Team_idle)
2024-04-17 15:05:21.860 [ INFO] [           main] c.i.s.ShoppingMallApplication  : ogStartupProfileInfo : 654        : No active profile set, falling back to 1 default profile: "default"
2024-04-17 15:05:22.715 [ INFO] [           main] epositoryConfigurationDelegate : gisterRepositoriesIn : 139        : Bootstrapping Spring Data JPA repositories in DEFAULT mode.
2024-04-17 15:05:22.766 [ INFO] [           main] epositoryConfigurationDelegate : gisterRepositoriesIn : 208        : Finished Spring Data repository scanning in 43 ms. Found 0 JPA repository interfaces.
2024-04-17 15:05:23.139 [ INFO] [           main] o.a.c.h.Http11NioProtocol      : log                  : 173        : Initializing ProtocolHandler ["http-nio-9090"]
2024-04-17 15:05:23.140 [ INFO] [           main] o.a.c.c.StandardService        : log                  : 173        : Starting service [Tomcat]
2024-04-17 15:05:23.140 [ INFO] [           main] o.a.c.c.StandardEngine         : log                  : 173        : Starting Servlet engine: [Apache Tomcat/10.1.19]
2024-04-17 15:05:23.176 [ INFO] [           main] o.a.c.c.C.[.[.[/]              : log                  : 173        : Initializing Spring embedded WebApplicationContext
2024-04-17 15:05:23.258 [ INFO] [           main] c.z.h.HikariDataSource         : getConnection        : 110        : HikariPool-1 - Starting...
2024-04-17 15:05:23.757 [ INFO] [           main] c.z.h.p.HikariPool             : checkFailFast        : 565        : HikariPool-1 - Added connection com.mysql.cj.jdbc.ConnectionImpl@3751acd7
2024-04-17 15:05:23.758 [ INFO] [           main] c.z.h.HikariDataSource         : getConnection        : 123        : HikariPool-1 - Start completed.
2024-04-17 15:05:23.780 [ INFO] [           main] o.h.j.i.u.LogHelper            : tenceUnitInformation : 31         : HHH000204: Processing PersistenceUnitInfo [name: default]
2024-04-17 15:05:23.819 [ INFO] [           main] o.h.Version                    : logVersion           : 44         : HHH000412: Hibernate ORM core version 6.4.4.Final
2024-04-17 15:05:23.837 [ INFO] [           main] o.h.c.i.RegionFactoryInitiator : initiateService      : 50         : HHH000026: Second-level cache disabled
2024-04-17 15:05:23.955 [ INFO] [           main] .j.p.SpringPersistenceUnitInfo : addTransformer       : 87         : No LoadTimeWeaver setup: ignoring JPA class transformer
2024-04-17 15:05:24.219 [ INFO] [           main] e.t.j.p.i.JtaPlatformInitiator : initiateService      : 58         : HHH000489: No JTA platform available (set 'hibernate.transaction.jta.platform' to enable JTA platform integration)
2024-04-17 15:05:24.221 [ INFO] [           main] tainerEntityManagerFactoryBean : EntityManagerFactory : 437        : Initialized JPA EntityManagerFactory for persistence unit 'default'
2024-04-17 15:05:24.944 [ WARN] [           main] figuration$JpaWebConfiguration : gerInViewInterceptor : 232        : spring.jpa.open-in-view is enabled by default. Therefore, database queries may be performed during view rendering. Explicitly configure spring.jpa.open-in-view to disable this warning
2024-04-17 15:05:25.124 [ INFO] [           main] s.w.DefaultSecurityFilterChain : <init>               : 54         : Will secure any request with [org.springframework.security.web.session.DisableEncodeUrlFilter@57f6fc09, org.springframework.security.web.context.request.async.WebAsyncManagerIntegrationFilter@ae5d544, org.springframework.security.web.context.SecurityContextHolderFilter@742aa00a, org.springframework.security.web.header.HeaderWriterFilter@3bdc8975, org.springframework.web.filter.CorsFilter@5aec151b, org.springframework.security.web.authentication.logout.LogoutFilter@344acc03, org.springframework.security.oauth2.client.web.OAuth2AuthorizationRequestRedirectFilter@363e2009, org.springframework.security.oauth2.client.web.OAuth2LoginAuthenticationFilter@5d200dce, org.springframework.security.web.authentication.UsernamePasswordAuthenticationFilter@2cdd156b, org.springframework.security.web.savedrequest.RequestCacheAwareFilter@5ed463b7, org.springframework.security.web.servletapi.SecurityContextHolderAwareRequestFilter@1ae90cb9, org.springframework.security.web.authentication.AnonymousAuthenticationFilter@74cf2d5f, org.springframework.security.web.access.ExceptionTranslationFilter@65871cfd, org.springframework.security.web.access.intercept.AuthorizationFilter@5980e29f]
2024-04-17 15:05:25.243 [ INFO] [           main] o.a.c.h.Http11NioProtocol      : log                  : 173        : Starting ProtocolHandler ["http-nio-9090"]
2024-04-17 15:05:25.256 [ INFO] [           main] c.i.s.ShoppingMallApplication  : logStarted           : 56         : Started ShoppingMallApplication in 3.56 seconds (process running for 4.175)
2024-04-17 15:05:31.955 [ INFO] [nio-9090-exec-1] o.a.c.c.C.[.[.[/]              : log                  : 173        : Initializing Spring DispatcherServlet 'dispatcherServlet'
2024-04-17 15:05:31.956 [ INFO] [nio-9090-exec-1] o.s.w.s.DispatcherServlet      : initServletBean      : 532        : Initializing Servlet 'dispatcherServlet'
2024-04-17 15:05:31.957 [ INFO] [nio-9090-exec-1] o.s.w.s.DispatcherServlet      : initServletBean      : 554        : Completed initialization in 1 ms
2024-04-17 15:08:52.572 [ INFO] [ionShutdownHook] tainerEntityManagerFactoryBean : destroy              : 650        : Closing JPA EntityManagerFactory for persistence unit 'default'
2024-04-17 15:08:52.574 [ INFO] [ionShutdownHook] c.z.h.HikariDataSource         : close                : 350        : HikariPool-1 - Shutdown initiated...
2024-04-17 15:08:52.577 [ INFO] [ionShutdownHook] c.z.h.HikariDataSource         : close                : 352        : HikariPool-1 - Shutdown completed.
2024-04-17 15:08:54.452 [ INFO] [kground-preinit] o.h.v.i.u.Version              : <clinit>             : 21         : HV000001: Hibernate Validator 8.0.1.Final
2024-04-17 15:08:54.462 [ INFO] [           main] c.i.s.ShoppingMallApplication  : logStarting          : 50         : Starting ShoppingMallApplication using Java 21.0.2 with PID 71934 (/Users/bagsuyeon/Desktop/Team_idle/target/classes started by bagsuyeon in /Users/bagsuyeon/Desktop/Team_idle)
2024-04-17 15:08:54.463 [ INFO] [           main] c.i.s.ShoppingMallApplication  : ogStartupProfileInfo : 654        : No active profile set, falling back to 1 default profile: "default"
2024-04-17 15:08:54.756 [ INFO] [           main] epositoryConfigurationDelegate : gisterRepositoriesIn : 139        : Bootstrapping Spring Data JPA repositories in DEFAULT mode.
2024-04-17 15:08:54.768 [ INFO] [           main] epositoryConfigurationDelegate : gisterRepositoriesIn : 208        : Finished Spring Data repository scanning in 8 ms. Found 0 JPA repository interfaces.
2024-04-17 15:08:54.966 [ INFO] [           main] o.a.c.h.Http11NioProtocol      : log                  : 173        : Initializing ProtocolHandler ["http-nio-9090"]
2024-04-17 15:08:54.967 [ INFO] [           main] o.a.c.c.StandardService        : log                  : 173        : Starting service [Tomcat]
2024-04-17 15:08:54.967 [ INFO] [           main] o.a.c.c.StandardEngine         : log                  : 173        : Starting Servlet engine: [Apache Tomcat/10.1.19]
2024-04-17 15:08:54.983 [ INFO] [           main] o.a.c.c.C.[.[.[/]              : log                  : 173        : Initializing Spring embedded WebApplicationContext
2024-04-17 15:08:55.037 [ INFO] [           main] c.z.h.HikariDataSource         : getConnection        : 110        : HikariPool-1 - Starting...
2024-04-17 15:08:55.254 [ INFO] [           main] c.z.h.p.HikariPool             : checkFailFast        : 565        : HikariPool-1 - Added connection com.mysql.cj.jdbc.ConnectionImpl@13e00016
2024-04-17 15:08:55.255 [ INFO] [           main] c.z.h.HikariDataSource         : getConnection        : 123        : HikariPool-1 - Start completed.
2024-04-17 15:08:55.274 [ INFO] [           main] o.h.j.i.u.LogHelper            : tenceUnitInformation : 31         : HHH000204: Processing PersistenceUnitInfo [name: default]
2024-04-17 15:08:55.297 [ INFO] [           main] o.h.Version                    : logVersion           : 44         : HHH000412: Hibernate ORM core version 6.4.4.Final
2024-04-17 15:08:55.308 [ INFO] [           main] o.h.c.i.RegionFactoryInitiator : initiateService      : 50         : HHH000026: Second-level cache disabled
2024-04-17 15:08:55.381 [ INFO] [           main] .j.p.SpringPersistenceUnitInfo : addTransformer       : 87         : No LoadTimeWeaver setup: ignoring JPA class transformer
2024-04-17 15:08:55.603 [ INFO] [           main] e.t.j.p.i.JtaPlatformInitiator : initiateService      : 58         : HHH000489: No JTA platform available (set 'hibernate.transaction.jta.platform' to enable JTA platform integration)
2024-04-17 15:08:55.605 [ INFO] [           main] tainerEntityManagerFactoryBean : EntityManagerFactory : 437        : Initialized JPA EntityManagerFactory for persistence unit 'default'
2024-04-17 15:08:55.963 [ WARN] [           main] figuration$JpaWebConfiguration : gerInViewInterceptor : 232        : spring.jpa.open-in-view is enabled by default. Therefore, database queries may be performed during view rendering. Explicitly configure spring.jpa.open-in-view to disable this warning
2024-04-17 15:08:56.077 [ INFO] [           main] s.w.DefaultSecurityFilterChain : <init>               : 54         : Will secure any request with [org.springframework.security.web.session.DisableEncodeUrlFilter@11a0c708, org.springframework.security.web.context.request.async.WebAsyncManagerIntegrationFilter@30bfdcc5, org.springframework.security.web.context.SecurityContextHolderFilter@5f8a29ca, org.springframework.security.web.header.HeaderWriterFilter@2f97e3de, org.springframework.web.filter.CorsFilter@1e9b0c92, org.springframework.security.web.authentication.logout.LogoutFilter@5ff8d76f, org.springframework.security.oauth2.client.web.OAuth2AuthorizationRequestRedirectFilter@14b9817b, org.springframework.security.oauth2.client.web.OAuth2LoginAuthenticationFilter@784c74e, org.springframework.security.web.authentication.UsernamePasswordAuthenticationFilter@5c648e38, org.springframework.security.web.savedrequest.RequestCacheAwareFilter@492d38a2, org.springframework.security.web.servletapi.SecurityContextHolderAwareRequestFilter@3fc2e100, org.springframework.security.web.authentication.AnonymousAuthenticationFilter@5bfeb9ba, org.springframework.security.web.access.ExceptionTranslationFilter@7db679, org.springframework.security.web.access.intercept.AuthorizationFilter@1a67bde5]
2024-04-17 15:08:56.157 [ INFO] [           main] o.a.c.h.Http11NioProtocol      : log                  : 173        : Starting ProtocolHandler ["http-nio-9090"]
2024-04-17 15:08:56.168 [ INFO] [           main] c.i.s.ShoppingMallApplication  : logStarted           : 56         : Started ShoppingMallApplication in 1.834 seconds (process running for 2.288)
2024-04-17 15:09:01.655 [ INFO] [nio-9090-exec-1] o.a.c.c.C.[.[.[/]              : log                  : 173        : Initializing Spring DispatcherServlet 'dispatcherServlet'
2024-04-17 15:09:01.656 [ INFO] [nio-9090-exec-1] o.s.w.s.DispatcherServlet      : initServletBean      : 532        : Initializing Servlet 'dispatcherServlet'
2024-04-17 15:09:01.657 [ INFO] [nio-9090-exec-1] o.s.w.s.DispatcherServlet      : initServletBean      : 554        : Completed initialization in 1 ms
2024-04-17 15:09:54.309 [ INFO] [ionShutdownHook] tainerEntityManagerFactoryBean : destroy              : 650        : Closing JPA EntityManagerFactory for persistence unit 'default'
2024-04-17 15:09:54.310 [ INFO] [ionShutdownHook] c.z.h.HikariDataSource         : close                : 350        : HikariPool-1 - Shutdown initiated...
2024-04-17 15:09:54.312 [ INFO] [ionShutdownHook] c.z.h.HikariDataSource         : close                : 352        : HikariPool-1 - Shutdown completed.
2024-04-17 15:09:55.543 [ INFO] [kground-preinit] o.h.v.i.u.Version              : <clinit>             : 21         : HV000001: Hibernate Validator 8.0.1.Final
2024-04-17 15:09:55.554 [ INFO] [           main] c.i.s.ShoppingMallApplication  : logStarting          : 50         : Starting ShoppingMallApplication using Java 21.0.2 with PID 71945 (/Users/bagsuyeon/Desktop/Team_idle/target/classes started by bagsuyeon in /Users/bagsuyeon/Desktop/Team_idle)
2024-04-17 15:09:55.555 [ INFO] [           main] c.i.s.ShoppingMallApplication  : ogStartupProfileInfo : 654        : No active profile set, falling back to 1 default profile: "default"
2024-04-17 15:09:55.842 [ INFO] [           main] epositoryConfigurationDelegate : gisterRepositoriesIn : 139        : Bootstrapping Spring Data JPA repositories in DEFAULT mode.
2024-04-17 15:09:55.853 [ INFO] [           main] epositoryConfigurationDelegate : gisterRepositoriesIn : 208        : Finished Spring Data repository scanning in 8 ms. Found 0 JPA repository interfaces.
2024-04-17 15:09:56.035 [ INFO] [           main] o.a.c.h.Http11NioProtocol      : log                  : 173        : Initializing ProtocolHandler ["http-nio-9090"]
2024-04-17 15:09:56.035 [ INFO] [           main] o.a.c.c.StandardService        : log                  : 173        : Starting service [Tomcat]
2024-04-17 15:09:56.036 [ INFO] [           main] o.a.c.c.StandardEngine         : log                  : 173        : Starting Servlet engine: [Apache Tomcat/10.1.19]
2024-04-17 15:09:56.053 [ INFO] [           main] o.a.c.c.C.[.[.[/]              : log                  : 173        : Initializing Spring embedded WebApplicationContext
2024-04-17 15:09:56.114 [ INFO] [           main] c.z.h.HikariDataSource         : getConnection        : 110        : HikariPool-1 - Starting...
2024-04-17 15:09:56.292 [ INFO] [           main] c.z.h.p.HikariPool             : checkFailFast        : 565        : HikariPool-1 - Added connection com.mysql.cj.jdbc.ConnectionImpl@6615237
2024-04-17 15:09:56.293 [ INFO] [           main] c.z.h.HikariDataSource         : getConnection        : 123        : HikariPool-1 - Start completed.
2024-04-17 15:09:56.311 [ INFO] [           main] o.h.j.i.u.LogHelper            : tenceUnitInformation : 31         : HHH000204: Processing PersistenceUnitInfo [name: default]
2024-04-17 15:09:56.335 [ INFO] [           main] o.h.Version                    : logVersion           : 44         : HHH000412: Hibernate ORM core version 6.4.4.Final
2024-04-17 15:09:56.347 [ INFO] [           main] o.h.c.i.RegionFactoryInitiator : initiateService      : 50         : HHH000026: Second-level cache disabled
2024-04-17 15:09:56.421 [ INFO] [           main] .j.p.SpringPersistenceUnitInfo : addTransformer       : 87         : No LoadTimeWeaver setup: ignoring JPA class transformer
2024-04-17 15:09:56.581 [ INFO] [           main] e.t.j.p.i.JtaPlatformInitiator : initiateService      : 58         : HHH000489: No JTA platform available (set 'hibernate.transaction.jta.platform' to enable JTA platform integration)
2024-04-17 15:09:56.583 [ INFO] [           main] tainerEntityManagerFactoryBean : EntityManagerFactory : 437        : Initialized JPA EntityManagerFactory for persistence unit 'default'
2024-04-17 15:09:56.935 [ WARN] [           main] figuration$JpaWebConfiguration : gerInViewInterceptor : 232        : spring.jpa.open-in-view is enabled by default. Therefore, database queries may be performed during view rendering. Explicitly configure spring.jpa.open-in-view to disable this warning
2024-04-17 15:09:57.042 [ INFO] [           main] s.w.DefaultSecurityFilterChain : <init>               : 54         : Will secure any request with [org.springframework.security.web.session.DisableEncodeUrlFilter@11a0c708, org.springframework.security.web.context.request.async.WebAsyncManagerIntegrationFilter@30bfdcc5, org.springframework.security.web.context.SecurityContextHolderFilter@5f8a29ca, org.springframework.security.web.header.HeaderWriterFilter@2f97e3de, org.springframework.web.filter.CorsFilter@1e9b0c92, org.springframework.security.web.authentication.logout.LogoutFilter@5ff8d76f, org.springframework.security.oauth2.client.web.OAuth2AuthorizationRequestRedirectFilter@14b9817b, org.springframework.security.oauth2.client.web.OAuth2LoginAuthenticationFilter@784c74e, org.springframework.security.web.authentication.UsernamePasswordAuthenticationFilter@5c648e38, org.springframework.security.web.savedrequest.RequestCacheAwareFilter@492d38a2, org.springframework.security.web.servletapi.SecurityContextHolderAwareRequestFilter@3fc2e100, org.springframework.security.web.authentication.AnonymousAuthenticationFilter@5bfeb9ba, org.springframework.security.web.access.ExceptionTranslationFilter@7db679, org.springframework.security.web.access.intercept.AuthorizationFilter@1a67bde5]
2024-04-17 15:09:57.124 [ INFO] [           main] o.a.c.h.Http11NioProtocol      : log                  : 173        : Starting ProtocolHandler ["http-nio-9090"]
2024-04-17 15:09:57.134 [ INFO] [           main] c.i.s.ShoppingMallApplication  : logStarted           : 56         : Started ShoppingMallApplication in 1.809 seconds (process running for 2.146)
2024-04-17 15:10:01.548 [ INFO] [nio-9090-exec-1] o.a.c.c.C.[.[.[/]              : log                  : 173        : Initializing Spring DispatcherServlet 'dispatcherServlet'
2024-04-17 15:10:01.548 [ INFO] [nio-9090-exec-1] o.s.w.s.DispatcherServlet      : initServletBean      : 532        : Initializing Servlet 'dispatcherServlet'
2024-04-17 15:10:01.550 [ INFO] [nio-9090-exec-1] o.s.w.s.DispatcherServlet      : initServletBean      : 554        : Completed initialization in 2 ms
2024-04-17 15:17:40.038 [ INFO] [ionShutdownHook] tainerEntityManagerFactoryBean : destroy              : 650        : Closing JPA EntityManagerFactory for persistence unit 'default'
2024-04-17 15:17:40.040 [ INFO] [ionShutdownHook] c.z.h.HikariDataSource         : close                : 350        : HikariPool-1 - Shutdown initiated...
2024-04-17 15:17:40.042 [ INFO] [ionShutdownHook] c.z.h.HikariDataSource         : close                : 352        : HikariPool-1 - Shutdown completed.
2024-04-17 15:17:41.453 [ INFO] [kground-preinit] o.h.v.i.u.Version              : <clinit>             : 21         : HV000001: Hibernate Validator 8.0.1.Final
2024-04-17 15:17:41.464 [ INFO] [           main] c.i.s.ShoppingMallApplication  : logStarting          : 50         : Starting ShoppingMallApplication using Java 21.0.2 with PID 72028 (/Users/bagsuyeon/Desktop/Team_idle/target/classes started by bagsuyeon in /Users/bagsuyeon/Desktop/Team_idle)
2024-04-17 15:17:41.465 [ INFO] [           main] c.i.s.ShoppingMallApplication  : ogStartupProfileInfo : 654        : No active profile set, falling back to 1 default profile: "default"
2024-04-17 15:17:41.746 [ INFO] [           main] epositoryConfigurationDelegate : gisterRepositoriesIn : 139        : Bootstrapping Spring Data JPA repositories in DEFAULT mode.
2024-04-17 15:17:41.757 [ INFO] [           main] epositoryConfigurationDelegate : gisterRepositoriesIn : 208        : Finished Spring Data repository scanning in 8 ms. Found 0 JPA repository interfaces.
2024-04-17 15:17:41.940 [ INFO] [           main] o.a.c.h.Http11NioProtocol      : log                  : 173        : Initializing ProtocolHandler ["http-nio-9090"]
2024-04-17 15:17:41.940 [ INFO] [           main] o.a.c.c.StandardService        : log                  : 173        : Starting service [Tomcat]
2024-04-17 15:17:41.940 [ INFO] [           main] o.a.c.c.StandardEngine         : log                  : 173        : Starting Servlet engine: [Apache Tomcat/10.1.19]
2024-04-17 15:17:41.962 [ INFO] [           main] o.a.c.c.C.[.[.[/]              : log                  : 173        : Initializing Spring embedded WebApplicationContext
2024-04-17 15:17:42.010 [ INFO] [           main] c.z.h.HikariDataSource         : getConnection        : 110        : HikariPool-1 - Starting...
2024-04-17 15:17:42.122 [ INFO] [           main] c.z.h.p.HikariPool             : checkFailFast        : 565        : HikariPool-1 - Added connection com.mysql.cj.jdbc.ConnectionImpl@24a04257
2024-04-17 15:17:42.123 [ INFO] [           main] c.z.h.HikariDataSource         : getConnection        : 123        : HikariPool-1 - Start completed.
2024-04-17 15:17:42.138 [ INFO] [           main] o.h.j.i.u.LogHelper            : tenceUnitInformation : 31         : HHH000204: Processing PersistenceUnitInfo [name: default]
2024-04-17 15:17:42.161 [ INFO] [           main] o.h.Version                    : logVersion           : 44         : HHH000412: Hibernate ORM core version 6.4.4.Final
2024-04-17 15:17:42.172 [ INFO] [           main] o.h.c.i.RegionFactoryInitiator : initiateService      : 50         : HHH000026: Second-level cache disabled
2024-04-17 15:17:42.249 [ INFO] [           main] .j.p.SpringPersistenceUnitInfo : addTransformer       : 87         : No LoadTimeWeaver setup: ignoring JPA class transformer
2024-04-17 15:17:42.409 [ INFO] [           main] e.t.j.p.i.JtaPlatformInitiator : initiateService      : 58         : HHH000489: No JTA platform available (set 'hibernate.transaction.jta.platform' to enable JTA platform integration)
2024-04-17 15:17:42.410 [ INFO] [           main] tainerEntityManagerFactoryBean : EntityManagerFactory : 437        : Initialized JPA EntityManagerFactory for persistence unit 'default'
2024-04-17 15:17:42.769 [ WARN] [           main] figuration$JpaWebConfiguration : gerInViewInterceptor : 232        : spring.jpa.open-in-view is enabled by default. Therefore, database queries may be performed during view rendering. Explicitly configure spring.jpa.open-in-view to disable this warning
2024-04-17 15:17:42.880 [ INFO] [           main] s.w.DefaultSecurityFilterChain : <init>               : 54         : Will secure any request with [org.springframework.security.web.session.DisableEncodeUrlFilter@74cf2d5f, org.springframework.security.web.context.request.async.WebAsyncManagerIntegrationFilter@14b9817b, org.springframework.security.web.context.SecurityContextHolderFilter@1ae90cb9, org.springframework.security.web.header.HeaderWriterFilter@742aa00a, org.springframework.web.filter.CorsFilter@3052395d, org.springframework.security.web.authentication.logout.LogoutFilter@5b5f61cc, org.springframework.security.oauth2.client.web.OAuth2AuthorizationRequestRedirectFilter@5d200dce, org.springframework.security.oauth2.client.web.OAuth2LoginAuthenticationFilter@57f6fc09, org.springframework.security.web.authentication.UsernamePasswordAuthenticationFilter@6491006, org.springframework.security.web.savedrequest.RequestCacheAwareFilter@7db679, org.springframework.security.web.servletapi.SecurityContextHolderAwareRequestFilter@7dc9b41a, org.springframework.security.web.authentication.AnonymousAuthenticationFilter@a2ca681, org.springframework.security.web.access.ExceptionTranslationFilter@27ea552d, org.springframework.security.web.access.intercept.AuthorizationFilter@58038583]
2024-04-17 15:17:42.959 [ INFO] [           main] o.a.c.h.Http11NioProtocol      : log                  : 173        : Starting ProtocolHandler ["http-nio-9090"]
2024-04-17 15:17:42.968 [ INFO] [           main] c.i.s.ShoppingMallApplication  : logStarted           : 56         : Started ShoppingMallApplication in 1.629 seconds (process running for 2.175)
2024-04-17 15:17:46.258 [ INFO] [nio-9090-exec-1] o.a.c.c.C.[.[.[/]              : log                  : 173        : Initializing Spring DispatcherServlet 'dispatcherServlet'
2024-04-17 15:17:46.258 [ INFO] [nio-9090-exec-1] o.s.w.s.DispatcherServlet      : initServletBean      : 532        : Initializing Servlet 'dispatcherServlet'
2024-04-17 15:17:46.259 [ INFO] [nio-9090-exec-1] o.s.w.s.DispatcherServlet      : initServletBean      : 554        : Completed initialization in 1 ms
2024-04-17 15:18:18.244 [ INFO] [ionShutdownHook] tainerEntityManagerFactoryBean : destroy              : 650        : Closing JPA EntityManagerFactory for persistence unit 'default'
2024-04-17 15:18:18.246 [ INFO] [ionShutdownHook] c.z.h.HikariDataSource         : close                : 350        : HikariPool-1 - Shutdown initiated...
2024-04-17 15:18:18.248 [ INFO] [ionShutdownHook] c.z.h.HikariDataSource         : close                : 352        : HikariPool-1 - Shutdown completed.
2024-04-17 15:18:19.449 [ INFO] [kground-preinit] o.h.v.i.u.Version              : <clinit>             : 21         : HV000001: Hibernate Validator 8.0.1.Final
2024-04-17 15:18:19.468 [ INFO] [           main] c.i.s.ShoppingMallApplication  : logStarting          : 50         : Starting ShoppingMallApplication using Java 21.0.2 with PID 72049 (/Users/bagsuyeon/Desktop/Team_idle/target/classes started by bagsuyeon in /Users/bagsuyeon/Desktop/Team_idle)
2024-04-17 15:18:19.470 [ INFO] [           main] c.i.s.ShoppingMallApplication  : ogStartupProfileInfo : 654        : No active profile set, falling back to 1 default profile: "default"
2024-04-17 15:18:19.779 [ INFO] [           main] epositoryConfigurationDelegate : gisterRepositoriesIn : 139        : Bootstrapping Spring Data JPA repositories in DEFAULT mode.
2024-04-17 15:18:19.790 [ INFO] [           main] epositoryConfigurationDelegate : gisterRepositoriesIn : 208        : Finished Spring Data repository scanning in 7 ms. Found 0 JPA repository interfaces.
2024-04-17 15:18:19.979 [ INFO] [           main] o.a.c.h.Http11NioProtocol      : log                  : 173        : Initializing ProtocolHandler ["http-nio-9090"]
2024-04-17 15:18:19.979 [ INFO] [           main] o.a.c.c.StandardService        : log                  : 173        : Starting service [Tomcat]
2024-04-17 15:18:19.979 [ INFO] [           main] o.a.c.c.StandardEngine         : log                  : 173        : Starting Servlet engine: [Apache Tomcat/10.1.19]
2024-04-17 15:18:20.000 [ INFO] [           main] o.a.c.c.C.[.[.[/]              : log                  : 173        : Initializing Spring embedded WebApplicationContext
2024-04-17 15:18:20.053 [ INFO] [           main] c.z.h.HikariDataSource         : getConnection        : 110        : HikariPool-1 - Starting...
2024-04-17 15:18:20.166 [ INFO] [           main] c.z.h.p.HikariPool             : checkFailFast        : 565        : HikariPool-1 - Added connection com.mysql.cj.jdbc.ConnectionImpl@24a04257
2024-04-17 15:18:20.166 [ INFO] [           main] c.z.h.HikariDataSource         : getConnection        : 123        : HikariPool-1 - Start completed.
2024-04-17 15:18:20.182 [ INFO] [           main] o.h.j.i.u.LogHelper            : tenceUnitInformation : 31         : HHH000204: Processing PersistenceUnitInfo [name: default]
2024-04-17 15:18:20.204 [ INFO] [           main] o.h.Version                    : logVersion           : 44         : HHH000412: Hibernate ORM core version 6.4.4.Final
2024-04-17 15:18:20.216 [ INFO] [           main] o.h.c.i.RegionFactoryInitiator : initiateService      : 50         : HHH000026: Second-level cache disabled
2024-04-17 15:18:20.288 [ INFO] [           main] .j.p.SpringPersistenceUnitInfo : addTransformer       : 87         : No LoadTimeWeaver setup: ignoring JPA class transformer
2024-04-17 15:18:20.452 [ INFO] [           main] e.t.j.p.i.JtaPlatformInitiator : initiateService      : 58         : HHH000489: No JTA platform available (set 'hibernate.transaction.jta.platform' to enable JTA platform integration)
2024-04-17 15:18:20.453 [ INFO] [           main] tainerEntityManagerFactoryBean : EntityManagerFactory : 437        : Initialized JPA EntityManagerFactory for persistence unit 'default'
2024-04-17 15:18:20.794 [ WARN] [           main] figuration$JpaWebConfiguration : gerInViewInterceptor : 232        : spring.jpa.open-in-view is enabled by default. Therefore, database queries may be performed during view rendering. Explicitly configure spring.jpa.open-in-view to disable this warning
2024-04-17 15:18:20.904 [ INFO] [           main] s.w.DefaultSecurityFilterChain : <init>               : 54         : Will secure any request with [org.springframework.security.web.session.DisableEncodeUrlFilter@784c74e, org.springframework.security.web.context.request.async.WebAsyncManagerIntegrationFilter@5fee3c9c, org.springframework.security.web.context.SecurityContextHolderFilter@2f97e3de, org.springframework.security.web.header.HeaderWriterFilter@3b62c51e, org.springframework.web.filter.CorsFilter@7e577eed, org.springframework.security.web.authentication.logout.LogoutFilter@49994a4, org.springframework.security.oauth2.client.web.OAuth2AuthorizationRequestRedirectFilter@ae5d544, org.springframework.security.oauth2.client.web.OAuth2LoginAuthenticationFilter@14b9817b, org.springframework.security.web.authentication.UsernamePasswordAuthenticationFilter@5eed2edf, org.springframework.security.web.savedrequest.RequestCacheAwareFilter@6f53295e, org.springframework.security.web.servletapi.SecurityContextHolderAwareRequestFilter@5f8a29ca, org.springframework.security.web.authentication.AnonymousAuthenticationFilter@11a0c708, org.springframework.security.web.access.ExceptionTranslationFilter@5ed463b7, org.springframework.security.web.access.intercept.AuthorizationFilter@106ac5f4]
2024-04-17 15:18:20.982 [ INFO] [           main] o.a.c.h.Http11NioProtocol      : log                  : 173        : Starting ProtocolHandler ["http-nio-9090"]
2024-04-17 15:18:20.992 [ INFO] [           main] c.i.s.ShoppingMallApplication  : logStarted           : 56         : Started ShoppingMallApplication in 1.782 seconds (process running for 2.077)
2024-04-17 15:18:39.931 [ INFO] [nio-9090-exec-1] o.a.c.c.C.[.[.[/]              : log                  : 173        : Initializing Spring DispatcherServlet 'dispatcherServlet'
2024-04-17 15:18:39.931 [ INFO] [nio-9090-exec-1] o.s.w.s.DispatcherServlet      : initServletBean      : 532        : Initializing Servlet 'dispatcherServlet'
2024-04-17 15:18:39.933 [ INFO] [nio-9090-exec-1] o.s.w.s.DispatcherServlet      : initServletBean      : 554        : Completed initialization in 2 ms
2024-04-17 15:20:41.673 [ INFO] [ionShutdownHook] tainerEntityManagerFactoryBean : destroy              : 650        : Closing JPA EntityManagerFactory for persistence unit 'default'
2024-04-17 15:20:41.674 [ INFO] [ionShutdownHook] c.z.h.HikariDataSource         : close                : 350        : HikariPool-1 - Shutdown initiated...
2024-04-17 15:20:41.677 [ INFO] [ionShutdownHook] c.z.h.HikariDataSource         : close                : 352        : HikariPool-1 - Shutdown completed.
2024-04-17 15:20:43.166 [ INFO] [kground-preinit] o.h.v.i.u.Version              : <clinit>             : 21         : HV000001: Hibernate Validator 8.0.1.Final
2024-04-17 15:20:43.177 [ INFO] [           main] c.i.s.ShoppingMallApplication  : logStarting          : 50         : Starting ShoppingMallApplication using Java 21.0.2 with PID 72074 (/Users/bagsuyeon/Desktop/Team_idle/target/classes started by bagsuyeon in /Users/bagsuyeon/Desktop/Team_idle)
2024-04-17 15:20:43.178 [ INFO] [           main] c.i.s.ShoppingMallApplication  : ogStartupProfileInfo : 654        : No active profile set, falling back to 1 default profile: "default"
2024-04-17 15:20:43.474 [ INFO] [           main] epositoryConfigurationDelegate : gisterRepositoriesIn : 139        : Bootstrapping Spring Data JPA repositories in DEFAULT mode.
2024-04-17 15:20:43.485 [ INFO] [           main] epositoryConfigurationDelegate : gisterRepositoriesIn : 208        : Finished Spring Data repository scanning in 8 ms. Found 0 JPA repository interfaces.
2024-04-17 15:20:43.672 [ INFO] [           main] o.a.c.h.Http11NioProtocol      : log                  : 173        : Initializing ProtocolHandler ["http-nio-9090"]
2024-04-17 15:20:43.673 [ INFO] [           main] o.a.c.c.StandardService        : log                  : 173        : Starting service [Tomcat]
2024-04-17 15:20:43.673 [ INFO] [           main] o.a.c.c.StandardEngine         : log                  : 173        : Starting Servlet engine: [Apache Tomcat/10.1.19]
2024-04-17 15:20:43.696 [ INFO] [           main] o.a.c.c.C.[.[.[/]              : log                  : 173        : Initializing Spring embedded WebApplicationContext
2024-04-17 15:20:43.747 [ INFO] [           main] c.z.h.HikariDataSource         : getConnection        : 110        : HikariPool-1 - Starting...
2024-04-17 15:20:43.910 [ INFO] [           main] c.z.h.p.HikariPool             : checkFailFast        : 565        : HikariPool-1 - Added connection com.mysql.cj.jdbc.ConnectionImpl@6cdbe5ec
2024-04-17 15:20:43.911 [ INFO] [           main] c.z.h.HikariDataSource         : getConnection        : 123        : HikariPool-1 - Start completed.
2024-04-17 15:20:43.928 [ INFO] [           main] o.h.j.i.u.LogHelper            : tenceUnitInformation : 31         : HHH000204: Processing PersistenceUnitInfo [name: default]
2024-04-17 15:20:43.952 [ INFO] [           main] o.h.Version                    : logVersion           : 44         : HHH000412: Hibernate ORM core version 6.4.4.Final
2024-04-17 15:20:43.965 [ INFO] [           main] o.h.c.i.RegionFactoryInitiator : initiateService      : 50         : HHH000026: Second-level cache disabled
2024-04-17 15:20:44.044 [ INFO] [           main] .j.p.SpringPersistenceUnitInfo : addTransformer       : 87         : No LoadTimeWeaver setup: ignoring JPA class transformer
2024-04-17 15:20:44.204 [ INFO] [           main] e.t.j.p.i.JtaPlatformInitiator : initiateService      : 58         : HHH000489: No JTA platform available (set 'hibernate.transaction.jta.platform' to enable JTA platform integration)
2024-04-17 15:20:44.206 [ INFO] [           main] tainerEntityManagerFactoryBean : EntityManagerFactory : 437        : Initialized JPA EntityManagerFactory for persistence unit 'default'
2024-04-17 15:20:44.565 [ WARN] [           main] figuration$JpaWebConfiguration : gerInViewInterceptor : 232        : spring.jpa.open-in-view is enabled by default. Therefore, database queries may be performed during view rendering. Explicitly configure spring.jpa.open-in-view to disable this warning
2024-04-17 15:20:44.679 [ INFO] [           main] s.w.DefaultSecurityFilterChain : <init>               : 54         : Will secure any request with [org.springframework.security.web.session.DisableEncodeUrlFilter@3615f8d9, org.springframework.security.web.context.request.async.WebAsyncManagerIntegrationFilter@5d200dce, org.springframework.security.web.context.SecurityContextHolderFilter@723f8990, org.springframework.security.web.header.HeaderWriterFilter@198a0416, org.springframework.web.filter.CorsFilter@1a59500b, org.springframework.security.web.authentication.logout.LogoutFilter@775fec4, org.springframework.security.oauth2.client.web.OAuth2AuthorizationRequestRedirectFilter@15af06f, org.springframework.security.oauth2.client.web.OAuth2LoginAuthenticationFilter@60317de8, org.springframework.security.web.authentication.UsernamePasswordAuthenticationFilter@178c4480, org.springframework.security.web.savedrequest.RequestCacheAwareFilter@27ea552d, org.springframework.security.web.servletapi.SecurityContextHolderAwareRequestFilter@7a57c5d9, org.springframework.security.web.authentication.AnonymousAuthenticationFilter@4e3c0627, org.springframework.security.web.access.ExceptionTranslationFilter@69c263f8, org.springframework.security.web.access.intercept.AuthorizationFilter@5ff8d76f]
2024-04-17 15:20:44.761 [ INFO] [           main] o.a.c.h.Http11NioProtocol      : log                  : 173        : Starting ProtocolHandler ["http-nio-9090"]
2024-04-17 15:20:44.771 [ INFO] [           main] c.i.s.ShoppingMallApplication  : logStarted           : 56         : Started ShoppingMallApplication in 1.796 seconds (process running for 2.401)
2024-04-17 15:21:01.891 [ INFO] [nio-9090-exec-1] o.a.c.c.C.[.[.[/]              : log                  : 173        : Initializing Spring DispatcherServlet 'dispatcherServlet'
2024-04-17 15:21:01.892 [ INFO] [nio-9090-exec-1] o.s.w.s.DispatcherServlet      : initServletBean      : 532        : Initializing Servlet 'dispatcherServlet'
2024-04-17 15:21:01.893 [ INFO] [nio-9090-exec-1] o.s.w.s.DispatcherServlet      : initServletBean      : 554        : Completed initialization in 1 ms
2024-04-17 15:22:55.904 [ INFO] [ionShutdownHook] tainerEntityManagerFactoryBean : destroy              : 650        : Closing JPA EntityManagerFactory for persistence unit 'default'
2024-04-17 15:22:55.906 [ INFO] [ionShutdownHook] c.z.h.HikariDataSource         : close                : 350        : HikariPool-1 - Shutdown initiated...
2024-04-17 15:22:55.908 [ INFO] [ionShutdownHook] c.z.h.HikariDataSource         : close                : 352        : HikariPool-1 - Shutdown completed.
2024-04-17 15:22:57.367 [ INFO] [kground-preinit] o.h.v.i.u.Version              : <clinit>             : 21         : HV000001: Hibernate Validator 8.0.1.Final
2024-04-17 15:22:57.384 [ INFO] [           main] c.i.s.ShoppingMallApplication  : logStarting          : 50         : Starting ShoppingMallApplication using Java 21.0.2 with PID 72096 (/Users/bagsuyeon/Desktop/Team_idle/target/classes started by bagsuyeon in /Users/bagsuyeon/Desktop/Team_idle)
2024-04-17 15:22:57.385 [ INFO] [           main] c.i.s.ShoppingMallApplication  : ogStartupProfileInfo : 654        : No active profile set, falling back to 1 default profile: "default"
2024-04-17 15:22:57.667 [ INFO] [           main] epositoryConfigurationDelegate : gisterRepositoriesIn : 139        : Bootstrapping Spring Data JPA repositories in DEFAULT mode.
2024-04-17 15:22:57.739 [ INFO] [           main] epositoryConfigurationDelegate : gisterRepositoriesIn : 208        : Finished Spring Data repository scanning in 68 ms. Found 0 JPA repository interfaces.
2024-04-17 15:22:57.925 [ INFO] [           main] o.a.c.h.Http11NioProtocol      : log                  : 173        : Initializing ProtocolHandler ["http-nio-9090"]
2024-04-17 15:22:57.926 [ INFO] [           main] o.a.c.c.StandardService        : log                  : 173        : Starting service [Tomcat]
2024-04-17 15:22:57.926 [ INFO] [           main] o.a.c.c.StandardEngine         : log                  : 173        : Starting Servlet engine: [Apache Tomcat/10.1.19]
2024-04-17 15:22:57.944 [ INFO] [           main] o.a.c.c.C.[.[.[/]              : log                  : 173        : Initializing Spring embedded WebApplicationContext
2024-04-17 15:22:57.992 [ INFO] [           main] c.z.h.HikariDataSource         : getConnection        : 110        : HikariPool-1 - Starting...
2024-04-17 15:22:58.104 [ INFO] [           main] c.z.h.p.HikariPool             : checkFailFast        : 565        : HikariPool-1 - Added connection com.mysql.cj.jdbc.ConnectionImpl@3751acd7
2024-04-17 15:22:58.105 [ INFO] [           main] c.z.h.HikariDataSource         : getConnection        : 123        : HikariPool-1 - Start completed.
2024-04-17 15:22:58.128 [ INFO] [           main] o.h.j.i.u.LogHelper            : tenceUnitInformation : 31         : HHH000204: Processing PersistenceUnitInfo [name: default]
2024-04-17 15:22:58.152 [ INFO] [           main] o.h.Version                    : logVersion           : 44         : HHH000412: Hibernate ORM core version 6.4.4.Final
2024-04-17 15:22:58.166 [ INFO] [           main] o.h.c.i.RegionFactoryInitiator : initiateService      : 50         : HHH000026: Second-level cache disabled
2024-04-17 15:22:58.242 [ INFO] [           main] .j.p.SpringPersistenceUnitInfo : addTransformer       : 87         : No LoadTimeWeaver setup: ignoring JPA class transformer
2024-04-17 15:22:58.400 [ INFO] [           main] e.t.j.p.i.JtaPlatformInitiator : initiateService      : 58         : HHH000489: No JTA platform available (set 'hibernate.transaction.jta.platform' to enable JTA platform integration)
2024-04-17 15:22:58.402 [ INFO] [           main] tainerEntityManagerFactoryBean : EntityManagerFactory : 437        : Initialized JPA EntityManagerFactory for persistence unit 'default'
2024-04-17 15:22:58.762 [ WARN] [           main] figuration$JpaWebConfiguration : gerInViewInterceptor : 232        : spring.jpa.open-in-view is enabled by default. Therefore, database queries may be performed during view rendering. Explicitly configure spring.jpa.open-in-view to disable this warning
2024-04-17 15:22:58.879 [ INFO] [           main] s.w.DefaultSecurityFilterChain : <init>               : 54         : Will secure any request with [org.springframework.security.web.session.DisableEncodeUrlFilter@ae5d544, org.springframework.security.web.context.request.async.WebAsyncManagerIntegrationFilter@5aec151b, org.springframework.security.web.context.SecurityContextHolderFilter@2be208db, org.springframework.security.web.header.HeaderWriterFilter@27ea552d, org.springframework.web.filter.CorsFilter@74cf2d5f, org.springframework.security.web.authentication.logout.LogoutFilter@50eae15a, org.springframework.security.oauth2.client.web.OAuth2AuthorizationRequestRedirectFilter@7b55fc83, org.springframework.security.oauth2.client.web.OAuth2LoginAuthenticationFilter@1a59500b, org.springframework.security.web.authentication.UsernamePasswordAuthenticationFilter@487bc2fe, org.springframework.security.web.savedrequest.RequestCacheAwareFilter@1ae90cb9, org.springframework.security.web.servletapi.SecurityContextHolderAwareRequestFilter@3b62c51e, org.springframework.security.web.authentication.AnonymousAuthenticationFilter@14b9817b, org.springframework.security.web.access.ExceptionTranslationFilter@723f8990, org.springframework.security.web.access.intercept.AuthorizationFilter@2cdd156b]
2024-04-17 15:22:58.960 [ INFO] [           main] o.a.c.h.Http11NioProtocol      : log                  : 173        : Starting ProtocolHandler ["http-nio-9090"]
2024-04-17 15:22:58.971 [ INFO] [           main] c.i.s.ShoppingMallApplication  : logStarted           : 56         : Started ShoppingMallApplication in 1.8 seconds (process running for 2.288)
2024-04-17 15:22:59.938 [ INFO] [nio-9090-exec-1] o.a.c.c.C.[.[.[/]              : log                  : 173        : Initializing Spring DispatcherServlet 'dispatcherServlet'
2024-04-17 15:22:59.939 [ INFO] [nio-9090-exec-1] o.s.w.s.DispatcherServlet      : initServletBean      : 532        : Initializing Servlet 'dispatcherServlet'
2024-04-17 15:22:59.940 [ INFO] [nio-9090-exec-1] o.s.w.s.DispatcherServlet      : initServletBean      : 554        : Completed initialization in 1 ms
2024-04-17 15:28:37.879 [ INFO] [ionShutdownHook] tainerEntityManagerFactoryBean : destroy              : 650        : Closing JPA EntityManagerFactory for persistence unit 'default'
2024-04-17 15:28:37.881 [ INFO] [ionShutdownHook] c.z.h.HikariDataSource         : close                : 350        : HikariPool-1 - Shutdown initiated...
2024-04-17 15:28:37.883 [ INFO] [ionShutdownHook] c.z.h.HikariDataSource         : close                : 352        : HikariPool-1 - Shutdown completed.
2024-04-17 15:28:39.371 [ INFO] [kground-preinit] o.h.v.i.u.Version              : <clinit>             : 21         : HV000001: Hibernate Validator 8.0.1.Final
2024-04-17 15:28:39.383 [ INFO] [           main] c.i.s.ShoppingMallApplication  : logStarting          : 50         : Starting ShoppingMallApplication using Java 21.0.2 with PID 72157 (/Users/bagsuyeon/Desktop/Team_idle/target/classes started by bagsuyeon in /Users/bagsuyeon/Desktop/Team_idle)
2024-04-17 15:28:39.384 [ INFO] [           main] c.i.s.ShoppingMallApplication  : ogStartupProfileInfo : 654        : No active profile set, falling back to 1 default profile: "default"
2024-04-17 15:28:39.663 [ INFO] [           main] epositoryConfigurationDelegate : gisterRepositoriesIn : 139        : Bootstrapping Spring Data JPA repositories in DEFAULT mode.
2024-04-17 15:28:39.673 [ INFO] [           main] epositoryConfigurationDelegate : gisterRepositoriesIn : 208        : Finished Spring Data repository scanning in 7 ms. Found 0 JPA repository interfaces.
2024-04-17 15:28:39.854 [ INFO] [           main] o.a.c.h.Http11NioProtocol      : log                  : 173        : Initializing ProtocolHandler ["http-nio-9090"]
2024-04-17 15:28:39.854 [ INFO] [           main] o.a.c.c.StandardService        : log                  : 173        : Starting service [Tomcat]
2024-04-17 15:28:39.855 [ INFO] [           main] o.a.c.c.StandardEngine         : log                  : 173        : Starting Servlet engine: [Apache Tomcat/10.1.19]
2024-04-17 15:28:39.876 [ INFO] [           main] o.a.c.c.C.[.[.[/]              : log                  : 173        : Initializing Spring embedded WebApplicationContext
2024-04-17 15:28:39.923 [ INFO] [           main] c.z.h.HikariDataSource         : getConnection        : 110        : HikariPool-1 - Starting...
2024-04-17 15:28:40.057 [ INFO] [           main] c.z.h.p.HikariPool             : checkFailFast        : 565        : HikariPool-1 - Added connection com.mysql.cj.jdbc.ConnectionImpl@3751acd7
2024-04-17 15:28:40.058 [ INFO] [           main] c.z.h.HikariDataSource         : getConnection        : 123        : HikariPool-1 - Start completed.
2024-04-17 15:28:40.074 [ INFO] [           main] o.h.j.i.u.LogHelper            : tenceUnitInformation : 31         : HHH000204: Processing PersistenceUnitInfo [name: default]
2024-04-17 15:28:40.098 [ INFO] [           main] o.h.Version                    : logVersion           : 44         : HHH000412: Hibernate ORM core version 6.4.4.Final
2024-04-17 15:28:40.110 [ INFO] [           main] o.h.c.i.RegionFactoryInitiator : initiateService      : 50         : HHH000026: Second-level cache disabled
2024-04-17 15:28:40.187 [ INFO] [           main] .j.p.SpringPersistenceUnitInfo : addTransformer       : 87         : No LoadTimeWeaver setup: ignoring JPA class transformer
2024-04-17 15:28:40.345 [ INFO] [           main] e.t.j.p.i.JtaPlatformInitiator : initiateService      : 58         : HHH000489: No JTA platform available (set 'hibernate.transaction.jta.platform' to enable JTA platform integration)
2024-04-17 15:28:40.346 [ INFO] [           main] tainerEntityManagerFactoryBean : EntityManagerFactory : 437        : Initialized JPA EntityManagerFactory for persistence unit 'default'
2024-04-17 15:28:40.697 [ WARN] [           main] figuration$JpaWebConfiguration : gerInViewInterceptor : 232        : spring.jpa.open-in-view is enabled by default. Therefore, database queries may be performed during view rendering. Explicitly configure spring.jpa.open-in-view to disable this warning
2024-04-17 15:28:40.809 [ INFO] [           main] s.w.DefaultSecurityFilterChain : <init>               : 54         : Will secure any request with [org.springframework.security.web.session.DisableEncodeUrlFilter@5aec151b, org.springframework.security.web.context.request.async.WebAsyncManagerIntegrationFilter@74cf2d5f, org.springframework.security.web.context.SecurityContextHolderFilter@5ed463b7, org.springframework.security.web.header.HeaderWriterFilter@7a57c5d9, org.springframework.web.filter.CorsFilter@14b9817b, org.springframework.security.web.authentication.logout.LogoutFilter@4bba2704, org.springframework.security.oauth2.client.web.OAuth2AuthorizationRequestRedirectFilter@3615f8d9, org.springframework.security.oauth2.client.web.OAuth2LoginAuthenticationFilter@4e3c0627, org.springframework.security.web.authentication.UsernamePasswordAuthenticationFilter@58038583, org.springframework.security.web.savedrequest.RequestCacheAwareFilter@3b62c51e, org.springframework.security.web.servletapi.SecurityContextHolderAwareRequestFilter@7db679, org.springframework.security.web.authentication.AnonymousAuthenticationFilter@3052395d, org.springframework.security.web.access.ExceptionTranslationFilter@3bdc8975, org.springframework.security.web.access.intercept.AuthorizationFilter@487bc2fe]
2024-04-17 15:28:40.889 [ INFO] [           main] o.a.c.h.Http11NioProtocol      : log                  : 173        : Starting ProtocolHandler ["http-nio-9090"]
2024-04-17 15:28:40.900 [ INFO] [           main] c.i.s.ShoppingMallApplication  : logStarted           : 56         : Started ShoppingMallApplication in 1.774 seconds (process running for 2.251)
2024-04-17 15:28:42.689 [ INFO] [nio-9090-exec-1] o.a.c.c.C.[.[.[/]              : log                  : 173        : Initializing Spring DispatcherServlet 'dispatcherServlet'
2024-04-17 15:28:42.689 [ INFO] [nio-9090-exec-1] o.s.w.s.DispatcherServlet      : initServletBean      : 532        : Initializing Servlet 'dispatcherServlet'
2024-04-17 15:28:42.690 [ INFO] [nio-9090-exec-1] o.s.w.s.DispatcherServlet      : initServletBean      : 554        : Completed initialization in 1 ms
2024-04-17 15:29:24.705 [ INFO] [ionShutdownHook] tainerEntityManagerFactoryBean : destroy              : 650        : Closing JPA EntityManagerFactory for persistence unit 'default'
2024-04-17 15:29:24.706 [ INFO] [ionShutdownHook] c.z.h.HikariDataSource         : close                : 350        : HikariPool-1 - Shutdown initiated...
2024-04-17 15:29:24.709 [ INFO] [ionShutdownHook] c.z.h.HikariDataSource         : close                : 352        : HikariPool-1 - Shutdown completed.
2024-04-17 15:29:26.147 [ INFO] [kground-preinit] o.h.v.i.u.Version              : <clinit>             : 21         : HV000001: Hibernate Validator 8.0.1.Final
2024-04-17 15:29:26.158 [ INFO] [           main] c.i.s.ShoppingMallApplication  : logStarting          : 50         : Starting ShoppingMallApplication using Java 21.0.2 with PID 72162 (/Users/bagsuyeon/Desktop/Team_idle/target/classes started by bagsuyeon in /Users/bagsuyeon/Desktop/Team_idle)
2024-04-17 15:29:26.160 [ INFO] [           main] c.i.s.ShoppingMallApplication  : ogStartupProfileInfo : 654        : No active profile set, falling back to 1 default profile: "default"
2024-04-17 15:29:26.426 [ INFO] [           main] epositoryConfigurationDelegate : gisterRepositoriesIn : 139        : Bootstrapping Spring Data JPA repositories in DEFAULT mode.
2024-04-17 15:29:26.436 [ INFO] [           main] epositoryConfigurationDelegate : gisterRepositoriesIn : 208        : Finished Spring Data repository scanning in 7 ms. Found 0 JPA repository interfaces.
2024-04-17 15:29:26.661 [ INFO] [           main] o.a.c.h.Http11NioProtocol      : log                  : 173        : Initializing ProtocolHandler ["http-nio-9090"]
2024-04-17 15:29:26.662 [ INFO] [           main] o.a.c.c.StandardService        : log                  : 173        : Starting service [Tomcat]
2024-04-17 15:29:26.662 [ INFO] [           main] o.a.c.c.StandardEngine         : log                  : 173        : Starting Servlet engine: [Apache Tomcat/10.1.19]
2024-04-17 15:29:26.679 [ INFO] [           main] o.a.c.c.C.[.[.[/]              : log                  : 173        : Initializing Spring embedded WebApplicationContext
2024-04-17 15:29:26.727 [ INFO] [           main] c.z.h.HikariDataSource         : getConnection        : 110        : HikariPool-1 - Starting...
2024-04-17 15:29:26.912 [ INFO] [           main] c.z.h.p.HikariPool             : checkFailFast        : 565        : HikariPool-1 - Added connection com.mysql.cj.jdbc.ConnectionImpl@6615237
2024-04-17 15:29:26.912 [ INFO] [           main] c.z.h.HikariDataSource         : getConnection        : 123        : HikariPool-1 - Start completed.
2024-04-17 15:29:26.931 [ INFO] [           main] o.h.j.i.u.LogHelper            : tenceUnitInformation : 31         : HHH000204: Processing PersistenceUnitInfo [name: default]
2024-04-17 15:29:26.955 [ INFO] [           main] o.h.Version                    : logVersion           : 44         : HHH000412: Hibernate ORM core version 6.4.4.Final
2024-04-17 15:29:26.966 [ INFO] [           main] o.h.c.i.RegionFactoryInitiator : initiateService      : 50         : HHH000026: Second-level cache disabled
2024-04-17 15:29:27.043 [ INFO] [           main] .j.p.SpringPersistenceUnitInfo : addTransformer       : 87         : No LoadTimeWeaver setup: ignoring JPA class transformer
2024-04-17 15:29:27.201 [ INFO] [           main] e.t.j.p.i.JtaPlatformInitiator : initiateService      : 58         : HHH000489: No JTA platform available (set 'hibernate.transaction.jta.platform' to enable JTA platform integration)
2024-04-17 15:29:27.203 [ INFO] [           main] tainerEntityManagerFactoryBean : EntityManagerFactory : 437        : Initialized JPA EntityManagerFactory for persistence unit 'default'
2024-04-17 15:29:27.580 [ WARN] [           main] figuration$JpaWebConfiguration : gerInViewInterceptor : 232        : spring.jpa.open-in-view is enabled by default. Therefore, database queries may be performed during view rendering. Explicitly configure spring.jpa.open-in-view to disable this warning
2024-04-17 15:29:27.692 [ INFO] [           main] s.w.DefaultSecurityFilterChain : <init>               : 54         : Will secure any request with [org.springframework.security.web.session.DisableEncodeUrlFilter@14b9817b, org.springframework.security.web.context.request.async.WebAsyncManagerIntegrationFilter@3052395d, org.springframework.security.web.context.SecurityContextHolderFilter@3b62c51e, org.springframework.security.web.header.HeaderWriterFilter@2be208db, org.springframework.web.filter.CorsFilter@a2ca681, org.springframework.security.web.authentication.logout.LogoutFilter@39179470, org.springframework.security.oauth2.client.web.OAuth2AuthorizationRequestRedirectFilter@1a59500b, org.springframework.security.oauth2.client.web.OAuth2LoginAuthenticationFilter@ae5d544, org.springframework.security.web.authentication.UsernamePasswordAuthenticationFilter@42fb2be9, org.springframework.security.web.savedrequest.RequestCacheAwareFilter@7dc9b41a, org.springframework.security.web.servletapi.SecurityContextHolderAwareRequestFilter@2f97e3de, org.springframework.security.web.authentication.AnonymousAuthenticationFilter@784c74e, org.springframework.security.web.access.ExceptionTranslationFilter@7a57c5d9, org.springframework.security.web.access.intercept.AuthorizationFilter@6491006]
2024-04-17 15:29:27.772 [ INFO] [           main] o.a.c.h.Http11NioProtocol      : log                  : 173        : Starting ProtocolHandler ["http-nio-9090"]
2024-04-17 15:29:27.782 [ INFO] [           main] c.i.s.ShoppingMallApplication  : logStarted           : 56         : Started ShoppingMallApplication in 1.752 seconds (process running for 2.316)
2024-04-17 15:29:28.409 [ INFO] [nio-9090-exec-1] o.a.c.c.C.[.[.[/]              : log                  : 173        : Initializing Spring DispatcherServlet 'dispatcherServlet'
2024-04-17 15:29:28.410 [ INFO] [nio-9090-exec-1] o.s.w.s.DispatcherServlet      : initServletBean      : 532        : Initializing Servlet 'dispatcherServlet'
2024-04-17 15:29:28.411 [ INFO] [nio-9090-exec-1] o.s.w.s.DispatcherServlet      : initServletBean      : 554        : Completed initialization in 1 ms
2024-04-17 15:30:11.318 [ INFO] [ionShutdownHook] tainerEntityManagerFactoryBean : destroy              : 650        : Closing JPA EntityManagerFactory for persistence unit 'default'
2024-04-17 15:30:11.319 [ INFO] [ionShutdownHook] c.z.h.HikariDataSource         : close                : 350        : HikariPool-1 - Shutdown initiated...
2024-04-17 15:30:11.321 [ INFO] [ionShutdownHook] c.z.h.HikariDataSource         : close                : 352        : HikariPool-1 - Shutdown completed.
2024-04-17 15:30:12.645 [ INFO] [kground-preinit] o.h.v.i.u.Version              : <clinit>             : 21         : HV000001: Hibernate Validator 8.0.1.Final
2024-04-17 15:30:12.656 [ INFO] [           main] c.i.s.ShoppingMallApplication  : logStarting          : 50         : Starting ShoppingMallApplication using Java 21.0.2 with PID 72178 (/Users/bagsuyeon/Desktop/Team_idle/target/classes started by bagsuyeon in /Users/bagsuyeon/Desktop/Team_idle)
2024-04-17 15:30:12.657 [ INFO] [           main] c.i.s.ShoppingMallApplication  : ogStartupProfileInfo : 654        : No active profile set, falling back to 1 default profile: "default"
2024-04-17 15:30:12.893 [ INFO] [           main] epositoryConfigurationDelegate : gisterRepositoriesIn : 139        : Bootstrapping Spring Data JPA repositories in DEFAULT mode.
2024-04-17 15:30:12.904 [ INFO] [           main] epositoryConfigurationDelegate : gisterRepositoriesIn : 208        : Finished Spring Data repository scanning in 8 ms. Found 0 JPA repository interfaces.
2024-04-17 15:30:13.073 [ INFO] [           main] o.a.c.h.Http11NioProtocol      : log                  : 173        : Initializing ProtocolHandler ["http-nio-9090"]
2024-04-17 15:30:13.074 [ INFO] [           main] o.a.c.c.StandardService        : log                  : 173        : Starting service [Tomcat]
2024-04-17 15:30:13.074 [ INFO] [           main] o.a.c.c.StandardEngine         : log                  : 173        : Starting Servlet engine: [Apache Tomcat/10.1.19]
2024-04-17 15:30:13.092 [ INFO] [           main] o.a.c.c.C.[.[.[/]              : log                  : 173        : Initializing Spring embedded WebApplicationContext
2024-04-17 15:30:13.143 [ INFO] [           main] c.z.h.HikariDataSource         : getConnection        : 110        : HikariPool-1 - Starting...
2024-04-17 15:30:13.314 [ INFO] [           main] c.z.h.p.HikariPool             : checkFailFast        : 565        : HikariPool-1 - Added connection com.mysql.cj.jdbc.ConnectionImpl@177ede17
2024-04-17 15:30:13.314 [ INFO] [           main] c.z.h.HikariDataSource         : getConnection        : 123        : HikariPool-1 - Start completed.
2024-04-17 15:30:13.331 [ INFO] [           main] o.h.j.i.u.LogHelper            : tenceUnitInformation : 31         : HHH000204: Processing PersistenceUnitInfo [name: default]
2024-04-17 15:30:13.351 [ INFO] [           main] o.h.Version                    : logVersion           : 44         : HHH000412: Hibernate ORM core version 6.4.4.Final
2024-04-17 15:30:13.361 [ INFO] [           main] o.h.c.i.RegionFactoryInitiator : initiateService      : 50         : HHH000026: Second-level cache disabled
2024-04-17 15:30:13.426 [ INFO] [           main] .j.p.SpringPersistenceUnitInfo : addTransformer       : 87         : No LoadTimeWeaver setup: ignoring JPA class transformer
2024-04-17 15:30:13.590 [ INFO] [           main] e.t.j.p.i.JtaPlatformInitiator : initiateService      : 58         : HHH000489: No JTA platform available (set 'hibernate.transaction.jta.platform' to enable JTA platform integration)
2024-04-17 15:30:13.592 [ INFO] [           main] tainerEntityManagerFactoryBean : EntityManagerFactory : 437        : Initialized JPA EntityManagerFactory for persistence unit 'default'
2024-04-17 15:30:13.921 [ WARN] [           main] figuration$JpaWebConfiguration : gerInViewInterceptor : 232        : spring.jpa.open-in-view is enabled by default. Therefore, database queries may be performed during view rendering. Explicitly configure spring.jpa.open-in-view to disable this warning
2024-04-17 15:30:14.028 [ INFO] [           main] s.w.DefaultSecurityFilterChain : <init>               : 54         : Will secure any request with [org.springframework.security.web.session.DisableEncodeUrlFilter@30bfdcc5, org.springframework.security.web.context.request.async.WebAsyncManagerIntegrationFilter@1e9b0c92, org.springframework.security.web.context.SecurityContextHolderFilter@4f93a8f6, org.springframework.security.web.header.HeaderWriterFilter@2f09907, org.springframework.web.filter.CorsFilter@5bfeb9ba, org.springframework.security.web.authentication.logout.LogoutFilter@178c4480, org.springframework.security.oauth2.client.web.OAuth2AuthorizationRequestRedirectFilter@3052395d, org.springframework.security.oauth2.client.web.OAuth2LoginAuthenticationFilter@5fee3c9c, org.springframework.security.web.authentication.UsernamePasswordAuthenticationFilter@6bc8d8bd, org.springframework.security.web.savedrequest.RequestCacheAwareFilter@3fc2e100, org.springframework.security.web.servletapi.SecurityContextHolderAwareRequestFilter@31885b4b, org.springframework.security.web.authentication.AnonymousAuthenticationFilter@4cf1bd4a, org.springframework.security.web.access.ExceptionTranslationFilter@7dc9b41a, org.springframework.security.web.access.intercept.AuthorizationFilter@5c648e38]
2024-04-17 15:30:14.104 [ INFO] [           main] o.a.c.h.Http11NioProtocol      : log                  : 173        : Starting ProtocolHandler ["http-nio-9090"]
2024-04-17 15:30:14.114 [ INFO] [           main] c.i.s.ShoppingMallApplication  : logStarted           : 56         : Started ShoppingMallApplication in 1.769 seconds (process running for 2.123)
2024-04-17 15:30:15.369 [ INFO] [nio-9090-exec-1] o.a.c.c.C.[.[.[/]              : log                  : 173        : Initializing Spring DispatcherServlet 'dispatcherServlet'
2024-04-17 15:30:15.369 [ INFO] [nio-9090-exec-1] o.s.w.s.DispatcherServlet      : initServletBean      : 532        : Initializing Servlet 'dispatcherServlet'
2024-04-17 15:30:15.370 [ INFO] [nio-9090-exec-1] o.s.w.s.DispatcherServlet      : initServletBean      : 554        : Completed initialization in 1 ms
2024-04-17 15:30:36.110 [ INFO] [ionShutdownHook] tainerEntityManagerFactoryBean : destroy              : 650        : Closing JPA EntityManagerFactory for persistence unit 'default'
2024-04-17 15:30:36.111 [ INFO] [ionShutdownHook] c.z.h.HikariDataSource         : close                : 350        : HikariPool-1 - Shutdown initiated...
2024-04-17 15:30:36.113 [ INFO] [ionShutdownHook] c.z.h.HikariDataSource         : close                : 352        : HikariPool-1 - Shutdown completed.
2024-04-17 15:30:37.352 [ INFO] [kground-preinit] o.h.v.i.u.Version              : <clinit>             : 21         : HV000001: Hibernate Validator 8.0.1.Final
2024-04-17 15:30:37.391 [ INFO] [           main] c.i.s.ShoppingMallApplication  : logStarting          : 50         : Starting ShoppingMallApplication using Java 21.0.2 with PID 72186 (/Users/bagsuyeon/Desktop/Team_idle/target/classes started by bagsuyeon in /Users/bagsuyeon/Desktop/Team_idle)
2024-04-17 15:30:37.394 [ INFO] [           main] c.i.s.ShoppingMallApplication  : ogStartupProfileInfo : 654        : No active profile set, falling back to 1 default profile: "default"
2024-04-17 15:30:37.671 [ INFO] [           main] epositoryConfigurationDelegate : gisterRepositoriesIn : 139        : Bootstrapping Spring Data JPA repositories in DEFAULT mode.
2024-04-17 15:30:37.681 [ INFO] [           main] epositoryConfigurationDelegate : gisterRepositoriesIn : 208        : Finished Spring Data repository scanning in 7 ms. Found 0 JPA repository interfaces.
2024-04-17 15:30:37.852 [ INFO] [           main] o.a.c.h.Http11NioProtocol      : log                  : 173        : Initializing ProtocolHandler ["http-nio-9090"]
2024-04-17 15:30:37.853 [ INFO] [           main] o.a.c.c.StandardService        : log                  : 173        : Starting service [Tomcat]
2024-04-17 15:30:37.853 [ INFO] [           main] o.a.c.c.StandardEngine         : log                  : 173        : Starting Servlet engine: [Apache Tomcat/10.1.19]
2024-04-17 15:30:37.867 [ INFO] [           main] o.a.c.c.C.[.[.[/]              : log                  : 173        : Initializing Spring embedded WebApplicationContext
2024-04-17 15:30:37.923 [ INFO] [           main] c.z.h.HikariDataSource         : getConnection        : 110        : HikariPool-1 - Starting...
2024-04-17 15:30:38.247 [ INFO] [           main] c.z.h.p.HikariPool             : checkFailFast        : 565        : HikariPool-1 - Added connection com.mysql.cj.jdbc.ConnectionImpl@24a04257
2024-04-17 15:30:38.248 [ INFO] [           main] c.z.h.HikariDataSource         : getConnection        : 123        : HikariPool-1 - Start completed.
2024-04-17 15:30:38.263 [ INFO] [           main] o.h.j.i.u.LogHelper            : tenceUnitInformation : 31         : HHH000204: Processing PersistenceUnitInfo [name: default]
2024-04-17 15:30:38.285 [ INFO] [           main] o.h.Version                    : logVersion           : 44         : HHH000412: Hibernate ORM core version 6.4.4.Final
2024-04-17 15:30:38.299 [ INFO] [           main] o.h.c.i.RegionFactoryInitiator : initiateService      : 50         : HHH000026: Second-level cache disabled
2024-04-17 15:30:38.384 [ INFO] [           main] .j.p.SpringPersistenceUnitInfo : addTransformer       : 87         : No LoadTimeWeaver setup: ignoring JPA class transformer
2024-04-17 15:30:38.541 [ INFO] [           main] e.t.j.p.i.JtaPlatformInitiator : initiateService      : 58         : HHH000489: No JTA platform available (set 'hibernate.transaction.jta.platform' to enable JTA platform integration)
2024-04-17 15:30:38.543 [ INFO] [           main] tainerEntityManagerFactoryBean : EntityManagerFactory : 437        : Initialized JPA EntityManagerFactory for persistence unit 'default'
2024-04-17 15:30:38.871 [ WARN] [           main] figuration$JpaWebConfiguration : gerInViewInterceptor : 232        : spring.jpa.open-in-view is enabled by default. Therefore, database queries may be performed during view rendering. Explicitly configure spring.jpa.open-in-view to disable this warning
2024-04-17 15:30:38.976 [ INFO] [           main] s.w.DefaultSecurityFilterChain : <init>               : 54         : Will secure any request with [org.springframework.security.web.session.DisableEncodeUrlFilter@784c74e, org.springframework.security.web.context.request.async.WebAsyncManagerIntegrationFilter@5fee3c9c, org.springframework.security.web.context.SecurityContextHolderFilter@2f97e3de, org.springframework.security.web.header.HeaderWriterFilter@3b62c51e, org.springframework.web.filter.CorsFilter@7e577eed, org.springframework.security.web.authentication.logout.LogoutFilter@49994a4, org.springframework.security.oauth2.client.web.OAuth2AuthorizationRequestRedirectFilter@ae5d544, org.springframework.security.oauth2.client.web.OAuth2LoginAuthenticationFilter@14b9817b, org.springframework.security.web.authentication.UsernamePasswordAuthenticationFilter@5eed2edf, org.springframework.security.web.savedrequest.RequestCacheAwareFilter@6f53295e, org.springframework.security.web.servletapi.SecurityContextHolderAwareRequestFilter@5f8a29ca, org.springframework.security.web.authentication.AnonymousAuthenticationFilter@11a0c708, org.springframework.security.web.access.ExceptionTranslationFilter@5ed463b7, org.springframework.security.web.access.intercept.AuthorizationFilter@106ac5f4]
2024-04-17 15:30:39.050 [ INFO] [           main] o.a.c.h.Http11NioProtocol      : log                  : 173        : Starting ProtocolHandler ["http-nio-9090"]
2024-04-17 15:30:39.059 [ INFO] [           main] c.i.s.ShoppingMallApplication  : logStarted           : 56         : Started ShoppingMallApplication in 1.978 seconds (process running for 2.272)
2024-04-17 15:30:42.494 [ INFO] [nio-9090-exec-1] o.a.c.c.C.[.[.[/]              : log                  : 173        : Initializing Spring DispatcherServlet 'dispatcherServlet'
2024-04-17 15:30:42.494 [ INFO] [nio-9090-exec-1] o.s.w.s.DispatcherServlet      : initServletBean      : 532        : Initializing Servlet 'dispatcherServlet'
2024-04-17 15:30:42.496 [ INFO] [nio-9090-exec-1] o.s.w.s.DispatcherServlet      : initServletBean      : 554        : Completed initialization in 2 ms
2024-04-17 15:33:45.000 [ INFO] [ionShutdownHook] tainerEntityManagerFactoryBean : destroy              : 650        : Closing JPA EntityManagerFactory for persistence unit 'default'
2024-04-17 15:33:45.002 [ INFO] [ionShutdownHook] c.z.h.HikariDataSource         : close                : 350        : HikariPool-1 - Shutdown initiated...
2024-04-17 15:33:45.005 [ INFO] [ionShutdownHook] c.z.h.HikariDataSource         : close                : 352        : HikariPool-1 - Shutdown completed.
2024-04-17 15:33:46.297 [ INFO] [kground-preinit] o.h.v.i.u.Version              : <clinit>             : 21         : HV000001: Hibernate Validator 8.0.1.Final
2024-04-17 15:33:46.322 [ INFO] [           main] c.i.s.ShoppingMallApplication  : logStarting          : 50         : Starting ShoppingMallApplication using Java 21.0.2 with PID 72203 (/Users/bagsuyeon/Desktop/Team_idle/target/classes started by bagsuyeon in /Users/bagsuyeon/Desktop/Team_idle)
2024-04-17 15:33:46.323 [ INFO] [           main] c.i.s.ShoppingMallApplication  : ogStartupProfileInfo : 654        : No active profile set, falling back to 1 default profile: "default"
2024-04-17 15:33:46.674 [ INFO] [           main] epositoryConfigurationDelegate : gisterRepositoriesIn : 139        : Bootstrapping Spring Data JPA repositories in DEFAULT mode.
2024-04-17 15:33:46.684 [ INFO] [           main] epositoryConfigurationDelegate : gisterRepositoriesIn : 208        : Finished Spring Data repository scanning in 7 ms. Found 0 JPA repository interfaces.
2024-04-17 15:33:46.892 [ INFO] [           main] o.a.c.h.Http11NioProtocol      : log                  : 173        : Initializing ProtocolHandler ["http-nio-9090"]
2024-04-17 15:33:46.892 [ INFO] [           main] o.a.c.c.StandardService        : log                  : 173        : Starting service [Tomcat]
2024-04-17 15:33:46.892 [ INFO] [           main] o.a.c.c.StandardEngine         : log                  : 173        : Starting Servlet engine: [Apache Tomcat/10.1.19]
2024-04-17 15:33:46.914 [ INFO] [           main] o.a.c.c.C.[.[.[/]              : log                  : 173        : Initializing Spring embedded WebApplicationContext
2024-04-17 15:33:46.959 [ INFO] [           main] c.z.h.HikariDataSource         : getConnection        : 110        : HikariPool-1 - Starting...
2024-04-17 15:33:47.091 [ INFO] [           main] c.z.h.p.HikariPool             : checkFailFast        : 565        : HikariPool-1 - Added connection com.mysql.cj.jdbc.ConnectionImpl@66020d69
2024-04-17 15:33:47.091 [ INFO] [           main] c.z.h.HikariDataSource         : getConnection        : 123        : HikariPool-1 - Start completed.
2024-04-17 15:33:47.108 [ INFO] [           main] o.h.j.i.u.LogHelper            : tenceUnitInformation : 31         : HHH000204: Processing PersistenceUnitInfo [name: default]
2024-04-17 15:33:47.132 [ INFO] [           main] o.h.Version                    : logVersion           : 44         : HHH000412: Hibernate ORM core version 6.4.4.Final
2024-04-17 15:33:47.144 [ INFO] [           main] o.h.c.i.RegionFactoryInitiator : initiateService      : 50         : HHH000026: Second-level cache disabled
2024-04-17 15:33:47.223 [ INFO] [           main] .j.p.SpringPersistenceUnitInfo : addTransformer       : 87         : No LoadTimeWeaver setup: ignoring JPA class transformer
2024-04-17 15:33:47.388 [ INFO] [           main] e.t.j.p.i.JtaPlatformInitiator : initiateService      : 58         : HHH000489: No JTA platform available (set 'hibernate.transaction.jta.platform' to enable JTA platform integration)
2024-04-17 15:33:47.390 [ INFO] [           main] tainerEntityManagerFactoryBean : EntityManagerFactory : 437        : Initialized JPA EntityManagerFactory for persistence unit 'default'
2024-04-17 15:33:47.739 [ WARN] [           main] figuration$JpaWebConfiguration : gerInViewInterceptor : 232        : spring.jpa.open-in-view is enabled by default. Therefore, database queries may be performed during view rendering. Explicitly configure spring.jpa.open-in-view to disable this warning
2024-04-17 15:33:47.851 [ INFO] [           main] s.w.DefaultSecurityFilterChain : <init>               : 54         : Will secure any request with [org.springframework.security.web.session.DisableEncodeUrlFilter@4e3c0627, org.springframework.security.web.context.request.async.WebAsyncManagerIntegrationFilter@57f6fc09, org.springframework.security.web.context.SecurityContextHolderFilter@7a57c5d9, org.springframework.security.web.header.HeaderWriterFilter@723f8990, org.springframework.web.filter.CorsFilter@ae5d544, org.springframework.security.web.authentication.logout.LogoutFilter@1c618295, org.springframework.security.oauth2.client.web.OAuth2AuthorizationRequestRedirectFilter@60317de8, org.springframework.security.oauth2.client.web.OAuth2LoginAuthenticationFilter@3615f8d9, org.springframework.security.web.authentication.UsernamePasswordAuthenticationFilter@5980e29f, org.springframework.security.web.savedrequest.RequestCacheAwareFilter@2be208db, org.springframework.security.web.servletapi.SecurityContextHolderAwareRequestFilter@5ed463b7, org.springframework.security.web.authentication.AnonymousAuthenticationFilter@5aec151b, org.springframework.security.web.access.ExceptionTranslationFilter@1f207142, org.springframework.security.web.access.intercept.AuthorizationFilter@40da1644]
2024-04-17 15:33:47.930 [ INFO] [           main] o.a.c.h.Http11NioProtocol      : log                  : 173        : Starting ProtocolHandler ["http-nio-9090"]
2024-04-17 15:33:47.940 [ INFO] [           main] c.i.s.ShoppingMallApplication  : logStarted           : 56         : Started ShoppingMallApplication in 1.915 seconds (process running for 2.226)
2024-04-17 15:33:55.695 [ INFO] [nio-9090-exec-1] o.a.c.c.C.[.[.[/]              : log                  : 173        : Initializing Spring DispatcherServlet 'dispatcherServlet'
2024-04-17 15:33:55.696 [ INFO] [nio-9090-exec-1] o.s.w.s.DispatcherServlet      : initServletBean      : 532        : Initializing Servlet 'dispatcherServlet'
2024-04-17 15:33:55.697 [ INFO] [nio-9090-exec-1] o.s.w.s.DispatcherServlet      : initServletBean      : 554        : Completed initialization in 1 ms
2024-04-17 15:34:27.814 [ INFO] [ionShutdownHook] tainerEntityManagerFactoryBean : destroy              : 650        : Closing JPA EntityManagerFactory for persistence unit 'default'
2024-04-17 15:34:27.815 [ INFO] [ionShutdownHook] c.z.h.HikariDataSource         : close                : 350        : HikariPool-1 - Shutdown initiated...
2024-04-17 15:34:27.818 [ INFO] [ionShutdownHook] c.z.h.HikariDataSource         : close                : 352        : HikariPool-1 - Shutdown completed.
2024-04-17 15:34:29.047 [ INFO] [kground-preinit] o.h.v.i.u.Version              : <clinit>             : 21         : HV000001: Hibernate Validator 8.0.1.Final
2024-04-17 15:34:29.087 [ INFO] [           main] c.i.s.ShoppingMallApplication  : logStarting          : 50         : Starting ShoppingMallApplication using Java 21.0.2 with PID 72217 (/Users/bagsuyeon/Desktop/Team_idle/target/classes started by bagsuyeon in /Users/bagsuyeon/Desktop/Team_idle)
2024-04-17 15:34:29.099 [ INFO] [           main] c.i.s.ShoppingMallApplication  : ogStartupProfileInfo : 654        : No active profile set, falling back to 1 default profile: "default"
2024-04-17 15:34:29.394 [ INFO] [           main] epositoryConfigurationDelegate : gisterRepositoriesIn : 139        : Bootstrapping Spring Data JPA repositories in DEFAULT mode.
2024-04-17 15:34:29.405 [ INFO] [           main] epositoryConfigurationDelegate : gisterRepositoriesIn : 208        : Finished Spring Data repository scanning in 8 ms. Found 0 JPA repository interfaces.
2024-04-17 15:34:29.581 [ INFO] [           main] o.a.c.h.Http11NioProtocol      : log                  : 173        : Initializing ProtocolHandler ["http-nio-9090"]
2024-04-17 15:34:29.581 [ INFO] [           main] o.a.c.c.StandardService        : log                  : 173        : Starting service [Tomcat]
2024-04-17 15:34:29.581 [ INFO] [           main] o.a.c.c.StandardEngine         : log                  : 173        : Starting Servlet engine: [Apache Tomcat/10.1.19]
2024-04-17 15:34:29.597 [ INFO] [           main] o.a.c.c.C.[.[.[/]              : log                  : 173        : Initializing Spring embedded WebApplicationContext
2024-04-17 15:34:29.653 [ INFO] [           main] c.z.h.HikariDataSource         : getConnection        : 110        : HikariPool-1 - Starting...
2024-04-17 15:34:29.803 [ INFO] [           main] c.z.h.p.HikariPool             : checkFailFast        : 565        : HikariPool-1 - Added connection com.mysql.cj.jdbc.ConnectionImpl@4bf4680c
2024-04-17 15:34:29.804 [ INFO] [           main] c.z.h.HikariDataSource         : getConnection        : 123        : HikariPool-1 - Start completed.
2024-04-17 15:34:29.820 [ INFO] [           main] o.h.j.i.u.LogHelper            : tenceUnitInformation : 31         : HHH000204: Processing PersistenceUnitInfo [name: default]
2024-04-17 15:34:29.838 [ INFO] [           main] o.h.Version                    : logVersion           : 44         : HHH000412: Hibernate ORM core version 6.4.4.Final
2024-04-17 15:34:29.848 [ INFO] [           main] o.h.c.i.RegionFactoryInitiator : initiateService      : 50         : HHH000026: Second-level cache disabled
2024-04-17 15:34:29.912 [ INFO] [           main] .j.p.SpringPersistenceUnitInfo : addTransformer       : 87         : No LoadTimeWeaver setup: ignoring JPA class transformer
2024-04-17 15:34:30.082 [ INFO] [           main] e.t.j.p.i.JtaPlatformInitiator : initiateService      : 58         : HHH000489: No JTA platform available (set 'hibernate.transaction.jta.platform' to enable JTA platform integration)
2024-04-17 15:34:30.084 [ INFO] [           main] tainerEntityManagerFactoryBean : EntityManagerFactory : 437        : Initialized JPA EntityManagerFactory for persistence unit 'default'
2024-04-17 15:34:30.423 [ WARN] [           main] figuration$JpaWebConfiguration : gerInViewInterceptor : 232        : spring.jpa.open-in-view is enabled by default. Therefore, database queries may be performed during view rendering. Explicitly configure spring.jpa.open-in-view to disable this warning
2024-04-17 15:34:30.530 [ INFO] [           main] s.w.DefaultSecurityFilterChain : <init>               : 54         : Will secure any request with [org.springframework.security.web.session.DisableEncodeUrlFilter@11a0c708, org.springframework.security.web.context.request.async.WebAsyncManagerIntegrationFilter@30bfdcc5, org.springframework.security.web.context.SecurityContextHolderFilter@5f8a29ca, org.springframework.security.web.header.HeaderWriterFilter@2f97e3de, org.springframework.web.filter.CorsFilter@1e9b0c92, org.springframework.security.web.authentication.logout.LogoutFilter@5ff8d76f, org.springframework.security.oauth2.client.web.OAuth2AuthorizationRequestRedirectFilter@14b9817b, org.springframework.security.oauth2.client.web.OAuth2LoginAuthenticationFilter@784c74e, org.springframework.security.web.authentication.UsernamePasswordAuthenticationFilter@5c648e38, org.springframework.security.web.savedrequest.RequestCacheAwareFilter@492d38a2, org.springframework.security.web.servletapi.SecurityContextHolderAwareRequestFilter@3fc2e100, org.springframework.security.web.authentication.AnonymousAuthenticationFilter@5bfeb9ba, org.springframework.security.web.access.ExceptionTranslationFilter@7db679, org.springframework.security.web.access.intercept.AuthorizationFilter@1a67bde5]
2024-04-17 15:34:30.607 [ INFO] [           main] o.a.c.h.Http11NioProtocol      : log                  : 173        : Starting ProtocolHandler ["http-nio-9090"]
2024-04-17 15:34:30.617 [ INFO] [           main] c.i.s.ShoppingMallApplication  : logStarted           : 56         : Started ShoppingMallApplication in 1.838 seconds (process running for 2.13)
2024-04-17 15:34:32.008 [ INFO] [nio-9090-exec-1] o.a.c.c.C.[.[.[/]              : log                  : 173        : Initializing Spring DispatcherServlet 'dispatcherServlet'
2024-04-17 15:34:32.008 [ INFO] [nio-9090-exec-1] o.s.w.s.DispatcherServlet      : initServletBean      : 532        : Initializing Servlet 'dispatcherServlet'
2024-04-17 15:34:32.009 [ INFO] [nio-9090-exec-1] o.s.w.s.DispatcherServlet      : initServletBean      : 554        : Completed initialization in 1 ms
2024-04-17 15:34:48.341 [ INFO] [ionShutdownHook] tainerEntityManagerFactoryBean : destroy              : 650        : Closing JPA EntityManagerFactory for persistence unit 'default'
2024-04-17 15:34:48.342 [ INFO] [ionShutdownHook] c.z.h.HikariDataSource         : close                : 350        : HikariPool-1 - Shutdown initiated...
2024-04-17 15:34:48.345 [ INFO] [ionShutdownHook] c.z.h.HikariDataSource         : close                : 352        : HikariPool-1 - Shutdown completed.
2024-04-17 15:34:49.606 [ INFO] [kground-preinit] o.h.v.i.u.Version              : <clinit>             : 21         : HV000001: Hibernate Validator 8.0.1.Final
2024-04-17 15:34:49.637 [ INFO] [           main] c.i.s.ShoppingMallApplication  : logStarting          : 50         : Starting ShoppingMallApplication using Java 21.0.2 with PID 72227 (/Users/bagsuyeon/Desktop/Team_idle/target/classes started by bagsuyeon in /Users/bagsuyeon/Desktop/Team_idle)
2024-04-17 15:34:49.639 [ INFO] [           main] c.i.s.ShoppingMallApplication  : ogStartupProfileInfo : 654        : No active profile set, falling back to 1 default profile: "default"
2024-04-17 15:34:49.936 [ INFO] [           main] epositoryConfigurationDelegate : gisterRepositoriesIn : 139        : Bootstrapping Spring Data JPA repositories in DEFAULT mode.
2024-04-17 15:34:49.946 [ INFO] [           main] epositoryConfigurationDelegate : gisterRepositoriesIn : 208        : Finished Spring Data repository scanning in 8 ms. Found 0 JPA repository interfaces.
2024-04-17 15:34:50.118 [ INFO] [           main] o.a.c.h.Http11NioProtocol      : log                  : 173        : Initializing ProtocolHandler ["http-nio-9090"]
2024-04-17 15:34:50.118 [ INFO] [           main] o.a.c.c.StandardService        : log                  : 173        : Starting service [Tomcat]
2024-04-17 15:34:50.118 [ INFO] [           main] o.a.c.c.StandardEngine         : log                  : 173        : Starting Servlet engine: [Apache Tomcat/10.1.19]
2024-04-17 15:34:50.133 [ INFO] [           main] o.a.c.c.C.[.[.[/]              : log                  : 173        : Initializing Spring embedded WebApplicationContext
2024-04-17 15:34:50.187 [ INFO] [           main] c.z.h.HikariDataSource         : getConnection        : 110        : HikariPool-1 - Starting...
2024-04-17 15:34:50.351 [ INFO] [           main] c.z.h.p.HikariPool             : checkFailFast        : 565        : HikariPool-1 - Added connection com.mysql.cj.jdbc.ConnectionImpl@24a04257
2024-04-17 15:34:50.351 [ INFO] [           main] c.z.h.HikariDataSource         : getConnection        : 123        : HikariPool-1 - Start completed.
2024-04-17 15:34:50.368 [ INFO] [           main] o.h.j.i.u.LogHelper            : tenceUnitInformation : 31         : HHH000204: Processing PersistenceUnitInfo [name: default]
2024-04-17 15:34:50.386 [ INFO] [           main] o.h.Version                    : logVersion           : 44         : HHH000412: Hibernate ORM core version 6.4.4.Final
2024-04-17 15:34:50.396 [ INFO] [           main] o.h.c.i.RegionFactoryInitiator : initiateService      : 50         : HHH000026: Second-level cache disabled
2024-04-17 15:34:50.462 [ INFO] [           main] .j.p.SpringPersistenceUnitInfo : addTransformer       : 87         : No LoadTimeWeaver setup: ignoring JPA class transformer
2024-04-17 15:34:50.637 [ INFO] [           main] e.t.j.p.i.JtaPlatformInitiator : initiateService      : 58         : HHH000489: No JTA platform available (set 'hibernate.transaction.jta.platform' to enable JTA platform integration)
2024-04-17 15:34:50.639 [ INFO] [           main] tainerEntityManagerFactoryBean : EntityManagerFactory : 437        : Initialized JPA EntityManagerFactory for persistence unit 'default'
2024-04-17 15:34:50.964 [ WARN] [           main] figuration$JpaWebConfiguration : gerInViewInterceptor : 232        : spring.jpa.open-in-view is enabled by default. Therefore, database queries may be performed during view rendering. Explicitly configure spring.jpa.open-in-view to disable this warning
2024-04-17 15:34:51.070 [ INFO] [           main] s.w.DefaultSecurityFilterChain : <init>               : 54         : Will secure any request with [org.springframework.security.web.session.DisableEncodeUrlFilter@a2ca681, org.springframework.security.web.context.request.async.WebAsyncManagerIntegrationFilter@784c74e, org.springframework.security.web.context.SecurityContextHolderFilter@7dc9b41a, org.springframework.security.web.header.HeaderWriterFilter@1ae90cb9, org.springframework.web.filter.CorsFilter@5fee3c9c, org.springframework.security.web.authentication.logout.LogoutFilter@2468c0e4, org.springframework.security.oauth2.client.web.OAuth2AuthorizationRequestRedirectFilter@57f6fc09, org.springframework.security.oauth2.client.web.OAuth2LoginAuthenticationFilter@74cf2d5f, org.springframework.security.web.authentication.UsernamePasswordAuthenticationFilter@106ac5f4, org.springframework.security.web.savedrequest.RequestCacheAwareFilter@2f09907, org.springframework.security.web.servletapi.SecurityContextHolderAwareRequestFilter@6f53295e, org.springframework.security.web.authentication.AnonymousAuthenticationFilter@7e577eed, org.springframework.security.web.access.ExceptionTranslationFilter@2be208db, org.springframework.security.web.access.intercept.AuthorizationFilter@54816d7a]
2024-04-17 15:34:51.146 [ INFO] [           main] o.a.c.h.Http11NioProtocol      : log                  : 173        : Starting ProtocolHandler ["http-nio-9090"]
2024-04-17 15:34:51.155 [ INFO] [           main] c.i.s.ShoppingMallApplication  : logStarted           : 56         : Started ShoppingMallApplication in 1.818 seconds (process running for 2.106)
2024-04-17 15:34:52.155 [ INFO] [nio-9090-exec-1] o.a.c.c.C.[.[.[/]              : log                  : 173        : Initializing Spring DispatcherServlet 'dispatcherServlet'
2024-04-17 15:34:52.155 [ INFO] [nio-9090-exec-1] o.s.w.s.DispatcherServlet      : initServletBean      : 532        : Initializing Servlet 'dispatcherServlet'
2024-04-17 15:34:52.157 [ INFO] [nio-9090-exec-1] o.s.w.s.DispatcherServlet      : initServletBean      : 554        : Completed initialization in 2 ms
2024-04-17 15:35:16.615 [ INFO] [ionShutdownHook] tainerEntityManagerFactoryBean : destroy              : 650        : Closing JPA EntityManagerFactory for persistence unit 'default'
2024-04-17 15:35:16.616 [ INFO] [ionShutdownHook] c.z.h.HikariDataSource         : close                : 350        : HikariPool-1 - Shutdown initiated...
2024-04-17 15:35:16.619 [ INFO] [ionShutdownHook] c.z.h.HikariDataSource         : close                : 352        : HikariPool-1 - Shutdown completed.
2024-04-17 15:35:17.920 [ INFO] [kground-preinit] o.h.v.i.u.Version              : <clinit>             : 21         : HV000001: Hibernate Validator 8.0.1.Final
2024-04-17 15:35:17.930 [ INFO] [           main] c.i.s.ShoppingMallApplication  : logStarting          : 50         : Starting ShoppingMallApplication using Java 21.0.2 with PID 72236 (/Users/bagsuyeon/Desktop/Team_idle/target/classes started by bagsuyeon in /Users/bagsuyeon/Desktop/Team_idle)
2024-04-17 15:35:17.931 [ INFO] [           main] c.i.s.ShoppingMallApplication  : ogStartupProfileInfo : 654        : No active profile set, falling back to 1 default profile: "default"
2024-04-17 15:35:18.171 [ INFO] [           main] epositoryConfigurationDelegate : gisterRepositoriesIn : 139        : Bootstrapping Spring Data JPA repositories in DEFAULT mode.
2024-04-17 15:35:18.182 [ INFO] [           main] epositoryConfigurationDelegate : gisterRepositoriesIn : 208        : Finished Spring Data repository scanning in 8 ms. Found 0 JPA repository interfaces.
2024-04-17 15:35:18.360 [ INFO] [           main] o.a.c.h.Http11NioProtocol      : log                  : 173        : Initializing ProtocolHandler ["http-nio-9090"]
2024-04-17 15:35:18.361 [ INFO] [           main] o.a.c.c.StandardService        : log                  : 173        : Starting service [Tomcat]
2024-04-17 15:35:18.361 [ INFO] [           main] o.a.c.c.StandardEngine         : log                  : 173        : Starting Servlet engine: [Apache Tomcat/10.1.19]
2024-04-17 15:35:18.376 [ INFO] [           main] o.a.c.c.C.[.[.[/]              : log                  : 173        : Initializing Spring embedded WebApplicationContext
2024-04-17 15:35:18.430 [ INFO] [           main] c.z.h.HikariDataSource         : getConnection        : 110        : HikariPool-1 - Starting...
2024-04-17 15:35:18.557 [ INFO] [           main] c.z.h.p.HikariPool             : checkFailFast        : 565        : HikariPool-1 - Added connection com.mysql.cj.jdbc.ConnectionImpl@177ede17
2024-04-17 15:35:18.558 [ INFO] [           main] c.z.h.HikariDataSource         : getConnection        : 123        : HikariPool-1 - Start completed.
2024-04-17 15:35:18.572 [ INFO] [           main] o.h.j.i.u.LogHelper            : tenceUnitInformation : 31         : HHH000204: Processing PersistenceUnitInfo [name: default]
2024-04-17 15:35:18.590 [ INFO] [           main] o.h.Version                    : logVersion           : 44         : HHH000412: Hibernate ORM core version 6.4.4.Final
2024-04-17 15:35:18.600 [ INFO] [           main] o.h.c.i.RegionFactoryInitiator : initiateService      : 50         : HHH000026: Second-level cache disabled
2024-04-17 15:35:18.668 [ INFO] [           main] .j.p.SpringPersistenceUnitInfo : addTransformer       : 87         : No LoadTimeWeaver setup: ignoring JPA class transformer
2024-04-17 15:35:18.832 [ INFO] [           main] e.t.j.p.i.JtaPlatformInitiator : initiateService      : 58         : HHH000489: No JTA platform available (set 'hibernate.transaction.jta.platform' to enable JTA platform integration)
2024-04-17 15:35:18.834 [ INFO] [           main] tainerEntityManagerFactoryBean : EntityManagerFactory : 437        : Initialized JPA EntityManagerFactory for persistence unit 'default'
2024-04-17 15:35:19.166 [ WARN] [           main] figuration$JpaWebConfiguration : gerInViewInterceptor : 232        : spring.jpa.open-in-view is enabled by default. Therefore, database queries may be performed during view rendering. Explicitly configure spring.jpa.open-in-view to disable this warning
2024-04-17 15:35:19.269 [ INFO] [           main] s.w.DefaultSecurityFilterChain : <init>               : 54         : Will secure any request with [org.springframework.security.web.session.DisableEncodeUrlFilter@30bfdcc5, org.springframework.security.web.context.request.async.WebAsyncManagerIntegrationFilter@1e9b0c92, org.springframework.security.web.context.SecurityContextHolderFilter@4f93a8f6, org.springframework.security.web.header.HeaderWriterFilter@2f09907, org.springframework.web.filter.CorsFilter@5bfeb9ba, org.springframework.security.web.authentication.logout.LogoutFilter@178c4480, org.springframework.security.oauth2.client.web.OAuth2AuthorizationRequestRedirectFilter@3052395d, org.springframework.security.oauth2.client.web.OAuth2LoginAuthenticationFilter@5fee3c9c, org.springframework.security.web.authentication.UsernamePasswordAuthenticationFilter@6bc8d8bd, org.springframework.security.web.savedrequest.RequestCacheAwareFilter@3fc2e100, org.springframework.security.web.servletapi.SecurityContextHolderAwareRequestFilter@31885b4b, org.springframework.security.web.authentication.AnonymousAuthenticationFilter@4cf1bd4a, org.springframework.security.web.access.ExceptionTranslationFilter@7dc9b41a, org.springframework.security.web.access.intercept.AuthorizationFilter@5c648e38]
2024-04-17 15:35:19.351 [ INFO] [           main] o.a.c.h.Http11NioProtocol      : log                  : 173        : Starting ProtocolHandler ["http-nio-9090"]
2024-04-17 15:35:19.361 [ INFO] [           main] c.i.s.ShoppingMallApplication  : logStarted           : 56         : Started ShoppingMallApplication in 1.559 seconds (process running for 2.093)
2024-04-17 15:35:21.090 [ INFO] [nio-9090-exec-1] o.a.c.c.C.[.[.[/]              : log                  : 173        : Initializing Spring DispatcherServlet 'dispatcherServlet'
2024-04-17 15:35:21.091 [ INFO] [nio-9090-exec-1] o.s.w.s.DispatcherServlet      : initServletBean      : 532        : Initializing Servlet 'dispatcherServlet'
2024-04-17 15:35:21.092 [ INFO] [nio-9090-exec-1] o.s.w.s.DispatcherServlet      : initServletBean      : 554        : Completed initialization in 1 ms
2024-04-17 15:36:59.482 [ INFO] [ionShutdownHook] tainerEntityManagerFactoryBean : destroy              : 650        : Closing JPA EntityManagerFactory for persistence unit 'default'
2024-04-17 15:36:59.484 [ INFO] [ionShutdownHook] c.z.h.HikariDataSource         : close                : 350        : HikariPool-1 - Shutdown initiated...
2024-04-17 15:36:59.487 [ INFO] [ionShutdownHook] c.z.h.HikariDataSource         : close                : 352        : HikariPool-1 - Shutdown completed.
2024-04-17 15:37:02.875 [ INFO] [kground-preinit] o.h.v.i.u.Version              : <clinit>             : 21         : HV000001: Hibernate Validator 8.0.1.Final
2024-04-17 15:37:02.885 [ INFO] [           main] c.i.s.ShoppingMallApplication  : logStarting          : 50         : Starting ShoppingMallApplication using Java 21.0.2 with PID 72278 (/Users/bagsuyeon/Desktop/Team_idle/target/classes started by bagsuyeon in /Users/bagsuyeon/Desktop/Team_idle)
2024-04-17 15:37:02.886 [ INFO] [           main] c.i.s.ShoppingMallApplication  : ogStartupProfileInfo : 654        : No active profile set, falling back to 1 default profile: "default"
2024-04-17 15:37:03.201 [ INFO] [           main] epositoryConfigurationDelegate : gisterRepositoriesIn : 139        : Bootstrapping Spring Data JPA repositories in DEFAULT mode.
2024-04-17 15:37:03.211 [ INFO] [           main] epositoryConfigurationDelegate : gisterRepositoriesIn : 208        : Finished Spring Data repository scanning in 7 ms. Found 0 JPA repository interfaces.
2024-04-17 15:37:03.404 [ INFO] [           main] o.a.c.h.Http11NioProtocol      : log                  : 173        : Initializing ProtocolHandler ["http-nio-9090"]
2024-04-17 15:37:03.404 [ INFO] [           main] o.a.c.c.StandardService        : log                  : 173        : Starting service [Tomcat]
2024-04-17 15:37:03.405 [ INFO] [           main] o.a.c.c.StandardEngine         : log                  : 173        : Starting Servlet engine: [Apache Tomcat/10.1.19]
2024-04-17 15:37:03.421 [ INFO] [           main] o.a.c.c.C.[.[.[/]              : log                  : 173        : Initializing Spring embedded WebApplicationContext
2024-04-17 15:37:03.473 [ INFO] [           main] c.z.h.HikariDataSource         : getConnection        : 110        : HikariPool-1 - Starting...
2024-04-17 15:37:03.886 [ INFO] [           main] c.z.h.p.HikariPool             : checkFailFast        : 565        : HikariPool-1 - Added connection com.mysql.cj.jdbc.ConnectionImpl@1201769d
2024-04-17 15:37:03.890 [ INFO] [           main] c.z.h.HikariDataSource         : getConnection        : 123        : HikariPool-1 - Start completed.
2024-04-17 15:37:03.930 [ INFO] [           main] o.h.j.i.u.LogHelper            : tenceUnitInformation : 31         : HHH000204: Processing PersistenceUnitInfo [name: default]
2024-04-17 15:37:03.960 [ INFO] [           main] o.h.Version                    : logVersion           : 44         : HHH000412: Hibernate ORM core version 6.4.4.Final
2024-04-17 15:37:03.973 [ INFO] [           main] o.h.c.i.RegionFactoryInitiator : initiateService      : 50         : HHH000026: Second-level cache disabled
2024-04-17 15:37:04.044 [ INFO] [           main] .j.p.SpringPersistenceUnitInfo : addTransformer       : 87         : No LoadTimeWeaver setup: ignoring JPA class transformer
2024-04-17 15:37:04.215 [ INFO] [           main] e.t.j.p.i.JtaPlatformInitiator : initiateService      : 58         : HHH000489: No JTA platform available (set 'hibernate.transaction.jta.platform' to enable JTA platform integration)
2024-04-17 15:37:04.216 [ INFO] [           main] tainerEntityManagerFactoryBean : EntityManagerFactory : 437        : Initialized JPA EntityManagerFactory for persistence unit 'default'
2024-04-17 15:37:04.562 [ WARN] [           main] figuration$JpaWebConfiguration : gerInViewInterceptor : 232        : spring.jpa.open-in-view is enabled by default. Therefore, database queries may be performed during view rendering. Explicitly configure spring.jpa.open-in-view to disable this warning
2024-04-17 15:37:04.665 [ INFO] [           main] s.w.DefaultSecurityFilterChain : <init>               : 54         : Will secure any request with [org.springframework.security.web.session.DisableEncodeUrlFilter@80b70fd, org.springframework.security.web.context.request.async.WebAsyncManagerIntegrationFilter@5af7e2f, org.springframework.security.web.context.SecurityContextHolderFilter@40da1644, org.springframework.security.web.header.HeaderWriterFilter@5ff8d76f, org.springframework.web.filter.CorsFilter@2df24f19, org.springframework.security.web.authentication.logout.LogoutFilter@363e2009, org.springframework.security.oauth2.client.web.OAuth2AuthorizationRequestRedirectFilter@411576c7, org.springframework.security.oauth2.client.web.OAuth2LoginAuthenticationFilter@795e8ef5, org.springframework.security.web.authentication.UsernamePasswordAuthenticationFilter@7e577eed, org.springframework.security.web.savedrequest.RequestCacheAwareFilter@2cdd156b, org.springframework.security.web.servletapi.SecurityContextHolderAwareRequestFilter@487bc2fe, org.springframework.security.web.authentication.AnonymousAuthenticationFilter@c76762, org.springframework.security.web.access.ExceptionTranslationFilter@1a82453, org.springframework.security.web.access.intercept.AuthorizationFilter@5fee3c9c]
2024-04-17 15:37:04.744 [ INFO] [           main] o.a.c.h.Http11NioProtocol      : log                  : 173        : Starting ProtocolHandler ["http-nio-9090"]
2024-04-17 15:37:04.754 [ INFO] [           main] c.i.s.ShoppingMallApplication  : logStarted           : 56         : Started ShoppingMallApplication in 2.009 seconds (process running for 2.319)
2024-04-17 15:37:07.446 [ INFO] [nio-9090-exec-1] o.a.c.c.C.[.[.[/]              : log                  : 173        : Initializing Spring DispatcherServlet 'dispatcherServlet'
2024-04-17 15:37:07.446 [ INFO] [nio-9090-exec-1] o.s.w.s.DispatcherServlet      : initServletBean      : 532        : Initializing Servlet 'dispatcherServlet'
2024-04-17 15:37:07.448 [ INFO] [nio-9090-exec-1] o.s.w.s.DispatcherServlet      : initServletBean      : 554        : Completed initialization in 2 ms
2024-04-17 15:38:23.490 [ INFO] [ionShutdownHook] tainerEntityManagerFactoryBean : destroy              : 650        : Closing JPA EntityManagerFactory for persistence unit 'default'
2024-04-17 15:38:23.491 [ INFO] [ionShutdownHook] c.z.h.HikariDataSource         : close                : 350        : HikariPool-1 - Shutdown initiated...
2024-04-17 15:38:23.494 [ INFO] [ionShutdownHook] c.z.h.HikariDataSource         : close                : 352        : HikariPool-1 - Shutdown completed.
2024-04-17 15:38:24.685 [ INFO] [kground-preinit] o.h.v.i.u.Version              : <clinit>             : 21         : HV000001: Hibernate Validator 8.0.1.Final
2024-04-17 15:38:24.694 [ INFO] [           main] c.i.s.ShoppingMallApplication  : logStarting          : 50         : Starting ShoppingMallApplication using Java 21.0.2 with PID 72294 (/Users/bagsuyeon/Desktop/Team_idle/target/classes started by bagsuyeon in /Users/bagsuyeon/Desktop/Team_idle)
2024-04-17 15:38:24.695 [ INFO] [           main] c.i.s.ShoppingMallApplication  : ogStartupProfileInfo : 654        : No active profile set, falling back to 1 default profile: "default"
2024-04-17 15:38:24.964 [ INFO] [           main] epositoryConfigurationDelegate : gisterRepositoriesIn : 139        : Bootstrapping Spring Data JPA repositories in DEFAULT mode.
2024-04-17 15:38:24.975 [ INFO] [           main] epositoryConfigurationDelegate : gisterRepositoriesIn : 208        : Finished Spring Data repository scanning in 7 ms. Found 0 JPA repository interfaces.
2024-04-17 15:38:25.153 [ INFO] [           main] o.a.c.h.Http11NioProtocol      : log                  : 173        : Initializing ProtocolHandler ["http-nio-9090"]
2024-04-17 15:38:25.154 [ INFO] [           main] o.a.c.c.StandardService        : log                  : 173        : Starting service [Tomcat]
2024-04-17 15:38:25.154 [ INFO] [           main] o.a.c.c.StandardEngine         : log                  : 173        : Starting Servlet engine: [Apache Tomcat/10.1.19]
2024-04-17 15:38:25.169 [ INFO] [           main] o.a.c.c.C.[.[.[/]              : log                  : 173        : Initializing Spring embedded WebApplicationContext
2024-04-17 15:38:25.224 [ INFO] [           main] c.z.h.HikariDataSource         : getConnection        : 110        : HikariPool-1 - Starting...
2024-04-17 15:38:25.383 [ INFO] [           main] c.z.h.p.HikariPool             : checkFailFast        : 565        : HikariPool-1 - Added connection com.mysql.cj.jdbc.ConnectionImpl@1aedf08d
2024-04-17 15:38:25.383 [ INFO] [           main] c.z.h.HikariDataSource         : getConnection        : 123        : HikariPool-1 - Start completed.
2024-04-17 15:38:25.400 [ INFO] [           main] o.h.j.i.u.LogHelper            : tenceUnitInformation : 31         : HHH000204: Processing PersistenceUnitInfo [name: default]
2024-04-17 15:38:25.422 [ INFO] [           main] o.h.Version                    : logVersion           : 44         : HHH000412: Hibernate ORM core version 6.4.4.Final
2024-04-17 15:38:25.434 [ INFO] [           main] o.h.c.i.RegionFactoryInitiator : initiateService      : 50         : HHH000026: Second-level cache disabled
2024-04-17 15:38:25.510 [ INFO] [           main] .j.p.SpringPersistenceUnitInfo : addTransformer       : 87         : No LoadTimeWeaver setup: ignoring JPA class transformer
2024-04-17 15:38:25.701 [ INFO] [           main] e.t.j.p.i.JtaPlatformInitiator : initiateService      : 58         : HHH000489: No JTA platform available (set 'hibernate.transaction.jta.platform' to enable JTA platform integration)
2024-04-17 15:38:25.702 [ INFO] [           main] tainerEntityManagerFactoryBean : EntityManagerFactory : 437        : Initialized JPA EntityManagerFactory for persistence unit 'default'
2024-04-17 15:38:26.048 [ WARN] [           main] figuration$JpaWebConfiguration : gerInViewInterceptor : 232        : spring.jpa.open-in-view is enabled by default. Therefore, database queries may be performed during view rendering. Explicitly configure spring.jpa.open-in-view to disable this warning
2024-04-17 15:38:26.160 [ INFO] [           main] s.w.DefaultSecurityFilterChain : <init>               : 54         : Will secure any request with [org.springframework.security.web.session.DisableEncodeUrlFilter@45bbb3e8, org.springframework.security.web.context.request.async.WebAsyncManagerIntegrationFilter@795e8ef5, org.springframework.security.web.context.SecurityContextHolderFilter@3df54fd5, org.springframework.security.web.header.HeaderWriterFilter@2468c0e4, org.springframework.web.filter.CorsFilter@13976c57, org.springframework.security.web.authentication.logout.LogoutFilter@15af06f, org.springframework.security.oauth2.client.web.OAuth2AuthorizationRequestRedirectFilter@1196537d, org.springframework.security.oauth2.client.web.OAuth2LoginAuthenticationFilter@623bdc46, org.springframework.security.web.authentication.UsernamePasswordAuthenticationFilter@3052395d, org.springframework.security.web.savedrequest.RequestCacheAwareFilter@178c4480, org.springframework.security.web.servletapi.SecurityContextHolderAwareRequestFilter@5746609e, org.springframework.security.web.authentication.AnonymousAuthenticationFilter@10b7b5f0, org.springframework.security.web.access.ExceptionTranslationFilter@39179470, org.springframework.security.web.access.intercept.AuthorizationFilter@14b9817b]
2024-04-17 15:38:26.241 [ INFO] [           main] o.a.c.h.Http11NioProtocol      : log                  : 173        : Starting ProtocolHandler ["http-nio-9090"]
2024-04-17 15:38:26.251 [ INFO] [           main] c.i.s.ShoppingMallApplication  : logStarted           : 56         : Started ShoppingMallApplication in 1.788 seconds (process running for 2.089)
2024-04-17 15:38:30.642 [ INFO] [nio-9090-exec-1] o.a.c.c.C.[.[.[/]              : log                  : 173        : Initializing Spring DispatcherServlet 'dispatcherServlet'
2024-04-17 15:38:30.642 [ INFO] [nio-9090-exec-1] o.s.w.s.DispatcherServlet      : initServletBean      : 532        : Initializing Servlet 'dispatcherServlet'
2024-04-17 15:38:30.643 [ INFO] [nio-9090-exec-1] o.s.w.s.DispatcherServlet      : initServletBean      : 554        : Completed initialization in 1 ms
2024-04-17 15:38:55.808 [ INFO] [ionShutdownHook] tainerEntityManagerFactoryBean : destroy              : 650        : Closing JPA EntityManagerFactory for persistence unit 'default'
2024-04-17 15:38:55.809 [ INFO] [ionShutdownHook] c.z.h.HikariDataSource         : close                : 350        : HikariPool-1 - Shutdown initiated...
2024-04-17 15:38:55.812 [ INFO] [ionShutdownHook] c.z.h.HikariDataSource         : close                : 352        : HikariPool-1 - Shutdown completed.
2024-04-17 15:38:57.060 [ INFO] [kground-preinit] o.h.v.i.u.Version              : <clinit>             : 21         : HV000001: Hibernate Validator 8.0.1.Final
2024-04-17 15:38:57.071 [ INFO] [           main] c.i.s.ShoppingMallApplication  : logStarting          : 50         : Starting ShoppingMallApplication using Java 21.0.2 with PID 72303 (/Users/bagsuyeon/Desktop/Team_idle/target/classes started by bagsuyeon in /Users/bagsuyeon/Desktop/Team_idle)
2024-04-17 15:38:57.072 [ INFO] [           main] c.i.s.ShoppingMallApplication  : ogStartupProfileInfo : 654        : No active profile set, falling back to 1 default profile: "default"
2024-04-17 15:38:57.337 [ INFO] [           main] epositoryConfigurationDelegate : gisterRepositoriesIn : 139        : Bootstrapping Spring Data JPA repositories in DEFAULT mode.
2024-04-17 15:38:57.357 [ INFO] [           main] epositoryConfigurationDelegate : gisterRepositoriesIn : 208        : Finished Spring Data repository scanning in 17 ms. Found 0 JPA repository interfaces.
2024-04-17 15:38:57.535 [ INFO] [           main] o.a.c.h.Http11NioProtocol      : log                  : 173        : Initializing ProtocolHandler ["http-nio-9090"]
2024-04-17 15:38:57.536 [ INFO] [           main] o.a.c.c.StandardService        : log                  : 173        : Starting service [Tomcat]
2024-04-17 15:38:57.536 [ INFO] [           main] o.a.c.c.StandardEngine         : log                  : 173        : Starting Servlet engine: [Apache Tomcat/10.1.19]
2024-04-17 15:38:57.553 [ INFO] [           main] o.a.c.c.C.[.[.[/]              : log                  : 173        : Initializing Spring embedded WebApplicationContext
2024-04-17 15:38:57.608 [ INFO] [           main] c.z.h.HikariDataSource         : getConnection        : 110        : HikariPool-1 - Starting...
2024-04-17 15:38:58.056 [ INFO] [           main] c.z.h.p.HikariPool             : checkFailFast        : 565        : HikariPool-1 - Added connection com.mysql.cj.jdbc.ConnectionImpl@177ede17
2024-04-17 15:38:58.059 [ INFO] [           main] c.z.h.HikariDataSource         : getConnection        : 123        : HikariPool-1 - Start completed.
2024-04-17 15:38:58.090 [ INFO] [           main] o.h.j.i.u.LogHelper            : tenceUnitInformation : 31         : HHH000204: Processing PersistenceUnitInfo [name: default]
2024-04-17 15:38:58.117 [ INFO] [           main] o.h.Version                    : logVersion           : 44         : HHH000412: Hibernate ORM core version 6.4.4.Final
2024-04-17 15:38:58.130 [ INFO] [           main] o.h.c.i.RegionFactoryInitiator : initiateService      : 50         : HHH000026: Second-level cache disabled
2024-04-17 15:38:58.206 [ INFO] [           main] .j.p.SpringPersistenceUnitInfo : addTransformer       : 87         : No LoadTimeWeaver setup: ignoring JPA class transformer
2024-04-17 15:38:58.384 [ INFO] [           main] e.t.j.p.i.JtaPlatformInitiator : initiateService      : 58         : HHH000489: No JTA platform available (set 'hibernate.transaction.jta.platform' to enable JTA platform integration)
2024-04-17 15:38:58.385 [ INFO] [           main] tainerEntityManagerFactoryBean : EntityManagerFactory : 437        : Initialized JPA EntityManagerFactory for persistence unit 'default'
2024-04-17 15:38:58.731 [ WARN] [           main] figuration$JpaWebConfiguration : gerInViewInterceptor : 232        : spring.jpa.open-in-view is enabled by default. Therefore, database queries may be performed during view rendering. Explicitly configure spring.jpa.open-in-view to disable this warning
2024-04-17 15:38:58.842 [ INFO] [           main] s.w.DefaultSecurityFilterChain : <init>               : 54         : Will secure any request with [org.springframework.security.web.session.DisableEncodeUrlFilter@30bfdcc5, org.springframework.security.web.context.request.async.WebAsyncManagerIntegrationFilter@1e9b0c92, org.springframework.security.web.context.SecurityContextHolderFilter@4f93a8f6, org.springframework.security.web.header.HeaderWriterFilter@2f09907, org.springframework.web.filter.CorsFilter@5bfeb9ba, org.springframework.security.web.authentication.logout.LogoutFilter@178c4480, org.springframework.security.oauth2.client.web.OAuth2AuthorizationRequestRedirectFilter@3052395d, org.springframework.security.oauth2.client.web.OAuth2LoginAuthenticationFilter@5fee3c9c, org.springframework.security.web.authentication.UsernamePasswordAuthenticationFilter@6bc8d8bd, org.springframework.security.web.savedrequest.RequestCacheAwareFilter@3fc2e100, org.springframework.security.web.servletapi.SecurityContextHolderAwareRequestFilter@31885b4b, org.springframework.security.web.authentication.AnonymousAuthenticationFilter@4cf1bd4a, org.springframework.security.web.access.ExceptionTranslationFilter@7dc9b41a, org.springframework.security.web.access.intercept.AuthorizationFilter@5c648e38]
2024-04-17 15:38:58.923 [ INFO] [           main] o.a.c.h.Http11NioProtocol      : log                  : 173        : Starting ProtocolHandler ["http-nio-9090"]
2024-04-17 15:38:58.933 [ INFO] [           main] c.i.s.ShoppingMallApplication  : logStarted           : 56         : Started ShoppingMallApplication in 2.1 seconds (process running for 2.416)
2024-04-17 15:39:01.020 [ INFO] [nio-9090-exec-1] o.a.c.c.C.[.[.[/]              : log                  : 173        : Initializing Spring DispatcherServlet 'dispatcherServlet'
2024-04-17 15:39:01.020 [ INFO] [nio-9090-exec-1] o.s.w.s.DispatcherServlet      : initServletBean      : 532        : Initializing Servlet 'dispatcherServlet'
2024-04-17 15:39:01.021 [ INFO] [nio-9090-exec-1] o.s.w.s.DispatcherServlet      : initServletBean      : 554        : Completed initialization in 1 ms
2024-04-17 15:40:18.795 [ INFO] [ionShutdownHook] tainerEntityManagerFactoryBean : destroy              : 650        : Closing JPA EntityManagerFactory for persistence unit 'default'
2024-04-17 15:40:18.797 [ INFO] [ionShutdownHook] c.z.h.HikariDataSource         : close                : 350        : HikariPool-1 - Shutdown initiated...
2024-04-17 15:40:18.800 [ INFO] [ionShutdownHook] c.z.h.HikariDataSource         : close                : 352        : HikariPool-1 - Shutdown completed.
2024-04-17 15:40:20.045 [ INFO] [kground-preinit] o.h.v.i.u.Version              : <clinit>             : 21         : HV000001: Hibernate Validator 8.0.1.Final
2024-04-17 15:40:20.069 [ INFO] [           main] c.i.s.ShoppingMallApplication  : logStarting          : 50         : Starting ShoppingMallApplication using Java 21.0.2 with PID 72316 (/Users/bagsuyeon/Desktop/Team_idle/target/classes started by bagsuyeon in /Users/bagsuyeon/Desktop/Team_idle)
2024-04-17 15:40:20.071 [ INFO] [           main] c.i.s.ShoppingMallApplication  : ogStartupProfileInfo : 654        : No active profile set, falling back to 1 default profile: "default"
2024-04-17 15:40:20.363 [ INFO] [           main] epositoryConfigurationDelegate : gisterRepositoriesIn : 139        : Bootstrapping Spring Data JPA repositories in DEFAULT mode.
2024-04-17 15:40:20.373 [ INFO] [           main] epositoryConfigurationDelegate : gisterRepositoriesIn : 208        : Finished Spring Data repository scanning in 7 ms. Found 0 JPA repository interfaces.
2024-04-17 15:40:20.555 [ INFO] [           main] o.a.c.h.Http11NioProtocol      : log                  : 173        : Initializing ProtocolHandler ["http-nio-9090"]
2024-04-17 15:40:20.555 [ INFO] [           main] o.a.c.c.StandardService        : log                  : 173        : Starting service [Tomcat]
2024-04-17 15:40:20.556 [ INFO] [           main] o.a.c.c.StandardEngine         : log                  : 173        : Starting Servlet engine: [Apache Tomcat/10.1.19]
2024-04-17 15:40:20.571 [ INFO] [           main] o.a.c.c.C.[.[.[/]              : log                  : 173        : Initializing Spring embedded WebApplicationContext
2024-04-17 15:40:20.634 [ INFO] [           main] c.z.h.HikariDataSource         : getConnection        : 110        : HikariPool-1 - Starting...
2024-04-17 15:40:20.748 [ INFO] [           main] c.z.h.p.HikariPool             : checkFailFast        : 565        : HikariPool-1 - Added connection com.mysql.cj.jdbc.ConnectionImpl@24a04257
2024-04-17 15:40:20.749 [ INFO] [           main] c.z.h.HikariDataSource         : getConnection        : 123        : HikariPool-1 - Start completed.
2024-04-17 15:40:20.764 [ INFO] [           main] o.h.j.i.u.LogHelper            : tenceUnitInformation : 31         : HHH000204: Processing PersistenceUnitInfo [name: default]
2024-04-17 15:40:20.786 [ INFO] [           main] o.h.Version                    : logVersion           : 44         : HHH000412: Hibernate ORM core version 6.4.4.Final
2024-04-17 15:40:20.799 [ INFO] [           main] o.h.c.i.RegionFactoryInitiator : initiateService      : 50         : HHH000026: Second-level cache disabled
2024-04-17 15:40:20.873 [ INFO] [           main] .j.p.SpringPersistenceUnitInfo : addTransformer       : 87         : No LoadTimeWeaver setup: ignoring JPA class transformer
2024-04-17 15:40:21.027 [ INFO] [           main] e.t.j.p.i.JtaPlatformInitiator : initiateService      : 58         : HHH000489: No JTA platform available (set 'hibernate.transaction.jta.platform' to enable JTA platform integration)
2024-04-17 15:40:21.029 [ INFO] [           main] tainerEntityManagerFactoryBean : EntityManagerFactory : 437        : Initialized JPA EntityManagerFactory for persistence unit 'default'
2024-04-17 15:40:21.377 [ WARN] [           main] figuration$JpaWebConfiguration : gerInViewInterceptor : 232        : spring.jpa.open-in-view is enabled by default. Therefore, database queries may be performed during view rendering. Explicitly configure spring.jpa.open-in-view to disable this warning
2024-04-17 15:40:21.489 [ INFO] [           main] s.w.DefaultSecurityFilterChain : <init>               : 54         : Will secure any request with [org.springframework.security.web.session.DisableEncodeUrlFilter@784c74e, org.springframework.security.web.context.request.async.WebAsyncManagerIntegrationFilter@5fee3c9c, org.springframework.security.web.context.SecurityContextHolderFilter@2f97e3de, org.springframework.security.web.header.HeaderWriterFilter@3b62c51e, org.springframework.web.filter.CorsFilter@7e577eed, org.springframework.security.web.authentication.logout.LogoutFilter@49994a4, org.springframework.security.oauth2.client.web.OAuth2AuthorizationRequestRedirectFilter@ae5d544, org.springframework.security.oauth2.client.web.OAuth2LoginAuthenticationFilter@14b9817b, org.springframework.security.web.authentication.UsernamePasswordAuthenticationFilter@5eed2edf, org.springframework.security.web.savedrequest.RequestCacheAwareFilter@6f53295e, org.springframework.security.web.servletapi.SecurityContextHolderAwareRequestFilter@5f8a29ca, org.springframework.security.web.authentication.AnonymousAuthenticationFilter@11a0c708, org.springframework.security.web.access.ExceptionTranslationFilter@5ed463b7, org.springframework.security.web.access.intercept.AuthorizationFilter@106ac5f4]
2024-04-17 15:40:21.569 [ INFO] [           main] o.a.c.h.Http11NioProtocol      : log                  : 173        : Starting ProtocolHandler ["http-nio-9090"]
2024-04-17 15:40:21.579 [ INFO] [           main] c.i.s.ShoppingMallApplication  : logStarted           : 56         : Started ShoppingMallApplication in 1.811 seconds (process running for 2.113)
2024-04-17 15:40:26.795 [ INFO] [nio-9090-exec-1] o.a.c.c.C.[.[.[/]              : log                  : 173        : Initializing Spring DispatcherServlet 'dispatcherServlet'
2024-04-17 15:40:26.796 [ INFO] [nio-9090-exec-1] o.s.w.s.DispatcherServlet      : initServletBean      : 532        : Initializing Servlet 'dispatcherServlet'
2024-04-17 15:40:26.797 [ INFO] [nio-9090-exec-1] o.s.w.s.DispatcherServlet      : initServletBean      : 554        : Completed initialization in 1 ms
2024-04-17 15:40:39.385 [ INFO] [ionShutdownHook] tainerEntityManagerFactoryBean : destroy              : 650        : Closing JPA EntityManagerFactory for persistence unit 'default'
2024-04-17 15:40:39.387 [ INFO] [ionShutdownHook] c.z.h.HikariDataSource         : close                : 350        : HikariPool-1 - Shutdown initiated...
2024-04-17 15:40:39.389 [ INFO] [ionShutdownHook] c.z.h.HikariDataSource         : close                : 352        : HikariPool-1 - Shutdown completed.
2024-04-17 15:40:40.594 [ INFO] [kground-preinit] o.h.v.i.u.Version              : <clinit>             : 21         : HV000001: Hibernate Validator 8.0.1.Final
2024-04-17 15:40:40.604 [ INFO] [           main] c.i.s.ShoppingMallApplication  : logStarting          : 50         : Starting ShoppingMallApplication using Java 21.0.2 with PID 72325 (/Users/bagsuyeon/Desktop/Team_idle/target/classes started by bagsuyeon in /Users/bagsuyeon/Desktop/Team_idle)
2024-04-17 15:40:40.605 [ INFO] [           main] c.i.s.ShoppingMallApplication  : ogStartupProfileInfo : 654        : No active profile set, falling back to 1 default profile: "default"
2024-04-17 15:40:40.872 [ INFO] [           main] epositoryConfigurationDelegate : gisterRepositoriesIn : 139        : Bootstrapping Spring Data JPA repositories in DEFAULT mode.
2024-04-17 15:40:40.883 [ INFO] [           main] epositoryConfigurationDelegate : gisterRepositoriesIn : 208        : Finished Spring Data repository scanning in 8 ms. Found 0 JPA repository interfaces.
2024-04-17 15:40:41.066 [ INFO] [           main] o.a.c.h.Http11NioProtocol      : log                  : 173        : Initializing ProtocolHandler ["http-nio-9090"]
2024-04-17 15:40:41.066 [ INFO] [           main] o.a.c.c.StandardService        : log                  : 173        : Starting service [Tomcat]
2024-04-17 15:40:41.066 [ INFO] [           main] o.a.c.c.StandardEngine         : log                  : 173        : Starting Servlet engine: [Apache Tomcat/10.1.19]
2024-04-17 15:40:41.084 [ INFO] [           main] o.a.c.c.C.[.[.[/]              : log                  : 173        : Initializing Spring embedded WebApplicationContext
2024-04-17 15:40:41.139 [ INFO] [           main] c.z.h.HikariDataSource         : getConnection        : 110        : HikariPool-1 - Starting...
2024-04-17 15:40:41.330 [ INFO] [           main] c.z.h.p.HikariPool             : checkFailFast        : 565        : HikariPool-1 - Added connection com.mysql.cj.jdbc.ConnectionImpl@1491cd6c
2024-04-17 15:40:41.331 [ INFO] [           main] c.z.h.HikariDataSource         : getConnection        : 123        : HikariPool-1 - Start completed.
2024-04-17 15:40:41.350 [ INFO] [           main] o.h.j.i.u.LogHelper            : tenceUnitInformation : 31         : HHH000204: Processing PersistenceUnitInfo [name: default]
2024-04-17 15:40:41.373 [ INFO] [           main] o.h.Version                    : logVersion           : 44         : HHH000412: Hibernate ORM core version 6.4.4.Final
2024-04-17 15:40:41.386 [ INFO] [           main] o.h.c.i.RegionFactoryInitiator : initiateService      : 50         : HHH000026: Second-level cache disabled
2024-04-17 15:40:41.460 [ INFO] [           main] .j.p.SpringPersistenceUnitInfo : addTransformer       : 87         : No LoadTimeWeaver setup: ignoring JPA class transformer
2024-04-17 15:40:41.621 [ INFO] [           main] e.t.j.p.i.JtaPlatformInitiator : initiateService      : 58         : HHH000489: No JTA platform available (set 'hibernate.transaction.jta.platform' to enable JTA platform integration)
2024-04-17 15:40:41.623 [ INFO] [           main] tainerEntityManagerFactoryBean : EntityManagerFactory : 437        : Initialized JPA EntityManagerFactory for persistence unit 'default'
2024-04-17 15:40:41.971 [ WARN] [           main] figuration$JpaWebConfiguration : gerInViewInterceptor : 232        : spring.jpa.open-in-view is enabled by default. Therefore, database queries may be performed during view rendering. Explicitly configure spring.jpa.open-in-view to disable this warning
2024-04-17 15:40:42.083 [ INFO] [           main] s.w.DefaultSecurityFilterChain : <init>               : 54         : Will secure any request with [org.springframework.security.web.session.DisableEncodeUrlFilter@332610ad, org.springframework.security.web.context.request.async.WebAsyncManagerIntegrationFilter@45bbb3e8, org.springframework.security.web.context.SecurityContextHolderFilter@1a82453, org.springframework.security.web.header.HeaderWriterFilter@3ef04239, org.springframework.web.filter.CorsFilter@795e8ef5, org.springframework.security.web.authentication.logout.LogoutFilter@389a9ff6, org.springframework.security.oauth2.client.web.OAuth2AuthorizationRequestRedirectFilter@68c3aa38, org.springframework.security.oauth2.client.web.OAuth2LoginAuthenticationFilter@175c26ff, org.springframework.security.web.authentication.UsernamePasswordAuthenticationFilter@14b9817b, org.springframework.security.web.savedrequest.RequestCacheAwareFilter@5ff8d76f, org.springframework.security.web.servletapi.SecurityContextHolderAwareRequestFilter@178c4480, org.springframework.security.web.authentication.AnonymousAuthenticationFilter@13976c57, org.springframework.security.web.access.ExceptionTranslationFilter@5b5f61cc, org.springframework.security.web.access.intercept.AuthorizationFilter@74cf2d5f]
2024-04-17 15:40:42.163 [ INFO] [           main] o.a.c.h.Http11NioProtocol      : log                  : 173        : Starting ProtocolHandler ["http-nio-9090"]
2024-04-17 15:40:42.173 [ INFO] [           main] c.i.s.ShoppingMallApplication  : logStarted           : 56         : Started ShoppingMallApplication in 1.819 seconds (process running for 2.112)
2024-04-17 15:40:44.487 [ INFO] [nio-9090-exec-1] o.a.c.c.C.[.[.[/]              : log                  : 173        : Initializing Spring DispatcherServlet 'dispatcherServlet'
2024-04-17 15:40:44.487 [ INFO] [nio-9090-exec-1] o.s.w.s.DispatcherServlet      : initServletBean      : 532        : Initializing Servlet 'dispatcherServlet'
2024-04-17 15:40:44.488 [ INFO] [nio-9090-exec-1] o.s.w.s.DispatcherServlet      : initServletBean      : 554        : Completed initialization in 1 ms
2024-04-17 15:40:50.648 [ INFO] [ionShutdownHook] tainerEntityManagerFactoryBean : destroy              : 650        : Closing JPA EntityManagerFactory for persistence unit 'default'
2024-04-17 15:40:50.649 [ INFO] [ionShutdownHook] c.z.h.HikariDataSource         : close                : 350        : HikariPool-1 - Shutdown initiated...
2024-04-17 15:40:50.652 [ INFO] [ionShutdownHook] c.z.h.HikariDataSource         : close                : 352        : HikariPool-1 - Shutdown completed.
2024-04-17 15:40:51.901 [ INFO] [kground-preinit] o.h.v.i.u.Version              : <clinit>             : 21         : HV000001: Hibernate Validator 8.0.1.Final
2024-04-17 15:40:51.920 [ INFO] [           main] c.i.s.ShoppingMallApplication  : logStarting          : 50         : Starting ShoppingMallApplication using Java 21.0.2 with PID 72331 (/Users/bagsuyeon/Desktop/Team_idle/target/classes started by bagsuyeon in /Users/bagsuyeon/Desktop/Team_idle)
2024-04-17 15:40:51.921 [ INFO] [           main] c.i.s.ShoppingMallApplication  : ogStartupProfileInfo : 654        : No active profile set, falling back to 1 default profile: "default"
2024-04-17 15:40:52.226 [ INFO] [           main] epositoryConfigurationDelegate : gisterRepositoriesIn : 139        : Bootstrapping Spring Data JPA repositories in DEFAULT mode.
2024-04-17 15:40:52.240 [ INFO] [           main] epositoryConfigurationDelegate : gisterRepositoriesIn : 208        : Finished Spring Data repository scanning in 8 ms. Found 0 JPA repository interfaces.
2024-04-17 15:40:52.410 [ INFO] [           main] o.a.c.h.Http11NioProtocol      : log                  : 173        : Initializing ProtocolHandler ["http-nio-9090"]
2024-04-17 15:40:52.411 [ INFO] [           main] o.a.c.c.StandardService        : log                  : 173        : Starting service [Tomcat]
2024-04-17 15:40:52.411 [ INFO] [           main] o.a.c.c.StandardEngine         : log                  : 173        : Starting Servlet engine: [Apache Tomcat/10.1.19]
2024-04-17 15:40:52.426 [ INFO] [           main] o.a.c.c.C.[.[.[/]              : log                  : 173        : Initializing Spring embedded WebApplicationContext
2024-04-17 15:40:52.481 [ INFO] [           main] c.z.h.HikariDataSource         : getConnection        : 110        : HikariPool-1 - Starting...
2024-04-17 15:40:52.603 [ INFO] [           main] c.z.h.p.HikariPool             : checkFailFast        : 565        : HikariPool-1 - Added connection com.mysql.cj.jdbc.ConnectionImpl@177ede17
2024-04-17 15:40:52.604 [ INFO] [           main] c.z.h.HikariDataSource         : getConnection        : 123        : HikariPool-1 - Start completed.
2024-04-17 15:40:52.618 [ INFO] [           main] o.h.j.i.u.LogHelper            : tenceUnitInformation : 31         : HHH000204: Processing PersistenceUnitInfo [name: default]
2024-04-17 15:40:52.638 [ INFO] [           main] o.h.Version                    : logVersion           : 44         : HHH000412: Hibernate ORM core version 6.4.4.Final
2024-04-17 15:40:52.649 [ INFO] [           main] o.h.c.i.RegionFactoryInitiator : initiateService      : 50         : HHH000026: Second-level cache disabled
2024-04-17 15:40:52.719 [ INFO] [           main] .j.p.SpringPersistenceUnitInfo : addTransformer       : 87         : No LoadTimeWeaver setup: ignoring JPA class transformer
2024-04-17 15:40:52.883 [ INFO] [           main] e.t.j.p.i.JtaPlatformInitiator : initiateService      : 58         : HHH000489: No JTA platform available (set 'hibernate.transaction.jta.platform' to enable JTA platform integration)
2024-04-17 15:40:52.884 [ INFO] [           main] tainerEntityManagerFactoryBean : EntityManagerFactory : 437        : Initialized JPA EntityManagerFactory for persistence unit 'default'
2024-04-17 15:40:53.221 [ WARN] [           main] figuration$JpaWebConfiguration : gerInViewInterceptor : 232        : spring.jpa.open-in-view is enabled by default. Therefore, database queries may be performed during view rendering. Explicitly configure spring.jpa.open-in-view to disable this warning
2024-04-17 15:40:53.325 [ INFO] [           main] s.w.DefaultSecurityFilterChain : <init>               : 54         : Will secure any request with [org.springframework.security.web.session.DisableEncodeUrlFilter@30bfdcc5, org.springframework.security.web.context.request.async.WebAsyncManagerIntegrationFilter@1e9b0c92, org.springframework.security.web.context.SecurityContextHolderFilter@4f93a8f6, org.springframework.security.web.header.HeaderWriterFilter@2f09907, org.springframework.web.filter.CorsFilter@5bfeb9ba, org.springframework.security.web.authentication.logout.LogoutFilter@178c4480, org.springframework.security.oauth2.client.web.OAuth2AuthorizationRequestRedirectFilter@3052395d, org.springframework.security.oauth2.client.web.OAuth2LoginAuthenticationFilter@5fee3c9c, org.springframework.security.web.authentication.UsernamePasswordAuthenticationFilter@6bc8d8bd, org.springframework.security.web.savedrequest.RequestCacheAwareFilter@3fc2e100, org.springframework.security.web.servletapi.SecurityContextHolderAwareRequestFilter@31885b4b, org.springframework.security.web.authentication.AnonymousAuthenticationFilter@4cf1bd4a, org.springframework.security.web.access.ExceptionTranslationFilter@7dc9b41a, org.springframework.security.web.access.intercept.AuthorizationFilter@5c648e38]
2024-04-17 15:40:53.405 [ INFO] [           main] o.a.c.h.Http11NioProtocol      : log                  : 173        : Starting ProtocolHandler ["http-nio-9090"]
2024-04-17 15:40:53.415 [ INFO] [           main] c.i.s.ShoppingMallApplication  : logStarted           : 56         : Started ShoppingMallApplication in 1.781 seconds (process running for 2.078)
2024-04-17 15:40:57.338 [ INFO] [nio-9090-exec-1] o.a.c.c.C.[.[.[/]              : log                  : 173        : Initializing Spring DispatcherServlet 'dispatcherServlet'
2024-04-17 15:40:57.338 [ INFO] [nio-9090-exec-1] o.s.w.s.DispatcherServlet      : initServletBean      : 532        : Initializing Servlet 'dispatcherServlet'
2024-04-17 15:40:57.339 [ INFO] [nio-9090-exec-1] o.s.w.s.DispatcherServlet      : initServletBean      : 554        : Completed initialization in 1 ms
2024-04-17 15:41:54.916 [ INFO] [ionShutdownHook] tainerEntityManagerFactoryBean : destroy              : 650        : Closing JPA EntityManagerFactory for persistence unit 'default'
2024-04-17 15:41:54.918 [ INFO] [ionShutdownHook] c.z.h.HikariDataSource         : close                : 350        : HikariPool-1 - Shutdown initiated...
2024-04-17 15:41:54.920 [ INFO] [ionShutdownHook] c.z.h.HikariDataSource         : close                : 352        : HikariPool-1 - Shutdown completed.
2024-04-17 15:41:56.098 [ INFO] [kground-preinit] o.h.v.i.u.Version              : <clinit>             : 21         : HV000001: Hibernate Validator 8.0.1.Final
2024-04-17 15:41:56.123 [ INFO] [           main] c.i.s.ShoppingMallApplication  : logStarting          : 50         : Starting ShoppingMallApplication using Java 21.0.2 with PID 72338 (/Users/bagsuyeon/Desktop/Team_idle/target/classes started by bagsuyeon in /Users/bagsuyeon/Desktop/Team_idle)
2024-04-17 15:41:56.127 [ INFO] [           main] c.i.s.ShoppingMallApplication  : ogStartupProfileInfo : 654        : No active profile set, falling back to 1 default profile: "default"
2024-04-17 15:41:56.478 [ INFO] [           main] epositoryConfigurationDelegate : gisterRepositoriesIn : 139        : Bootstrapping Spring Data JPA repositories in DEFAULT mode.
2024-04-17 15:41:56.489 [ INFO] [           main] epositoryConfigurationDelegate : gisterRepositoriesIn : 208        : Finished Spring Data repository scanning in 7 ms. Found 0 JPA repository interfaces.
2024-04-17 15:41:56.676 [ INFO] [           main] o.a.c.h.Http11NioProtocol      : log                  : 173        : Initializing ProtocolHandler ["http-nio-9090"]
2024-04-17 15:41:56.677 [ INFO] [           main] o.a.c.c.StandardService        : log                  : 173        : Starting service [Tomcat]
2024-04-17 15:41:56.677 [ INFO] [           main] o.a.c.c.StandardEngine         : log                  : 173        : Starting Servlet engine: [Apache Tomcat/10.1.19]
2024-04-17 15:41:56.695 [ INFO] [           main] o.a.c.c.C.[.[.[/]              : log                  : 173        : Initializing Spring embedded WebApplicationContext
2024-04-17 15:41:56.751 [ INFO] [           main] c.z.h.HikariDataSource         : getConnection        : 110        : HikariPool-1 - Starting...
2024-04-17 15:41:56.875 [ INFO] [           main] c.z.h.p.HikariPool             : checkFailFast        : 565        : HikariPool-1 - Added connection com.mysql.cj.jdbc.ConnectionImpl@591f6f83
2024-04-17 15:41:56.875 [ INFO] [           main] c.z.h.HikariDataSource         : getConnection        : 123        : HikariPool-1 - Start completed.
2024-04-17 15:41:56.892 [ INFO] [           main] o.h.j.i.u.LogHelper            : tenceUnitInformation : 31         : HHH000204: Processing PersistenceUnitInfo [name: default]
2024-04-17 15:41:56.915 [ INFO] [           main] o.h.Version                    : logVersion           : 44         : HHH000412: Hibernate ORM core version 6.4.4.Final
2024-04-17 15:41:56.927 [ INFO] [           main] o.h.c.i.RegionFactoryInitiator : initiateService      : 50         : HHH000026: Second-level cache disabled
2024-04-17 15:41:57.004 [ INFO] [           main] .j.p.SpringPersistenceUnitInfo : addTransformer       : 87         : No LoadTimeWeaver setup: ignoring JPA class transformer
2024-04-17 15:41:57.162 [ INFO] [           main] e.t.j.p.i.JtaPlatformInitiator : initiateService      : 58         : HHH000489: No JTA platform available (set 'hibernate.transaction.jta.platform' to enable JTA platform integration)
2024-04-17 15:41:57.163 [ INFO] [           main] tainerEntityManagerFactoryBean : EntityManagerFactory : 437        : Initialized JPA EntityManagerFactory for persistence unit 'default'
2024-04-17 15:41:57.508 [ WARN] [           main] figuration$JpaWebConfiguration : gerInViewInterceptor : 232        : spring.jpa.open-in-view is enabled by default. Therefore, database queries may be performed during view rendering. Explicitly configure spring.jpa.open-in-view to disable this warning
2024-04-17 15:41:57.614 [ INFO] [           main] s.w.DefaultSecurityFilterChain : <init>               : 54         : Will secure any request with [org.springframework.security.web.session.DisableEncodeUrlFilter@a2ca681, org.springframework.security.web.context.request.async.WebAsyncManagerIntegrationFilter@784c74e, org.springframework.security.web.context.SecurityContextHolderFilter@7dc9b41a, org.springframework.security.web.header.HeaderWriterFilter@1ae90cb9, org.springframework.web.filter.CorsFilter@5fee3c9c, org.springframework.security.web.authentication.logout.LogoutFilter@2468c0e4, org.springframework.security.oauth2.client.web.OAuth2AuthorizationRequestRedirectFilter@57f6fc09, org.springframework.security.oauth2.client.web.OAuth2LoginAuthenticationFilter@74cf2d5f, org.springframework.security.web.authentication.UsernamePasswordAuthenticationFilter@106ac5f4, org.springframework.security.web.savedrequest.RequestCacheAwareFilter@2f09907, org.springframework.security.web.servletapi.SecurityContextHolderAwareRequestFilter@6f53295e, org.springframework.security.web.authentication.AnonymousAuthenticationFilter@7e577eed, org.springframework.security.web.access.ExceptionTranslationFilter@2be208db, org.springframework.security.web.access.intercept.AuthorizationFilter@54816d7a]
2024-04-17 15:41:57.697 [ INFO] [           main] o.a.c.h.Http11NioProtocol      : log                  : 173        : Starting ProtocolHandler ["http-nio-9090"]
2024-04-17 15:41:57.707 [ INFO] [           main] c.i.s.ShoppingMallApplication  : logStarted           : 56         : Started ShoppingMallApplication in 1.836 seconds (process running for 2.13)
2024-04-17 15:42:01.645 [ INFO] [nio-9090-exec-1] o.a.c.c.C.[.[.[/]              : log                  : 173        : Initializing Spring DispatcherServlet 'dispatcherServlet'
2024-04-17 15:42:01.646 [ INFO] [nio-9090-exec-1] o.s.w.s.DispatcherServlet      : initServletBean      : 532        : Initializing Servlet 'dispatcherServlet'
2024-04-17 15:42:01.647 [ INFO] [nio-9090-exec-1] o.s.w.s.DispatcherServlet      : initServletBean      : 554        : Completed initialization in 1 ms
2024-04-17 15:43:47.844 [ INFO] [ionShutdownHook] tainerEntityManagerFactoryBean : destroy              : 650        : Closing JPA EntityManagerFactory for persistence unit 'default'
2024-04-17 15:43:47.845 [ INFO] [ionShutdownHook] c.z.h.HikariDataSource         : close                : 350        : HikariPool-1 - Shutdown initiated...
2024-04-17 15:43:47.848 [ INFO] [ionShutdownHook] c.z.h.HikariDataSource         : close                : 352        : HikariPool-1 - Shutdown completed.
2024-04-17 15:43:49.289 [ INFO] [kground-preinit] o.h.v.i.u.Version              : <clinit>             : 21         : HV000001: Hibernate Validator 8.0.1.Final
2024-04-17 15:43:49.299 [ INFO] [           main] c.i.s.ShoppingMallApplication  : logStarting          : 50         : Starting ShoppingMallApplication using Java 21.0.2 with PID 72350 (/Users/bagsuyeon/Desktop/Team_idle/target/classes started by bagsuyeon in /Users/bagsuyeon/Desktop/Team_idle)
2024-04-17 15:43:49.300 [ INFO] [           main] c.i.s.ShoppingMallApplication  : ogStartupProfileInfo : 654        : No active profile set, falling back to 1 default profile: "default"
2024-04-17 15:43:49.541 [ INFO] [           main] epositoryConfigurationDelegate : gisterRepositoriesIn : 139        : Bootstrapping Spring Data JPA repositories in DEFAULT mode.
2024-04-17 15:43:49.551 [ INFO] [           main] epositoryConfigurationDelegate : gisterRepositoriesIn : 208        : Finished Spring Data repository scanning in 8 ms. Found 0 JPA repository interfaces.
2024-04-17 15:43:49.727 [ INFO] [           main] o.a.c.h.Http11NioProtocol      : log                  : 173        : Initializing ProtocolHandler ["http-nio-9090"]
2024-04-17 15:43:49.727 [ INFO] [           main] o.a.c.c.StandardService        : log                  : 173        : Starting service [Tomcat]
2024-04-17 15:43:49.728 [ INFO] [           main] o.a.c.c.StandardEngine         : log                  : 173        : Starting Servlet engine: [Apache Tomcat/10.1.19]
2024-04-17 15:43:49.749 [ INFO] [           main] o.a.c.c.C.[.[.[/]              : log                  : 173        : Initializing Spring embedded WebApplicationContext
2024-04-17 15:43:49.795 [ INFO] [           main] c.z.h.HikariDataSource         : getConnection        : 110        : HikariPool-1 - Starting...
2024-04-17 15:43:49.949 [ INFO] [           main] c.z.h.p.HikariPool             : checkFailFast        : 565        : HikariPool-1 - Added connection com.mysql.cj.jdbc.ConnectionImpl@6b832551
2024-04-17 15:43:49.950 [ INFO] [           main] c.z.h.HikariDataSource         : getConnection        : 123        : HikariPool-1 - Start completed.
2024-04-17 15:43:49.966 [ INFO] [           main] o.h.j.i.u.LogHelper            : tenceUnitInformation : 31         : HHH000204: Processing PersistenceUnitInfo [name: default]
2024-04-17 15:43:49.985 [ INFO] [           main] o.h.Version                    : logVersion           : 44         : HHH000412: Hibernate ORM core version 6.4.4.Final
2024-04-17 15:43:49.997 [ INFO] [           main] o.h.c.i.RegionFactoryInitiator : initiateService      : 50         : HHH000026: Second-level cache disabled
2024-04-17 15:43:50.061 [ INFO] [           main] .j.p.SpringPersistenceUnitInfo : addTransformer       : 87         : No LoadTimeWeaver setup: ignoring JPA class transformer
2024-04-17 15:43:50.208 [ INFO] [           main] e.t.j.p.i.JtaPlatformInitiator : initiateService      : 58         : HHH000489: No JTA platform available (set 'hibernate.transaction.jta.platform' to enable JTA platform integration)
2024-04-17 15:43:50.210 [ INFO] [           main] tainerEntityManagerFactoryBean : EntityManagerFactory : 437        : Initialized JPA EntityManagerFactory for persistence unit 'default'
2024-04-17 15:43:50.537 [ WARN] [           main] figuration$JpaWebConfiguration : gerInViewInterceptor : 232        : spring.jpa.open-in-view is enabled by default. Therefore, database queries may be performed during view rendering. Explicitly configure spring.jpa.open-in-view to disable this warning
2024-04-17 15:43:50.644 [ INFO] [           main] s.w.DefaultSecurityFilterChain : <init>               : 54         : Will secure any request with [org.springframework.security.web.session.DisableEncodeUrlFilter@4e3c0627, org.springframework.security.web.context.request.async.WebAsyncManagerIntegrationFilter@57f6fc09, org.springframework.security.web.context.SecurityContextHolderFilter@7a57c5d9, org.springframework.security.web.header.HeaderWriterFilter@723f8990, org.springframework.web.filter.CorsFilter@ae5d544, org.springframework.security.web.authentication.logout.LogoutFilter@1c618295, org.springframework.security.oauth2.client.web.OAuth2AuthorizationRequestRedirectFilter@60317de8, org.springframework.security.oauth2.client.web.OAuth2LoginAuthenticationFilter@3615f8d9, org.springframework.security.web.authentication.UsernamePasswordAuthenticationFilter@5980e29f, org.springframework.security.web.savedrequest.RequestCacheAwareFilter@2be208db, org.springframework.security.web.servletapi.SecurityContextHolderAwareRequestFilter@5ed463b7, org.springframework.security.web.authentication.AnonymousAuthenticationFilter@5aec151b, org.springframework.security.web.access.ExceptionTranslationFilter@1f207142, org.springframework.security.web.access.intercept.AuthorizationFilter@40da1644]
2024-04-17 15:43:50.722 [ INFO] [           main] o.a.c.h.Http11NioProtocol      : log                  : 173        : Starting ProtocolHandler ["http-nio-9090"]
2024-04-17 15:43:50.732 [ INFO] [           main] c.i.s.ShoppingMallApplication  : logStarted           : 56         : Started ShoppingMallApplication in 1.579 seconds (process running for 2.226)
2024-04-17 15:43:53.661 [ INFO] [nio-9090-exec-1] o.a.c.c.C.[.[.[/]              : log                  : 173        : Initializing Spring DispatcherServlet 'dispatcherServlet'
2024-04-17 15:43:53.661 [ INFO] [nio-9090-exec-1] o.s.w.s.DispatcherServlet      : initServletBean      : 532        : Initializing Servlet 'dispatcherServlet'
2024-04-17 15:43:53.662 [ INFO] [nio-9090-exec-1] o.s.w.s.DispatcherServlet      : initServletBean      : 554        : Completed initialization in 1 ms
2024-04-17 15:44:18.211 [ INFO] [ionShutdownHook] tainerEntityManagerFactoryBean : destroy              : 650        : Closing JPA EntityManagerFactory for persistence unit 'default'
2024-04-17 15:44:18.212 [ INFO] [ionShutdownHook] c.z.h.HikariDataSource         : close                : 350        : HikariPool-1 - Shutdown initiated...
2024-04-17 15:44:18.214 [ INFO] [ionShutdownHook] c.z.h.HikariDataSource         : close                : 352        : HikariPool-1 - Shutdown completed.
2024-04-17 15:44:19.373 [ INFO] [kground-preinit] o.h.v.i.u.Version              : <clinit>             : 21         : HV000001: Hibernate Validator 8.0.1.Final
2024-04-17 15:44:19.384 [ INFO] [           main] c.i.s.ShoppingMallApplication  : logStarting          : 50         : Starting ShoppingMallApplication using Java 21.0.2 with PID 72365 (/Users/bagsuyeon/Desktop/Team_idle/target/classes started by bagsuyeon in /Users/bagsuyeon/Desktop/Team_idle)
2024-04-17 15:44:19.386 [ INFO] [           main] c.i.s.ShoppingMallApplication  : ogStartupProfileInfo : 654        : No active profile set, falling back to 1 default profile: "default"
2024-04-17 15:44:19.657 [ INFO] [           main] epositoryConfigurationDelegate : gisterRepositoriesIn : 139        : Bootstrapping Spring Data JPA repositories in DEFAULT mode.
2024-04-17 15:44:19.668 [ INFO] [           main] epositoryConfigurationDelegate : gisterRepositoriesIn : 208        : Finished Spring Data repository scanning in 8 ms. Found 0 JPA repository interfaces.
2024-04-17 15:44:19.848 [ INFO] [           main] o.a.c.h.Http11NioProtocol      : log                  : 173        : Initializing ProtocolHandler ["http-nio-9090"]
2024-04-17 15:44:19.848 [ INFO] [           main] o.a.c.c.StandardService        : log                  : 173        : Starting service [Tomcat]
2024-04-17 15:44:19.848 [ INFO] [           main] o.a.c.c.StandardEngine         : log                  : 173        : Starting Servlet engine: [Apache Tomcat/10.1.19]
2024-04-17 15:44:19.868 [ INFO] [           main] o.a.c.c.C.[.[.[/]              : log                  : 173        : Initializing Spring embedded WebApplicationContext
2024-04-17 15:44:19.922 [ INFO] [           main] c.z.h.HikariDataSource         : getConnection        : 110        : HikariPool-1 - Starting...
2024-04-17 15:44:20.309 [ INFO] [           main] c.z.h.p.HikariPool             : checkFailFast        : 565        : HikariPool-1 - Added connection com.mysql.cj.jdbc.ConnectionImpl@41f785e3
2024-04-17 15:44:20.312 [ INFO] [           main] c.z.h.HikariDataSource         : getConnection        : 123        : HikariPool-1 - Start completed.
2024-04-17 15:44:20.341 [ INFO] [           main] o.h.j.i.u.LogHelper            : tenceUnitInformation : 31         : HHH000204: Processing PersistenceUnitInfo [name: default]
2024-04-17 15:44:20.367 [ INFO] [           main] o.h.Version                    : logVersion           : 44         : HHH000412: Hibernate ORM core version 6.4.4.Final
2024-04-17 15:44:20.379 [ INFO] [           main] o.h.c.i.RegionFactoryInitiator : initiateService      : 50         : HHH000026: Second-level cache disabled
2024-04-17 15:44:20.457 [ INFO] [           main] .j.p.SpringPersistenceUnitInfo : addTransformer       : 87         : No LoadTimeWeaver setup: ignoring JPA class transformer
2024-04-17 15:44:20.612 [ INFO] [           main] e.t.j.p.i.JtaPlatformInitiator : initiateService      : 58         : HHH000489: No JTA platform available (set 'hibernate.transaction.jta.platform' to enable JTA platform integration)
2024-04-17 15:44:20.614 [ INFO] [           main] tainerEntityManagerFactoryBean : EntityManagerFactory : 437        : Initialized JPA EntityManagerFactory for persistence unit 'default'
2024-04-17 15:44:20.965 [ WARN] [           main] figuration$JpaWebConfiguration : gerInViewInterceptor : 232        : spring.jpa.open-in-view is enabled by default. Therefore, database queries may be performed during view rendering. Explicitly configure spring.jpa.open-in-view to disable this warning
2024-04-17 15:44:21.076 [ INFO] [           main] s.w.DefaultSecurityFilterChain : <init>               : 54         : Will secure any request with [org.springframework.security.web.session.DisableEncodeUrlFilter@33d08a24, org.springframework.security.web.context.request.async.WebAsyncManagerIntegrationFilter@255b84a9, org.springframework.security.web.context.SecurityContextHolderFilter@c7d173f, org.springframework.security.web.header.HeaderWriterFilter@7e4c0bc7, org.springframework.web.filter.CorsFilter@3a286095, org.springframework.security.web.authentication.logout.LogoutFilter@4552e288, org.springframework.security.oauth2.client.web.OAuth2AuthorizationRequestRedirectFilter@6a4238ff, org.springframework.security.oauth2.client.web.OAuth2LoginAuthenticationFilter@26361572, org.springframework.security.web.authentication.UsernamePasswordAuthenticationFilter@60317de8, org.springframework.security.web.savedrequest.RequestCacheAwareFilter@1c618295, org.springframework.security.web.servletapi.SecurityContextHolderAwareRequestFilter@344acc03, org.springframework.security.web.authentication.AnonymousAuthenticationFilter@26723525, org.springframework.security.web.access.ExceptionTranslationFilter@188532da, org.springframework.security.web.access.intercept.AuthorizationFilter@c3836b6]
2024-04-17 15:44:21.153 [ INFO] [           main] o.a.c.h.Http11NioProtocol      : log                  : 173        : Starting ProtocolHandler ["http-nio-9090"]
2024-04-17 15:44:21.163 [ INFO] [           main] c.i.s.ShoppingMallApplication  : logStarted           : 56         : Started ShoppingMallApplication in 2.007 seconds (process running for 2.291)
2024-04-17 15:44:23.666 [ INFO] [nio-9090-exec-1] o.a.c.c.C.[.[.[/]              : log                  : 173        : Initializing Spring DispatcherServlet 'dispatcherServlet'
2024-04-17 15:44:23.666 [ INFO] [nio-9090-exec-1] o.s.w.s.DispatcherServlet      : initServletBean      : 532        : Initializing Servlet 'dispatcherServlet'
2024-04-17 15:44:23.667 [ INFO] [nio-9090-exec-1] o.s.w.s.DispatcherServlet      : initServletBean      : 554        : Completed initialization in 1 ms
2024-04-17 15:44:48.879 [ INFO] [ionShutdownHook] tainerEntityManagerFactoryBean : destroy              : 650        : Closing JPA EntityManagerFactory for persistence unit 'default'
2024-04-17 15:44:48.880 [ INFO] [ionShutdownHook] c.z.h.HikariDataSource         : close                : 350        : HikariPool-1 - Shutdown initiated...
2024-04-17 15:44:48.883 [ INFO] [ionShutdownHook] c.z.h.HikariDataSource         : close                : 352        : HikariPool-1 - Shutdown completed.
2024-04-17 15:44:50.047 [ INFO] [kground-preinit] o.h.v.i.u.Version              : <clinit>             : 21         : HV000001: Hibernate Validator 8.0.1.Final
2024-04-17 15:44:50.057 [ INFO] [           main] c.i.s.ShoppingMallApplication  : logStarting          : 50         : Starting ShoppingMallApplication using Java 21.0.2 with PID 72370 (/Users/bagsuyeon/Desktop/Team_idle/target/classes started by bagsuyeon in /Users/bagsuyeon/Desktop/Team_idle)
2024-04-17 15:44:50.058 [ INFO] [           main] c.i.s.ShoppingMallApplication  : ogStartupProfileInfo : 654        : No active profile set, falling back to 1 default profile: "default"
2024-04-17 15:44:50.311 [ INFO] [           main] epositoryConfigurationDelegate : gisterRepositoriesIn : 139        : Bootstrapping Spring Data JPA repositories in DEFAULT mode.
2024-04-17 15:44:50.321 [ INFO] [           main] epositoryConfigurationDelegate : gisterRepositoriesIn : 208        : Finished Spring Data repository scanning in 8 ms. Found 0 JPA repository interfaces.
2024-04-17 15:44:50.493 [ INFO] [           main] o.a.c.h.Http11NioProtocol      : log                  : 173        : Initializing ProtocolHandler ["http-nio-9090"]
2024-04-17 15:44:50.493 [ INFO] [           main] o.a.c.c.StandardService        : log                  : 173        : Starting service [Tomcat]
2024-04-17 15:44:50.494 [ INFO] [           main] o.a.c.c.StandardEngine         : log                  : 173        : Starting Servlet engine: [Apache Tomcat/10.1.19]
2024-04-17 15:44:50.508 [ INFO] [           main] o.a.c.c.C.[.[.[/]              : log                  : 173        : Initializing Spring embedded WebApplicationContext
2024-04-17 15:44:50.564 [ INFO] [           main] c.z.h.HikariDataSource         : getConnection        : 110        : HikariPool-1 - Starting...
2024-04-17 15:44:50.720 [ INFO] [           main] c.z.h.p.HikariPool             : checkFailFast        : 565        : HikariPool-1 - Added connection com.mysql.cj.jdbc.ConnectionImpl@1aedf08d
2024-04-17 15:44:50.720 [ INFO] [           main] c.z.h.HikariDataSource         : getConnection        : 123        : HikariPool-1 - Start completed.
2024-04-17 15:44:50.736 [ INFO] [           main] o.h.j.i.u.LogHelper            : tenceUnitInformation : 31         : HHH000204: Processing PersistenceUnitInfo [name: default]
2024-04-17 15:44:50.754 [ INFO] [           main] o.h.Version                    : logVersion           : 44         : HHH000412: Hibernate ORM core version 6.4.4.Final
2024-04-17 15:44:50.764 [ INFO] [           main] o.h.c.i.RegionFactoryInitiator : initiateService      : 50         : HHH000026: Second-level cache disabled
2024-04-17 15:44:50.830 [ INFO] [           main] .j.p.SpringPersistenceUnitInfo : addTransformer       : 87         : No LoadTimeWeaver setup: ignoring JPA class transformer
2024-04-17 15:44:50.972 [ INFO] [           main] e.t.j.p.i.JtaPlatformInitiator : initiateService      : 58         : HHH000489: No JTA platform available (set 'hibernate.transaction.jta.platform' to enable JTA platform integration)
2024-04-17 15:44:50.973 [ INFO] [           main] tainerEntityManagerFactoryBean : EntityManagerFactory : 437        : Initialized JPA EntityManagerFactory for persistence unit 'default'
2024-04-17 15:44:51.302 [ WARN] [           main] figuration$JpaWebConfiguration : gerInViewInterceptor : 232        : spring.jpa.open-in-view is enabled by default. Therefore, database queries may be performed during view rendering. Explicitly configure spring.jpa.open-in-view to disable this warning
2024-04-17 15:44:51.411 [ INFO] [           main] s.w.DefaultSecurityFilterChain : <init>               : 54         : Will secure any request with [org.springframework.security.web.session.DisableEncodeUrlFilter@795e8ef5, org.springframework.security.web.context.request.async.WebAsyncManagerIntegrationFilter@13976c57, org.springframework.security.web.context.SecurityContextHolderFilter@5ff8d76f, org.springframework.security.web.header.HeaderWriterFilter@49994a4, org.springframework.web.filter.CorsFilter@10b7b5f0, org.springframework.security.web.authentication.logout.LogoutFilter@76876421, org.springframework.security.oauth2.client.web.OAuth2AuthorizationRequestRedirectFilter@267a8777, org.springframework.security.oauth2.client.web.OAuth2LoginAuthenticationFilter@411576c7, org.springframework.security.web.authentication.UsernamePasswordAuthenticationFilter@a2ca681, org.springframework.security.web.savedrequest.RequestCacheAwareFilter@5746609e, org.springframework.security.web.servletapi.SecurityContextHolderAwareRequestFilter@40da1644, org.springframework.security.web.authentication.AnonymousAuthenticationFilter@80b70fd, org.springframework.security.web.access.ExceptionTranslationFilter@3ef04239, org.springframework.security.web.access.intercept.AuthorizationFilter@3052395d]
2024-04-17 15:44:51.489 [ INFO] [           main] o.a.c.h.Http11NioProtocol      : log                  : 173        : Starting ProtocolHandler ["http-nio-9090"]
2024-04-17 15:44:51.499 [ INFO] [           main] c.i.s.ShoppingMallApplication  : logStarted           : 56         : Started ShoppingMallApplication in 1.669 seconds (process running for 1.961)
2024-04-17 15:44:53.849 [ INFO] [nio-9090-exec-1] o.a.c.c.C.[.[.[/]              : log                  : 173        : Initializing Spring DispatcherServlet 'dispatcherServlet'
2024-04-17 15:44:53.849 [ INFO] [nio-9090-exec-1] o.s.w.s.DispatcherServlet      : initServletBean      : 532        : Initializing Servlet 'dispatcherServlet'
2024-04-17 15:44:53.850 [ INFO] [nio-9090-exec-1] o.s.w.s.DispatcherServlet      : initServletBean      : 554        : Completed initialization in 1 ms
2024-04-17 15:45:25.953 [ INFO] [ionShutdownHook] tainerEntityManagerFactoryBean : destroy              : 650        : Closing JPA EntityManagerFactory for persistence unit 'default'
2024-04-17 15:45:25.954 [ INFO] [ionShutdownHook] c.z.h.HikariDataSource         : close                : 350        : HikariPool-1 - Shutdown initiated...
2024-04-17 15:45:25.957 [ INFO] [ionShutdownHook] c.z.h.HikariDataSource         : close                : 352        : HikariPool-1 - Shutdown completed.
2024-04-17 15:45:27.152 [ INFO] [kground-preinit] o.h.v.i.u.Version              : <clinit>             : 21         : HV000001: Hibernate Validator 8.0.1.Final
2024-04-17 15:45:27.163 [ INFO] [           main] c.i.s.ShoppingMallApplication  : logStarting          : 50         : Starting ShoppingMallApplication using Java 21.0.2 with PID 72377 (/Users/bagsuyeon/Desktop/Team_idle/target/classes started by bagsuyeon in /Users/bagsuyeon/Desktop/Team_idle)
2024-04-17 15:45:27.164 [ INFO] [           main] c.i.s.ShoppingMallApplication  : ogStartupProfileInfo : 654        : No active profile set, falling back to 1 default profile: "default"
2024-04-17 15:45:27.435 [ INFO] [           main] epositoryConfigurationDelegate : gisterRepositoriesIn : 139        : Bootstrapping Spring Data JPA repositories in DEFAULT mode.
2024-04-17 15:45:27.446 [ INFO] [           main] epositoryConfigurationDelegate : gisterRepositoriesIn : 208        : Finished Spring Data repository scanning in 7 ms. Found 0 JPA repository interfaces.
2024-04-17 15:45:27.625 [ INFO] [           main] o.a.c.h.Http11NioProtocol      : log                  : 173        : Initializing ProtocolHandler ["http-nio-9090"]
2024-04-17 15:45:27.625 [ INFO] [           main] o.a.c.c.StandardService        : log                  : 173        : Starting service [Tomcat]
2024-04-17 15:45:27.626 [ INFO] [           main] o.a.c.c.StandardEngine         : log                  : 173        : Starting Servlet engine: [Apache Tomcat/10.1.19]
2024-04-17 15:45:27.642 [ INFO] [           main] o.a.c.c.C.[.[.[/]              : log                  : 173        : Initializing Spring embedded WebApplicationContext
2024-04-17 15:45:27.698 [ INFO] [           main] c.z.h.HikariDataSource         : getConnection        : 110        : HikariPool-1 - Starting...
2024-04-17 15:45:28.358 [ INFO] [           main] c.z.h.p.HikariPool             : checkFailFast        : 565        : HikariPool-1 - Added connection com.mysql.cj.jdbc.ConnectionImpl@6615237
2024-04-17 15:45:28.360 [ INFO] [           main] c.z.h.HikariDataSource         : getConnection        : 123        : HikariPool-1 - Start completed.
2024-04-17 15:45:28.383 [ INFO] [           main] o.h.j.i.u.LogHelper            : tenceUnitInformation : 31         : HHH000204: Processing PersistenceUnitInfo [name: default]
2024-04-17 15:45:28.412 [ INFO] [           main] o.h.Version                    : logVersion           : 44         : HHH000412: Hibernate ORM core version 6.4.4.Final
2024-04-17 15:45:28.426 [ INFO] [           main] o.h.c.i.RegionFactoryInitiator : initiateService      : 50         : HHH000026: Second-level cache disabled
2024-04-17 15:45:28.505 [ INFO] [           main] .j.p.SpringPersistenceUnitInfo : addTransformer       : 87         : No LoadTimeWeaver setup: ignoring JPA class transformer
2024-04-17 15:45:28.694 [ INFO] [           main] e.t.j.p.i.JtaPlatformInitiator : initiateService      : 58         : HHH000489: No JTA platform available (set 'hibernate.transaction.jta.platform' to enable JTA platform integration)
2024-04-17 15:45:28.695 [ INFO] [           main] tainerEntityManagerFactoryBean : EntityManagerFactory : 437        : Initialized JPA EntityManagerFactory for persistence unit 'default'
2024-04-17 15:45:29.073 [ WARN] [           main] figuration$JpaWebConfiguration : gerInViewInterceptor : 232        : spring.jpa.open-in-view is enabled by default. Therefore, database queries may be performed during view rendering. Explicitly configure spring.jpa.open-in-view to disable this warning
2024-04-17 15:45:29.183 [ INFO] [           main] s.w.DefaultSecurityFilterChain : <init>               : 54         : Will secure any request with [org.springframework.security.web.session.DisableEncodeUrlFilter@11a0c708, org.springframework.security.web.context.request.async.WebAsyncManagerIntegrationFilter@30bfdcc5, org.springframework.security.web.context.SecurityContextHolderFilter@5f8a29ca, org.springframework.security.web.header.HeaderWriterFilter@2f97e3de, org.springframework.web.filter.CorsFilter@1e9b0c92, org.springframework.security.web.authentication.logout.LogoutFilter@5ff8d76f, org.springframework.security.oauth2.client.web.OAuth2AuthorizationRequestRedirectFilter@14b9817b, org.springframework.security.oauth2.client.web.OAuth2LoginAuthenticationFilter@784c74e, org.springframework.security.web.authentication.UsernamePasswordAuthenticationFilter@5c648e38, org.springframework.security.web.savedrequest.RequestCacheAwareFilter@492d38a2, org.springframework.security.web.servletapi.SecurityContextHolderAwareRequestFilter@3fc2e100, org.springframework.security.web.authentication.AnonymousAuthenticationFilter@5bfeb9ba, org.springframework.security.web.access.ExceptionTranslationFilter@7db679, org.springframework.security.web.access.intercept.AuthorizationFilter@1a67bde5]
2024-04-17 15:45:29.266 [ INFO] [           main] o.a.c.h.Http11NioProtocol      : log                  : 173        : Starting ProtocolHandler ["http-nio-9090"]
2024-04-17 15:45:29.275 [ INFO] [           main] c.i.s.ShoppingMallApplication  : logStarted           : 56         : Started ShoppingMallApplication in 2.345 seconds (process running for 2.639)
2024-04-17 15:45:30.484 [ INFO] [nio-9090-exec-1] o.a.c.c.C.[.[.[/]              : log                  : 173        : Initializing Spring DispatcherServlet 'dispatcherServlet'
2024-04-17 15:45:30.485 [ INFO] [nio-9090-exec-1] o.s.w.s.DispatcherServlet      : initServletBean      : 532        : Initializing Servlet 'dispatcherServlet'
2024-04-17 15:45:30.486 [ INFO] [nio-9090-exec-1] o.s.w.s.DispatcherServlet      : initServletBean      : 554        : Completed initialization in 1 ms
2024-04-17 15:45:48.076 [ INFO] [ionShutdownHook] tainerEntityManagerFactoryBean : destroy              : 650        : Closing JPA EntityManagerFactory for persistence unit 'default'
2024-04-17 15:45:48.077 [ INFO] [ionShutdownHook] c.z.h.HikariDataSource         : close                : 350        : HikariPool-1 - Shutdown initiated...
2024-04-17 15:45:48.080 [ INFO] [ionShutdownHook] c.z.h.HikariDataSource         : close                : 352        : HikariPool-1 - Shutdown completed.
2024-04-17 15:45:49.325 [ INFO] [kground-preinit] o.h.v.i.u.Version              : <clinit>             : 21         : HV000001: Hibernate Validator 8.0.1.Final
2024-04-17 15:45:49.358 [ INFO] [           main] c.i.s.ShoppingMallApplication  : logStarting          : 50         : Starting ShoppingMallApplication using Java 21.0.2 with PID 72386 (/Users/bagsuyeon/Desktop/Team_idle/target/classes started by bagsuyeon in /Users/bagsuyeon/Desktop/Team_idle)
2024-04-17 15:45:49.360 [ INFO] [           main] c.i.s.ShoppingMallApplication  : ogStartupProfileInfo : 654        : No active profile set, falling back to 1 default profile: "default"
2024-04-17 15:45:49.642 [ INFO] [           main] epositoryConfigurationDelegate : gisterRepositoriesIn : 139        : Bootstrapping Spring Data JPA repositories in DEFAULT mode.
2024-04-17 15:45:49.653 [ INFO] [           main] epositoryConfigurationDelegate : gisterRepositoriesIn : 208        : Finished Spring Data repository scanning in 7 ms. Found 0 JPA repository interfaces.
2024-04-17 15:45:49.833 [ INFO] [           main] o.a.c.h.Http11NioProtocol      : log                  : 173        : Initializing ProtocolHandler ["http-nio-9090"]
2024-04-17 15:45:49.833 [ INFO] [           main] o.a.c.c.StandardService        : log                  : 173        : Starting service [Tomcat]
2024-04-17 15:45:49.833 [ INFO] [           main] o.a.c.c.StandardEngine         : log                  : 173        : Starting Servlet engine: [Apache Tomcat/10.1.19]
2024-04-17 15:45:49.849 [ INFO] [           main] o.a.c.c.C.[.[.[/]              : log                  : 173        : Initializing Spring embedded WebApplicationContext
2024-04-17 15:45:49.905 [ INFO] [           main] c.z.h.HikariDataSource         : getConnection        : 110        : HikariPool-1 - Starting...
2024-04-17 15:45:50.084 [ INFO] [           main] c.z.h.p.HikariPool             : checkFailFast        : 565        : HikariPool-1 - Added connection com.mysql.cj.jdbc.ConnectionImpl@24a04257
2024-04-17 15:45:50.085 [ INFO] [           main] c.z.h.HikariDataSource         : getConnection        : 123        : HikariPool-1 - Start completed.
2024-04-17 15:45:50.104 [ INFO] [           main] o.h.j.i.u.LogHelper            : tenceUnitInformation : 31         : HHH000204: Processing PersistenceUnitInfo [name: default]
2024-04-17 15:45:50.127 [ INFO] [           main] o.h.Version                    : logVersion           : 44         : HHH000412: Hibernate ORM core version 6.4.4.Final
2024-04-17 15:45:50.139 [ INFO] [           main] o.h.c.i.RegionFactoryInitiator : initiateService      : 50         : HHH000026: Second-level cache disabled
2024-04-17 15:45:50.213 [ INFO] [           main] .j.p.SpringPersistenceUnitInfo : addTransformer       : 87         : No LoadTimeWeaver setup: ignoring JPA class transformer
2024-04-17 15:45:50.392 [ INFO] [           main] e.t.j.p.i.JtaPlatformInitiator : initiateService      : 58         : HHH000489: No JTA platform available (set 'hibernate.transaction.jta.platform' to enable JTA platform integration)
2024-04-17 15:45:50.394 [ INFO] [           main] tainerEntityManagerFactoryBean : EntityManagerFactory : 437        : Initialized JPA EntityManagerFactory for persistence unit 'default'
2024-04-17 15:45:50.746 [ WARN] [           main] figuration$JpaWebConfiguration : gerInViewInterceptor : 232        : spring.jpa.open-in-view is enabled by default. Therefore, database queries may be performed during view rendering. Explicitly configure spring.jpa.open-in-view to disable this warning
2024-04-17 15:45:50.859 [ INFO] [           main] s.w.DefaultSecurityFilterChain : <init>               : 54         : Will secure any request with [org.springframework.security.web.session.DisableEncodeUrlFilter@3052395d, org.springframework.security.web.context.request.async.WebAsyncManagerIntegrationFilter@a2ca681, org.springframework.security.web.context.SecurityContextHolderFilter@7db679, org.springframework.security.web.header.HeaderWriterFilter@5ed463b7, org.springframework.web.filter.CorsFilter@784c74e, org.springframework.security.web.authentication.logout.LogoutFilter@3ef04239, org.springframework.security.oauth2.client.web.OAuth2AuthorizationRequestRedirectFilter@4e3c0627, org.springframework.security.oauth2.client.web.OAuth2LoginAuthenticationFilter@5aec151b, org.springframework.security.web.authentication.UsernamePasswordAuthenticationFilter@54816d7a, org.springframework.security.web.savedrequest.RequestCacheAwareFilter@2f97e3de, org.springframework.security.web.servletapi.SecurityContextHolderAwareRequestFilter@2f09907, org.springframework.security.web.authentication.AnonymousAuthenticationFilter@5fee3c9c, org.springframework.security.web.access.ExceptionTranslationFilter@742aa00a, org.springframework.security.web.access.intercept.AuthorizationFilter@42fb2be9]
2024-04-17 15:45:50.940 [ INFO] [           main] o.a.c.h.Http11NioProtocol      : log                  : 173        : Starting ProtocolHandler ["http-nio-9090"]
2024-04-17 15:45:50.950 [ INFO] [           main] c.i.s.ShoppingMallApplication  : logStarted           : 56         : Started ShoppingMallApplication in 1.906 seconds (process running for 2.2)
2024-04-17 15:45:51.843 [ INFO] [nio-9090-exec-1] o.a.c.c.C.[.[.[/]              : log                  : 173        : Initializing Spring DispatcherServlet 'dispatcherServlet'
2024-04-17 15:45:51.843 [ INFO] [nio-9090-exec-1] o.s.w.s.DispatcherServlet      : initServletBean      : 532        : Initializing Servlet 'dispatcherServlet'
2024-04-17 15:45:51.844 [ INFO] [nio-9090-exec-1] o.s.w.s.DispatcherServlet      : initServletBean      : 554        : Completed initialization in 1 ms
2024-04-17 15:51:37.171 [ INFO] [ionShutdownHook] tainerEntityManagerFactoryBean : destroy              : 650        : Closing JPA EntityManagerFactory for persistence unit 'default'
2024-04-17 15:51:37.173 [ INFO] [ionShutdownHook] c.z.h.HikariDataSource         : close                : 350        : HikariPool-1 - Shutdown initiated...
2024-04-17 15:51:37.176 [ INFO] [ionShutdownHook] c.z.h.HikariDataSource         : close                : 352        : HikariPool-1 - Shutdown completed.
2024-04-17 15:51:38.586 [ INFO] [kground-preinit] o.h.v.i.u.Version              : <clinit>             : 21         : HV000001: Hibernate Validator 8.0.1.Final
2024-04-17 15:51:38.600 [ INFO] [           main] c.i.s.ShoppingMallApplication  : logStarting          : 50         : Starting ShoppingMallApplication using Java 21.0.2 with PID 73037 (/Users/bagsuyeon/Desktop/Team_idle/target/classes started by bagsuyeon in /Users/bagsuyeon/Desktop/Team_idle)
2024-04-17 15:51:38.601 [ INFO] [           main] c.i.s.ShoppingMallApplication  : ogStartupProfileInfo : 654        : No active profile set, falling back to 1 default profile: "default"
2024-04-17 15:51:38.872 [ INFO] [           main] epositoryConfigurationDelegate : gisterRepositoriesIn : 139        : Bootstrapping Spring Data JPA repositories in DEFAULT mode.
2024-04-17 15:51:38.883 [ INFO] [           main] epositoryConfigurationDelegate : gisterRepositoriesIn : 208        : Finished Spring Data repository scanning in 7 ms. Found 0 JPA repository interfaces.
2024-04-17 15:51:39.062 [ INFO] [           main] o.a.c.h.Http11NioProtocol      : log                  : 173        : Initializing ProtocolHandler ["http-nio-9090"]
2024-04-17 15:51:39.063 [ INFO] [           main] o.a.c.c.StandardService        : log                  : 173        : Starting service [Tomcat]
2024-04-17 15:51:39.063 [ INFO] [           main] o.a.c.c.StandardEngine         : log                  : 173        : Starting Servlet engine: [Apache Tomcat/10.1.19]
2024-04-17 15:51:39.087 [ INFO] [           main] o.a.c.c.C.[.[.[/]              : log                  : 173        : Initializing Spring embedded WebApplicationContext
2024-04-17 15:51:39.137 [ INFO] [           main] c.z.h.HikariDataSource         : getConnection        : 110        : HikariPool-1 - Starting...
2024-04-17 15:51:39.269 [ INFO] [           main] c.z.h.p.HikariPool             : checkFailFast        : 565        : HikariPool-1 - Added connection com.mysql.cj.jdbc.ConnectionImpl@150d6eaf
2024-04-17 15:51:39.270 [ INFO] [           main] c.z.h.HikariDataSource         : getConnection        : 123        : HikariPool-1 - Start completed.
2024-04-17 15:51:39.285 [ INFO] [           main] o.h.j.i.u.LogHelper            : tenceUnitInformation : 31         : HHH000204: Processing PersistenceUnitInfo [name: default]
2024-04-17 15:51:39.306 [ INFO] [           main] o.h.Version                    : logVersion           : 44         : HHH000412: Hibernate ORM core version 6.4.4.Final
2024-04-17 15:51:39.318 [ INFO] [           main] o.h.c.i.RegionFactoryInitiator : initiateService      : 50         : HHH000026: Second-level cache disabled
2024-04-17 15:51:39.394 [ INFO] [           main] .j.p.SpringPersistenceUnitInfo : addTransformer       : 87         : No LoadTimeWeaver setup: ignoring JPA class transformer
2024-04-17 15:51:39.543 [ INFO] [           main] e.t.j.p.i.JtaPlatformInitiator : initiateService      : 58         : HHH000489: No JTA platform available (set 'hibernate.transaction.jta.platform' to enable JTA platform integration)
2024-04-17 15:51:39.544 [ INFO] [           main] tainerEntityManagerFactoryBean : EntityManagerFactory : 437        : Initialized JPA EntityManagerFactory for persistence unit 'default'
2024-04-17 15:51:39.885 [ WARN] [           main] figuration$JpaWebConfiguration : gerInViewInterceptor : 232        : spring.jpa.open-in-view is enabled by default. Therefore, database queries may be performed during view rendering. Explicitly configure spring.jpa.open-in-view to disable this warning
2024-04-17 15:51:39.995 [ INFO] [           main] s.w.DefaultSecurityFilterChain : <init>               : 54         : Will secure any request with [org.springframework.security.web.session.DisableEncodeUrlFilter@3615f8d9, org.springframework.security.web.context.request.async.WebAsyncManagerIntegrationFilter@5d200dce, org.springframework.security.web.context.SecurityContextHolderFilter@723f8990, org.springframework.security.web.header.HeaderWriterFilter@198a0416, org.springframework.web.filter.CorsFilter@1a59500b, org.springframework.security.web.authentication.logout.LogoutFilter@775fec4, org.springframework.security.oauth2.client.web.OAuth2AuthorizationRequestRedirectFilter@15af06f, org.springframework.security.oauth2.client.web.OAuth2LoginAuthenticationFilter@60317de8, org.springframework.security.web.authentication.UsernamePasswordAuthenticationFilter@178c4480, org.springframework.security.web.savedrequest.RequestCacheAwareFilter@27ea552d, org.springframework.security.web.servletapi.SecurityContextHolderAwareRequestFilter@7a57c5d9, org.springframework.security.web.authentication.AnonymousAuthenticationFilter@4e3c0627, org.springframework.security.web.access.ExceptionTranslationFilter@69c263f8, org.springframework.security.web.access.intercept.AuthorizationFilter@5ff8d76f]
2024-04-17 15:51:40.074 [ INFO] [           main] o.a.c.h.Http11NioProtocol      : log                  : 173        : Starting ProtocolHandler ["http-nio-9090"]
2024-04-17 15:51:40.085 [ INFO] [           main] c.i.s.ShoppingMallApplication  : logStarted           : 56         : Started ShoppingMallApplication in 1.696 seconds (process running for 2.204)
2024-04-17 15:51:44.588 [ INFO] [nio-9090-exec-1] o.a.c.c.C.[.[.[/]              : log                  : 173        : Initializing Spring DispatcherServlet 'dispatcherServlet'
2024-04-17 15:51:44.588 [ INFO] [nio-9090-exec-1] o.s.w.s.DispatcherServlet      : initServletBean      : 532        : Initializing Servlet 'dispatcherServlet'
2024-04-17 15:51:44.589 [ INFO] [nio-9090-exec-1] o.s.w.s.DispatcherServlet      : initServletBean      : 554        : Completed initialization in 1 ms
2024-04-17 15:53:39.691 [ INFO] [ionShutdownHook] tainerEntityManagerFactoryBean : destroy              : 650        : Closing JPA EntityManagerFactory for persistence unit 'default'
2024-04-17 15:53:39.693 [ INFO] [ionShutdownHook] c.z.h.HikariDataSource         : close                : 350        : HikariPool-1 - Shutdown initiated...
2024-04-17 15:53:39.695 [ INFO] [ionShutdownHook] c.z.h.HikariDataSource         : close                : 352        : HikariPool-1 - Shutdown completed.
2024-04-17 15:53:40.919 [ INFO] [kground-preinit] o.h.v.i.u.Version              : <clinit>             : 21         : HV000001: Hibernate Validator 8.0.1.Final
2024-04-17 15:53:40.929 [ INFO] [           main] c.i.s.ShoppingMallApplication  : logStarting          : 50         : Starting ShoppingMallApplication using Java 21.0.2 with PID 73047 (/Users/bagsuyeon/Desktop/Team_idle/target/classes started by bagsuyeon in /Users/bagsuyeon/Desktop/Team_idle)
2024-04-17 15:53:40.930 [ INFO] [           main] c.i.s.ShoppingMallApplication  : ogStartupProfileInfo : 654        : No active profile set, falling back to 1 default profile: "default"
2024-04-17 15:53:41.219 [ INFO] [           main] epositoryConfigurationDelegate : gisterRepositoriesIn : 139        : Bootstrapping Spring Data JPA repositories in DEFAULT mode.
2024-04-17 15:53:41.229 [ INFO] [           main] epositoryConfigurationDelegate : gisterRepositoriesIn : 208        : Finished Spring Data repository scanning in 7 ms. Found 0 JPA repository interfaces.
2024-04-17 15:53:41.409 [ INFO] [           main] o.a.c.h.Http11NioProtocol      : log                  : 173        : Initializing ProtocolHandler ["http-nio-9090"]
2024-04-17 15:53:41.409 [ INFO] [           main] o.a.c.c.StandardService        : log                  : 173        : Starting service [Tomcat]
2024-04-17 15:53:41.409 [ INFO] [           main] o.a.c.c.StandardEngine         : log                  : 173        : Starting Servlet engine: [Apache Tomcat/10.1.19]
2024-04-17 15:53:41.429 [ INFO] [           main] o.a.c.c.C.[.[.[/]              : log                  : 173        : Initializing Spring embedded WebApplicationContext
2024-04-17 15:53:41.532 [ INFO] [           main] c.z.h.HikariDataSource         : getConnection        : 110        : HikariPool-1 - Starting...
2024-04-17 15:53:41.673 [ INFO] [           main] c.z.h.p.HikariPool             : checkFailFast        : 565        : HikariPool-1 - Added connection com.mysql.cj.jdbc.ConnectionImpl@6615237
2024-04-17 15:53:41.674 [ INFO] [           main] c.z.h.HikariDataSource         : getConnection        : 123        : HikariPool-1 - Start completed.
2024-04-17 15:53:41.690 [ INFO] [           main] o.h.j.i.u.LogHelper            : tenceUnitInformation : 31         : HHH000204: Processing PersistenceUnitInfo [name: default]
2024-04-17 15:53:41.712 [ INFO] [           main] o.h.Version                    : logVersion           : 44         : HHH000412: Hibernate ORM core version 6.4.4.Final
2024-04-17 15:53:41.724 [ INFO] [           main] o.h.c.i.RegionFactoryInitiator : initiateService      : 50         : HHH000026: Second-level cache disabled
2024-04-17 15:53:41.795 [ INFO] [           main] .j.p.SpringPersistenceUnitInfo : addTransformer       : 87         : No LoadTimeWeaver setup: ignoring JPA class transformer
2024-04-17 15:53:41.945 [ INFO] [           main] e.t.j.p.i.JtaPlatformInitiator : initiateService      : 58         : HHH000489: No JTA platform available (set 'hibernate.transaction.jta.platform' to enable JTA platform integration)
2024-04-17 15:53:41.947 [ INFO] [           main] tainerEntityManagerFactoryBean : EntityManagerFactory : 437        : Initialized JPA EntityManagerFactory for persistence unit 'default'
2024-04-17 15:53:42.298 [ WARN] [           main] figuration$JpaWebConfiguration : gerInViewInterceptor : 232        : spring.jpa.open-in-view is enabled by default. Therefore, database queries may be performed during view rendering. Explicitly configure spring.jpa.open-in-view to disable this warning
2024-04-17 15:53:42.410 [ INFO] [           main] s.w.DefaultSecurityFilterChain : <init>               : 54         : Will secure any request with [org.springframework.security.web.session.DisableEncodeUrlFilter@11a0c708, org.springframework.security.web.context.request.async.WebAsyncManagerIntegrationFilter@30bfdcc5, org.springframework.security.web.context.SecurityContextHolderFilter@5f8a29ca, org.springframework.security.web.header.HeaderWriterFilter@2f97e3de, org.springframework.web.filter.CorsFilter@1e9b0c92, org.springframework.security.web.authentication.logout.LogoutFilter@5ff8d76f, org.springframework.security.oauth2.client.web.OAuth2AuthorizationRequestRedirectFilter@14b9817b, org.springframework.security.oauth2.client.web.OAuth2LoginAuthenticationFilter@784c74e, org.springframework.security.web.authentication.UsernamePasswordAuthenticationFilter@5c648e38, org.springframework.security.web.savedrequest.RequestCacheAwareFilter@492d38a2, org.springframework.security.web.servletapi.SecurityContextHolderAwareRequestFilter@3fc2e100, org.springframework.security.web.authentication.AnonymousAuthenticationFilter@5bfeb9ba, org.springframework.security.web.access.ExceptionTranslationFilter@7db679, org.springframework.security.web.access.intercept.AuthorizationFilter@1a67bde5]
2024-04-17 15:53:42.490 [ INFO] [           main] o.a.c.h.Http11NioProtocol      : log                  : 173        : Starting ProtocolHandler ["http-nio-9090"]
2024-04-17 15:53:42.500 [ INFO] [           main] c.i.s.ShoppingMallApplication  : logStarted           : 56         : Started ShoppingMallApplication in 1.796 seconds (process running for 2.101)
2024-04-17 15:53:46.029 [ INFO] [nio-9090-exec-1] o.a.c.c.C.[.[.[/]              : log                  : 173        : Initializing Spring DispatcherServlet 'dispatcherServlet'
2024-04-17 15:53:46.030 [ INFO] [nio-9090-exec-1] o.s.w.s.DispatcherServlet      : initServletBean      : 532        : Initializing Servlet 'dispatcherServlet'
2024-04-17 15:53:46.031 [ INFO] [nio-9090-exec-1] o.s.w.s.DispatcherServlet      : initServletBean      : 554        : Completed initialization in 1 ms
2024-04-17 15:54:23.313 [ INFO] [ionShutdownHook] tainerEntityManagerFactoryBean : destroy              : 650        : Closing JPA EntityManagerFactory for persistence unit 'default'
2024-04-17 15:54:23.315 [ INFO] [ionShutdownHook] c.z.h.HikariDataSource         : close                : 350        : HikariPool-1 - Shutdown initiated...
2024-04-17 15:54:23.318 [ INFO] [ionShutdownHook] c.z.h.HikariDataSource         : close                : 352        : HikariPool-1 - Shutdown completed.
2024-04-17 15:54:24.670 [ INFO] [kground-preinit] o.h.v.i.u.Version              : <clinit>             : 21         : HV000001: Hibernate Validator 8.0.1.Final
2024-04-17 15:54:24.680 [ INFO] [           main] c.i.s.ShoppingMallApplication  : logStarting          : 50         : Starting ShoppingMallApplication using Java 21.0.2 with PID 73076 (/Users/bagsuyeon/Desktop/Team_idle/target/classes started by bagsuyeon in /Users/bagsuyeon/Desktop/Team_idle)
2024-04-17 15:54:24.681 [ INFO] [           main] c.i.s.ShoppingMallApplication  : ogStartupProfileInfo : 654        : No active profile set, falling back to 1 default profile: "default"
2024-04-17 15:54:24.960 [ INFO] [           main] epositoryConfigurationDelegate : gisterRepositoriesIn : 139        : Bootstrapping Spring Data JPA repositories in DEFAULT mode.
2024-04-17 15:54:24.971 [ INFO] [           main] epositoryConfigurationDelegate : gisterRepositoriesIn : 208        : Finished Spring Data repository scanning in 7 ms. Found 0 JPA repository interfaces.
2024-04-17 15:54:25.159 [ INFO] [           main] o.a.c.h.Http11NioProtocol      : log                  : 173        : Initializing ProtocolHandler ["http-nio-9090"]
2024-04-17 15:54:25.160 [ INFO] [           main] o.a.c.c.StandardService        : log                  : 173        : Starting service [Tomcat]
2024-04-17 15:54:25.160 [ INFO] [           main] o.a.c.c.StandardEngine         : log                  : 173        : Starting Servlet engine: [Apache Tomcat/10.1.19]
2024-04-17 15:54:25.179 [ INFO] [           main] o.a.c.c.C.[.[.[/]              : log                  : 173        : Initializing Spring embedded WebApplicationContext
2024-04-17 15:54:25.229 [ INFO] [           main] c.z.h.HikariDataSource         : getConnection        : 110        : HikariPool-1 - Starting...
2024-04-17 15:54:25.352 [ INFO] [           main] c.z.h.p.HikariPool             : checkFailFast        : 565        : HikariPool-1 - Added connection com.mysql.cj.jdbc.ConnectionImpl@2b44605c
2024-04-17 15:54:25.353 [ INFO] [           main] c.z.h.HikariDataSource         : getConnection        : 123        : HikariPool-1 - Start completed.
2024-04-17 15:54:25.370 [ INFO] [           main] o.h.j.i.u.LogHelper            : tenceUnitInformation : 31         : HHH000204: Processing PersistenceUnitInfo [name: default]
2024-04-17 15:54:25.392 [ INFO] [           main] o.h.Version                    : logVersion           : 44         : HHH000412: Hibernate ORM core version 6.4.4.Final
2024-04-17 15:54:25.404 [ INFO] [           main] o.h.c.i.RegionFactoryInitiator : initiateService      : 50         : HHH000026: Second-level cache disabled
2024-04-17 15:54:25.478 [ INFO] [           main] .j.p.SpringPersistenceUnitInfo : addTransformer       : 87         : No LoadTimeWeaver setup: ignoring JPA class transformer
2024-04-17 15:54:25.637 [ INFO] [           main] e.t.j.p.i.JtaPlatformInitiator : initiateService      : 58         : HHH000489: No JTA platform available (set 'hibernate.transaction.jta.platform' to enable JTA platform integration)
2024-04-17 15:54:25.639 [ INFO] [           main] tainerEntityManagerFactoryBean : EntityManagerFactory : 437        : Initialized JPA EntityManagerFactory for persistence unit 'default'
2024-04-17 15:54:25.985 [ WARN] [           main] figuration$JpaWebConfiguration : gerInViewInterceptor : 232        : spring.jpa.open-in-view is enabled by default. Therefore, database queries may be performed during view rendering. Explicitly configure spring.jpa.open-in-view to disable this warning
2024-04-17 15:54:26.096 [ INFO] [           main] s.w.DefaultSecurityFilterChain : <init>               : 54         : Will secure any request with [org.springframework.security.web.session.DisableEncodeUrlFilter@57f6fc09, org.springframework.security.web.context.request.async.WebAsyncManagerIntegrationFilter@ae5d544, org.springframework.security.web.context.SecurityContextHolderFilter@742aa00a, org.springframework.security.web.header.HeaderWriterFilter@3bdc8975, org.springframework.web.filter.CorsFilter@5aec151b, org.springframework.security.web.authentication.logout.LogoutFilter@344acc03, org.springframework.security.oauth2.client.web.OAuth2AuthorizationRequestRedirectFilter@363e2009, org.springframework.security.oauth2.client.web.OAuth2LoginAuthenticationFilter@5d200dce, org.springframework.security.web.authentication.UsernamePasswordAuthenticationFilter@2cdd156b, org.springframework.security.web.savedrequest.RequestCacheAwareFilter@5ed463b7, org.springframework.security.web.servletapi.SecurityContextHolderAwareRequestFilter@1ae90cb9, org.springframework.security.web.authentication.AnonymousAuthenticationFilter@74cf2d5f, org.springframework.security.web.access.ExceptionTranslationFilter@65871cfd, org.springframework.security.web.access.intercept.AuthorizationFilter@5980e29f]
2024-04-17 15:54:26.176 [ INFO] [           main] o.a.c.h.Http11NioProtocol      : log                  : 173        : Starting ProtocolHandler ["http-nio-9090"]
2024-04-17 15:54:26.186 [ INFO] [           main] c.i.s.ShoppingMallApplication  : logStarted           : 56         : Started ShoppingMallApplication in 1.63 seconds (process running for 2.206)
2024-04-17 15:54:28.784 [ INFO] [nio-9090-exec-1] o.a.c.c.C.[.[.[/]              : log                  : 173        : Initializing Spring DispatcherServlet 'dispatcherServlet'
2024-04-17 15:54:28.784 [ INFO] [nio-9090-exec-1] o.s.w.s.DispatcherServlet      : initServletBean      : 532        : Initializing Servlet 'dispatcherServlet'
2024-04-17 15:54:28.786 [ INFO] [nio-9090-exec-1] o.s.w.s.DispatcherServlet      : initServletBean      : 554        : Completed initialization in 1 ms
2024-04-17 15:54:44.960 [ INFO] [ionShutdownHook] tainerEntityManagerFactoryBean : destroy              : 650        : Closing JPA EntityManagerFactory for persistence unit 'default'
2024-04-17 15:54:44.961 [ INFO] [ionShutdownHook] c.z.h.HikariDataSource         : close                : 350        : HikariPool-1 - Shutdown initiated...
2024-04-17 15:54:44.964 [ INFO] [ionShutdownHook] c.z.h.HikariDataSource         : close                : 352        : HikariPool-1 - Shutdown completed.
2024-04-17 15:54:46.132 [ INFO] [kground-preinit] o.h.v.i.u.Version              : <clinit>             : 21         : HV000001: Hibernate Validator 8.0.1.Final
2024-04-17 15:54:46.142 [ INFO] [           main] c.i.s.ShoppingMallApplication  : logStarting          : 50         : Starting ShoppingMallApplication using Java 21.0.2 with PID 73082 (/Users/bagsuyeon/Desktop/Team_idle/target/classes started by bagsuyeon in /Users/bagsuyeon/Desktop/Team_idle)
2024-04-17 15:54:46.143 [ INFO] [           main] c.i.s.ShoppingMallApplication  : ogStartupProfileInfo : 654        : No active profile set, falling back to 1 default profile: "default"
2024-04-17 15:54:46.387 [ INFO] [           main] epositoryConfigurationDelegate : gisterRepositoriesIn : 139        : Bootstrapping Spring Data JPA repositories in DEFAULT mode.
2024-04-17 15:54:46.398 [ INFO] [           main] epositoryConfigurationDelegate : gisterRepositoriesIn : 208        : Finished Spring Data repository scanning in 8 ms. Found 0 JPA repository interfaces.
2024-04-17 15:54:46.569 [ INFO] [           main] o.a.c.h.Http11NioProtocol      : log                  : 173        : Initializing ProtocolHandler ["http-nio-9090"]
2024-04-17 15:54:46.569 [ INFO] [           main] o.a.c.c.StandardService        : log                  : 173        : Starting service [Tomcat]
2024-04-17 15:54:46.569 [ INFO] [           main] o.a.c.c.StandardEngine         : log                  : 173        : Starting Servlet engine: [Apache Tomcat/10.1.19]
2024-04-17 15:54:46.583 [ INFO] [           main] o.a.c.c.C.[.[.[/]              : log                  : 173        : Initializing Spring embedded WebApplicationContext
2024-04-17 15:54:46.639 [ INFO] [           main] c.z.h.HikariDataSource         : getConnection        : 110        : HikariPool-1 - Starting...
2024-04-17 15:54:46.829 [ INFO] [           main] c.z.h.p.HikariPool             : checkFailFast        : 565        : HikariPool-1 - Added connection com.mysql.cj.jdbc.ConnectionImpl@401317a0
2024-04-17 15:54:46.830 [ INFO] [           main] c.z.h.HikariDataSource         : getConnection        : 123        : HikariPool-1 - Start completed.
2024-04-17 15:54:46.848 [ INFO] [           main] o.h.j.i.u.LogHelper            : tenceUnitInformation : 31         : HHH000204: Processing PersistenceUnitInfo [name: default]
2024-04-17 15:54:46.867 [ INFO] [           main] o.h.Version                    : logVersion           : 44         : HHH000412: Hibernate ORM core version 6.4.4.Final
2024-04-17 15:54:46.878 [ INFO] [           main] o.h.c.i.RegionFactoryInitiator : initiateService      : 50         : HHH000026: Second-level cache disabled
2024-04-17 15:54:46.945 [ INFO] [           main] .j.p.SpringPersistenceUnitInfo : addTransformer       : 87         : No LoadTimeWeaver setup: ignoring JPA class transformer
2024-04-17 15:54:47.102 [ INFO] [           main] e.t.j.p.i.JtaPlatformInitiator : initiateService      : 58         : HHH000489: No JTA platform available (set 'hibernate.transaction.jta.platform' to enable JTA platform integration)
2024-04-17 15:54:47.105 [ INFO] [           main] tainerEntityManagerFactoryBean : EntityManagerFactory : 437        : Initialized JPA EntityManagerFactory for persistence unit 'default'
2024-04-17 15:54:47.436 [ WARN] [           main] figuration$JpaWebConfiguration : gerInViewInterceptor : 232        : spring.jpa.open-in-view is enabled by default. Therefore, database queries may be performed during view rendering. Explicitly configure spring.jpa.open-in-view to disable this warning
2024-04-17 15:54:47.542 [ INFO] [           main] s.w.DefaultSecurityFilterChain : <init>               : 54         : Will secure any request with [org.springframework.security.web.session.DisableEncodeUrlFilter@175c26ff, org.springframework.security.web.context.request.async.WebAsyncManagerIntegrationFilter@623bdc46, org.springframework.security.web.context.SecurityContextHolderFilter@3ef04239, org.springframework.security.web.header.HeaderWriterFilter@4bba2704, org.springframework.web.filter.CorsFilter@411576c7, org.springframework.security.web.authentication.logout.LogoutFilter@13b5598b, org.springframework.security.oauth2.client.web.OAuth2AuthorizationRequestRedirectFilter@3a286095, org.springframework.security.oauth2.client.web.OAuth2LoginAuthenticationFilter@68c3aa38, org.springframework.security.web.authentication.UsernamePasswordAuthenticationFilter@ae5d544, org.springframework.security.web.savedrequest.RequestCacheAwareFilter@49994a4, org.springframework.security.web.servletapi.SecurityContextHolderAwareRequestFilter@1a82453, org.springframework.security.web.authentication.AnonymousAuthenticationFilter@332610ad, org.springframework.security.web.access.ExceptionTranslationFilter@344acc03, org.springframework.security.web.access.intercept.AuthorizationFilter@57f6fc09]
2024-04-17 15:54:47.619 [ INFO] [           main] o.a.c.h.Http11NioProtocol      : log                  : 173        : Starting ProtocolHandler ["http-nio-9090"]
2024-04-17 15:54:47.629 [ INFO] [           main] c.i.s.ShoppingMallApplication  : logStarted           : 56         : Started ShoppingMallApplication in 1.718 seconds (process running for 2.018)
2024-04-17 15:54:49.156 [ INFO] [nio-9090-exec-1] o.a.c.c.C.[.[.[/]              : log                  : 173        : Initializing Spring DispatcherServlet 'dispatcherServlet'
2024-04-17 15:54:49.156 [ INFO] [nio-9090-exec-1] o.s.w.s.DispatcherServlet      : initServletBean      : 532        : Initializing Servlet 'dispatcherServlet'
2024-04-17 15:54:49.158 [ INFO] [nio-9090-exec-1] o.s.w.s.DispatcherServlet      : initServletBean      : 554        : Completed initialization in 1 ms
2024-04-17 15:56:13.687 [ INFO] [ionShutdownHook] tainerEntityManagerFactoryBean : destroy              : 650        : Closing JPA EntityManagerFactory for persistence unit 'default'
2024-04-17 15:56:13.688 [ INFO] [ionShutdownHook] c.z.h.HikariDataSource         : close                : 350        : HikariPool-1 - Shutdown initiated...
2024-04-17 15:56:13.692 [ INFO] [ionShutdownHook] c.z.h.HikariDataSource         : close                : 352        : HikariPool-1 - Shutdown completed.
2024-04-17 15:56:14.927 [ INFO] [kground-preinit] o.h.v.i.u.Version              : <clinit>             : 21         : HV000001: Hibernate Validator 8.0.1.Final
2024-04-17 15:56:14.938 [ INFO] [           main] c.i.s.ShoppingMallApplication  : logStarting          : 50         : Starting ShoppingMallApplication using Java 21.0.2 with PID 74759 (/Users/bagsuyeon/Desktop/Team_idle/target/classes started by bagsuyeon in /Users/bagsuyeon/Desktop/Team_idle)
2024-04-17 15:56:14.940 [ INFO] [           main] c.i.s.ShoppingMallApplication  : ogStartupProfileInfo : 654        : No active profile set, falling back to 1 default profile: "default"
2024-04-17 15:56:15.356 [ INFO] [           main] epositoryConfigurationDelegate : gisterRepositoriesIn : 139        : Bootstrapping Spring Data JPA repositories in DEFAULT mode.
2024-04-17 15:56:15.367 [ INFO] [           main] epositoryConfigurationDelegate : gisterRepositoriesIn : 208        : Finished Spring Data repository scanning in 8 ms. Found 0 JPA repository interfaces.
2024-04-17 15:56:15.623 [ INFO] [           main] o.a.c.h.Http11NioProtocol      : log                  : 173        : Initializing ProtocolHandler ["http-nio-9090"]
2024-04-17 15:56:15.624 [ INFO] [           main] o.a.c.c.StandardService        : log                  : 173        : Starting service [Tomcat]
2024-04-17 15:56:15.624 [ INFO] [           main] o.a.c.c.StandardEngine         : log                  : 173        : Starting Servlet engine: [Apache Tomcat/10.1.19]
2024-04-17 15:56:15.645 [ INFO] [           main] o.a.c.c.C.[.[.[/]              : log                  : 173        : Initializing Spring embedded WebApplicationContext
2024-04-17 15:56:15.691 [ INFO] [           main] c.z.h.HikariDataSource         : getConnection        : 110        : HikariPool-1 - Starting...
2024-04-17 15:56:15.808 [ INFO] [           main] c.z.h.p.HikariPool             : checkFailFast        : 565        : HikariPool-1 - Added connection com.mysql.cj.jdbc.ConnectionImpl@66020d69
2024-04-17 15:56:15.809 [ INFO] [           main] c.z.h.HikariDataSource         : getConnection        : 123        : HikariPool-1 - Start completed.
2024-04-17 15:56:15.824 [ INFO] [           main] o.h.j.i.u.LogHelper            : tenceUnitInformation : 31         : HHH000204: Processing PersistenceUnitInfo [name: default]
2024-04-17 15:56:15.845 [ INFO] [           main] o.h.Version                    : logVersion           : 44         : HHH000412: Hibernate ORM core version 6.4.4.Final
2024-04-17 15:56:15.857 [ INFO] [           main] o.h.c.i.RegionFactoryInitiator : initiateService      : 50         : HHH000026: Second-level cache disabled
2024-04-17 15:56:15.932 [ INFO] [           main] .j.p.SpringPersistenceUnitInfo : addTransformer       : 87         : No LoadTimeWeaver setup: ignoring JPA class transformer
2024-04-17 15:56:16.094 [ INFO] [           main] e.t.j.p.i.JtaPlatformInitiator : initiateService      : 58         : HHH000489: No JTA platform available (set 'hibernate.transaction.jta.platform' to enable JTA platform integration)
2024-04-17 15:56:16.095 [ INFO] [           main] tainerEntityManagerFactoryBean : EntityManagerFactory : 437        : Initialized JPA EntityManagerFactory for persistence unit 'default'
2024-04-17 15:56:16.437 [ WARN] [           main] figuration$JpaWebConfiguration : gerInViewInterceptor : 232        : spring.jpa.open-in-view is enabled by default. Therefore, database queries may be performed during view rendering. Explicitly configure spring.jpa.open-in-view to disable this warning
2024-04-17 15:56:16.546 [ INFO] [           main] s.w.DefaultSecurityFilterChain : <init>               : 54         : Will secure any request with [org.springframework.security.web.session.DisableEncodeUrlFilter@ae5d544, org.springframework.security.web.context.request.async.WebAsyncManagerIntegrationFilter@5aec151b, org.springframework.security.web.context.SecurityContextHolderFilter@2be208db, org.springframework.security.web.header.HeaderWriterFilter@27ea552d, org.springframework.web.filter.CorsFilter@74cf2d5f, org.springframework.security.web.authentication.logout.LogoutFilter@50eae15a, org.springframework.security.oauth2.client.web.OAuth2AuthorizationRequestRedirectFilter@7b55fc83, org.springframework.security.oauth2.client.web.OAuth2LoginAuthenticationFilter@1a59500b, org.springframework.security.web.authentication.UsernamePasswordAuthenticationFilter@487bc2fe, org.springframework.security.web.savedrequest.RequestCacheAwareFilter@1ae90cb9, org.springframework.security.web.servletapi.SecurityContextHolderAwareRequestFilter@3b62c51e, org.springframework.security.web.authentication.AnonymousAuthenticationFilter@14b9817b, org.springframework.security.web.access.ExceptionTranslationFilter@723f8990, org.springframework.security.web.access.intercept.AuthorizationFilter@2cdd156b]
2024-04-17 15:56:16.623 [ INFO] [           main] o.a.c.h.Http11NioProtocol      : log                  : 173        : Starting ProtocolHandler ["http-nio-9090"]
2024-04-17 15:56:16.632 [ INFO] [           main] c.i.s.ShoppingMallApplication  : logStarted           : 56         : Started ShoppingMallApplication in 1.923 seconds (process running for 2.227)
2024-04-17 15:56:18.923 [ INFO] [nio-9090-exec-1] o.a.c.c.C.[.[.[/]              : log                  : 173        : Initializing Spring DispatcherServlet 'dispatcherServlet'
2024-04-17 15:56:18.923 [ INFO] [nio-9090-exec-1] o.s.w.s.DispatcherServlet      : initServletBean      : 532        : Initializing Servlet 'dispatcherServlet'
2024-04-17 15:56:18.925 [ INFO] [nio-9090-exec-1] o.s.w.s.DispatcherServlet      : initServletBean      : 554        : Completed initialization in 2 ms
2024-04-17 15:57:46.268 [ INFO] [ionShutdownHook] tainerEntityManagerFactoryBean : destroy              : 650        : Closing JPA EntityManagerFactory for persistence unit 'default'
2024-04-17 15:57:46.269 [ INFO] [ionShutdownHook] c.z.h.HikariDataSource         : close                : 350        : HikariPool-1 - Shutdown initiated...
2024-04-17 15:57:46.271 [ INFO] [ionShutdownHook] c.z.h.HikariDataSource         : close                : 352        : HikariPool-1 - Shutdown completed.
2024-04-17 15:57:47.444 [ INFO] [kground-preinit] o.h.v.i.u.Version              : <clinit>             : 21         : HV000001: Hibernate Validator 8.0.1.Final
2024-04-17 15:57:47.455 [ INFO] [           main] c.i.s.ShoppingMallApplication  : logStarting          : 50         : Starting ShoppingMallApplication using Java 21.0.2 with PID 74785 (/Users/bagsuyeon/Desktop/Team_idle/target/classes started by bagsuyeon in /Users/bagsuyeon/Desktop/Team_idle)
2024-04-17 15:57:47.456 [ INFO] [           main] c.i.s.ShoppingMallApplication  : ogStartupProfileInfo : 654        : No active profile set, falling back to 1 default profile: "default"
2024-04-17 15:57:47.737 [ INFO] [           main] epositoryConfigurationDelegate : gisterRepositoriesIn : 139        : Bootstrapping Spring Data JPA repositories in DEFAULT mode.
2024-04-17 15:57:47.748 [ INFO] [           main] epositoryConfigurationDelegate : gisterRepositoriesIn : 208        : Finished Spring Data repository scanning in 8 ms. Found 0 JPA repository interfaces.
2024-04-17 15:57:47.926 [ INFO] [           main] o.a.c.h.Http11NioProtocol      : log                  : 173        : Initializing ProtocolHandler ["http-nio-9090"]
2024-04-17 15:57:47.926 [ INFO] [           main] o.a.c.c.StandardService        : log                  : 173        : Starting service [Tomcat]
2024-04-17 15:57:47.926 [ INFO] [           main] o.a.c.c.StandardEngine         : log                  : 173        : Starting Servlet engine: [Apache Tomcat/10.1.19]
2024-04-17 15:57:47.942 [ INFO] [           main] o.a.c.c.C.[.[.[/]              : log                  : 173        : Initializing Spring embedded WebApplicationContext
2024-04-17 15:57:47.999 [ INFO] [           main] c.z.h.HikariDataSource         : getConnection        : 110        : HikariPool-1 - Starting...
2024-04-17 15:57:48.167 [ INFO] [           main] c.z.h.p.HikariPool             : checkFailFast        : 565        : HikariPool-1 - Added connection com.mysql.cj.jdbc.ConnectionImpl@1aedf08d
2024-04-17 15:57:48.168 [ INFO] [           main] c.z.h.HikariDataSource         : getConnection        : 123        : HikariPool-1 - Start completed.
2024-04-17 15:57:48.185 [ INFO] [           main] o.h.j.i.u.LogHelper            : tenceUnitInformation : 31         : HHH000204: Processing PersistenceUnitInfo [name: default]
2024-04-17 15:57:48.207 [ INFO] [           main] o.h.Version                    : logVersion           : 44         : HHH000412: Hibernate ORM core version 6.4.4.Final
2024-04-17 15:57:48.219 [ INFO] [           main] o.h.c.i.RegionFactoryInitiator : initiateService      : 50         : HHH000026: Second-level cache disabled
2024-04-17 15:57:48.292 [ INFO] [           main] .j.p.SpringPersistenceUnitInfo : addTransformer       : 87         : No LoadTimeWeaver setup: ignoring JPA class transformer
2024-04-17 15:57:48.460 [ INFO] [           main] e.t.j.p.i.JtaPlatformInitiator : initiateService      : 58         : HHH000489: No JTA platform available (set 'hibernate.transaction.jta.platform' to enable JTA platform integration)
2024-04-17 15:57:48.462 [ INFO] [           main] tainerEntityManagerFactoryBean : EntityManagerFactory : 437        : Initialized JPA EntityManagerFactory for persistence unit 'default'
2024-04-17 15:57:48.807 [ WARN] [           main] figuration$JpaWebConfiguration : gerInViewInterceptor : 232        : spring.jpa.open-in-view is enabled by default. Therefore, database queries may be performed during view rendering. Explicitly configure spring.jpa.open-in-view to disable this warning
2024-04-17 15:57:48.915 [ INFO] [           main] s.w.DefaultSecurityFilterChain : <init>               : 54         : Will secure any request with [org.springframework.security.web.session.DisableEncodeUrlFilter@795e8ef5, org.springframework.security.web.context.request.async.WebAsyncManagerIntegrationFilter@13976c57, org.springframework.security.web.context.SecurityContextHolderFilter@5ff8d76f, org.springframework.security.web.header.HeaderWriterFilter@49994a4, org.springframework.web.filter.CorsFilter@10b7b5f0, org.springframework.security.web.authentication.logout.LogoutFilter@76876421, org.springframework.security.oauth2.client.web.OAuth2AuthorizationRequestRedirectFilter@267a8777, org.springframework.security.oauth2.client.web.OAuth2LoginAuthenticationFilter@411576c7, org.springframework.security.web.authentication.UsernamePasswordAuthenticationFilter@a2ca681, org.springframework.security.web.savedrequest.RequestCacheAwareFilter@5746609e, org.springframework.security.web.servletapi.SecurityContextHolderAwareRequestFilter@40da1644, org.springframework.security.web.authentication.AnonymousAuthenticationFilter@80b70fd, org.springframework.security.web.access.ExceptionTranslationFilter@3ef04239, org.springframework.security.web.access.intercept.AuthorizationFilter@3052395d]
2024-04-17 15:57:48.998 [ INFO] [           main] o.a.c.h.Http11NioProtocol      : log                  : 173        : Starting ProtocolHandler ["http-nio-9090"]
2024-04-17 15:57:49.007 [ INFO] [           main] c.i.s.ShoppingMallApplication  : logStarted           : 56         : Started ShoppingMallApplication in 1.776 seconds (process running for 2.065)
2024-04-17 15:57:52.617 [ INFO] [nio-9090-exec-1] o.a.c.c.C.[.[.[/]              : log                  : 173        : Initializing Spring DispatcherServlet 'dispatcherServlet'
2024-04-17 15:57:52.617 [ INFO] [nio-9090-exec-1] o.s.w.s.DispatcherServlet      : initServletBean      : 532        : Initializing Servlet 'dispatcherServlet'
2024-04-17 15:57:52.618 [ INFO] [nio-9090-exec-1] o.s.w.s.DispatcherServlet      : initServletBean      : 554        : Completed initialization in 1 ms
2024-04-17 15:57:58.759 [ INFO] [ionShutdownHook] tainerEntityManagerFactoryBean : destroy              : 650        : Closing JPA EntityManagerFactory for persistence unit 'default'
2024-04-17 15:57:58.760 [ INFO] [ionShutdownHook] c.z.h.HikariDataSource         : close                : 350        : HikariPool-1 - Shutdown initiated...
2024-04-17 15:57:58.763 [ INFO] [ionShutdownHook] c.z.h.HikariDataSource         : close                : 352        : HikariPool-1 - Shutdown completed.
2024-04-17 15:57:59.875 [ INFO] [kground-preinit] o.h.v.i.u.Version              : <clinit>             : 21         : HV000001: Hibernate Validator 8.0.1.Final
2024-04-17 15:57:59.892 [ INFO] [           main] c.i.s.ShoppingMallApplication  : logStarting          : 50         : Starting ShoppingMallApplication using Java 21.0.2 with PID 74791 (/Users/bagsuyeon/Desktop/Team_idle/target/classes started by bagsuyeon in /Users/bagsuyeon/Desktop/Team_idle)
2024-04-17 15:57:59.893 [ INFO] [           main] c.i.s.ShoppingMallApplication  : ogStartupProfileInfo : 654        : No active profile set, falling back to 1 default profile: "default"
2024-04-17 15:58:00.151 [ INFO] [           main] epositoryConfigurationDelegate : gisterRepositoriesIn : 139        : Bootstrapping Spring Data JPA repositories in DEFAULT mode.
2024-04-17 15:58:00.162 [ INFO] [           main] epositoryConfigurationDelegate : gisterRepositoriesIn : 208        : Finished Spring Data repository scanning in 8 ms. Found 0 JPA repository interfaces.
2024-04-17 15:58:00.332 [ INFO] [           main] o.a.c.h.Http11NioProtocol      : log                  : 173        : Initializing ProtocolHandler ["http-nio-9090"]
2024-04-17 15:58:00.333 [ INFO] [           main] o.a.c.c.StandardService        : log                  : 173        : Starting service [Tomcat]
2024-04-17 15:58:00.333 [ INFO] [           main] o.a.c.c.StandardEngine         : log                  : 173        : Starting Servlet engine: [Apache Tomcat/10.1.19]
2024-04-17 15:58:00.347 [ INFO] [           main] o.a.c.c.C.[.[.[/]              : log                  : 173        : Initializing Spring embedded WebApplicationContext
2024-04-17 15:58:00.401 [ INFO] [           main] c.z.h.HikariDataSource         : getConnection        : 110        : HikariPool-1 - Starting...
2024-04-17 15:58:00.550 [ INFO] [           main] c.z.h.p.HikariPool             : checkFailFast        : 565        : HikariPool-1 - Added connection com.mysql.cj.jdbc.ConnectionImpl@1201769d
2024-04-17 15:58:00.551 [ INFO] [           main] c.z.h.HikariDataSource         : getConnection        : 123        : HikariPool-1 - Start completed.
2024-04-17 15:58:00.565 [ INFO] [           main] o.h.j.i.u.LogHelper            : tenceUnitInformation : 31         : HHH000204: Processing PersistenceUnitInfo [name: default]
2024-04-17 15:58:00.583 [ INFO] [           main] o.h.Version                    : logVersion           : 44         : HHH000412: Hibernate ORM core version 6.4.4.Final
2024-04-17 15:58:00.592 [ INFO] [           main] o.h.c.i.RegionFactoryInitiator : initiateService      : 50         : HHH000026: Second-level cache disabled
2024-04-17 15:58:00.658 [ INFO] [           main] .j.p.SpringPersistenceUnitInfo : addTransformer       : 87         : No LoadTimeWeaver setup: ignoring JPA class transformer
2024-04-17 15:58:00.804 [ INFO] [           main] e.t.j.p.i.JtaPlatformInitiator : initiateService      : 58         : HHH000489: No JTA platform available (set 'hibernate.transaction.jta.platform' to enable JTA platform integration)
2024-04-17 15:58:00.805 [ INFO] [           main] tainerEntityManagerFactoryBean : EntityManagerFactory : 437        : Initialized JPA EntityManagerFactory for persistence unit 'default'
2024-04-17 15:58:01.169 [ WARN] [           main] figuration$JpaWebConfiguration : gerInViewInterceptor : 232        : spring.jpa.open-in-view is enabled by default. Therefore, database queries may be performed during view rendering. Explicitly configure spring.jpa.open-in-view to disable this warning
2024-04-17 15:58:01.283 [ INFO] [           main] s.w.DefaultSecurityFilterChain : <init>               : 54         : Will secure any request with [org.springframework.security.web.session.DisableEncodeUrlFilter@13976c57, org.springframework.security.web.context.request.async.WebAsyncManagerIntegrationFilter@10b7b5f0, org.springframework.security.web.context.SecurityContextHolderFilter@178c4480, org.springframework.security.web.header.HeaderWriterFilter@1a82453, org.springframework.web.filter.CorsFilter@80b70fd, org.springframework.security.web.authentication.logout.LogoutFilter@c3836b6, org.springframework.security.oauth2.client.web.OAuth2AuthorizationRequestRedirectFilter@175c26ff, org.springframework.security.oauth2.client.web.OAuth2LoginAuthenticationFilter@332610ad, org.springframework.security.web.authentication.UsernamePasswordAuthenticationFilter@784c74e, org.springframework.security.web.savedrequest.RequestCacheAwareFilter@40da1644, org.springframework.security.web.servletapi.SecurityContextHolderAwareRequestFilter@5980e29f, org.springframework.security.web.authentication.AnonymousAuthenticationFilter@5af7e2f, org.springframework.security.web.access.ExceptionTranslationFilter@2468c0e4, org.springframework.security.web.access.intercept.AuthorizationFilter@a2ca681]
2024-04-17 15:58:01.373 [ INFO] [           main] o.a.c.h.Http11NioProtocol      : log                  : 173        : Starting ProtocolHandler ["http-nio-9090"]
2024-04-17 15:58:01.383 [ INFO] [           main] c.i.s.ShoppingMallApplication  : logStarted           : 56         : Started ShoppingMallApplication in 1.708 seconds (process running for 1.985)
2024-04-17 15:58:08.278 [ INFO] [nio-9090-exec-1] o.a.c.c.C.[.[.[/]              : log                  : 173        : Initializing Spring DispatcherServlet 'dispatcherServlet'
2024-04-17 15:58:08.278 [ INFO] [nio-9090-exec-1] o.s.w.s.DispatcherServlet      : initServletBean      : 532        : Initializing Servlet 'dispatcherServlet'
2024-04-17 15:58:08.280 [ INFO] [nio-9090-exec-1] o.s.w.s.DispatcherServlet      : initServletBean      : 554        : Completed initialization in 2 ms
2024-04-17 15:59:10.337 [ INFO] [ionShutdownHook] tainerEntityManagerFactoryBean : destroy              : 650        : Closing JPA EntityManagerFactory for persistence unit 'default'
2024-04-17 15:59:10.338 [ INFO] [ionShutdownHook] c.z.h.HikariDataSource         : close                : 350        : HikariPool-1 - Shutdown initiated...
2024-04-17 15:59:10.341 [ INFO] [ionShutdownHook] c.z.h.HikariDataSource         : close                : 352        : HikariPool-1 - Shutdown completed.
2024-04-17 15:59:11.528 [ INFO] [kground-preinit] o.h.v.i.u.Version              : <clinit>             : 21         : HV000001: Hibernate Validator 8.0.1.Final
2024-04-17 15:59:11.539 [ INFO] [           main] c.i.s.ShoppingMallApplication  : logStarting          : 50         : Starting ShoppingMallApplication using Java 21.0.2 with PID 74804 (/Users/bagsuyeon/Desktop/Team_idle/target/classes started by bagsuyeon in /Users/bagsuyeon/Desktop/Team_idle)
2024-04-17 15:59:11.540 [ INFO] [           main] c.i.s.ShoppingMallApplication  : ogStartupProfileInfo : 654        : No active profile set, falling back to 1 default profile: "default"
2024-04-17 15:59:11.809 [ INFO] [           main] epositoryConfigurationDelegate : gisterRepositoriesIn : 139        : Bootstrapping Spring Data JPA repositories in DEFAULT mode.
2024-04-17 15:59:11.821 [ INFO] [           main] epositoryConfigurationDelegate : gisterRepositoriesIn : 208        : Finished Spring Data repository scanning in 8 ms. Found 0 JPA repository interfaces.
2024-04-17 15:59:12.001 [ INFO] [           main] o.a.c.h.Http11NioProtocol      : log                  : 173        : Initializing ProtocolHandler ["http-nio-9090"]
2024-04-17 15:59:12.002 [ INFO] [           main] o.a.c.c.StandardService        : log                  : 173        : Starting service [Tomcat]
2024-04-17 15:59:12.002 [ INFO] [           main] o.a.c.c.StandardEngine         : log                  : 173        : Starting Servlet engine: [Apache Tomcat/10.1.19]
2024-04-17 15:59:12.017 [ INFO] [           main] o.a.c.c.C.[.[.[/]              : log                  : 173        : Initializing Spring embedded WebApplicationContext
2024-04-17 15:59:12.073 [ INFO] [           main] c.z.h.HikariDataSource         : getConnection        : 110        : HikariPool-1 - Starting...
2024-04-17 15:59:12.318 [ INFO] [           main] c.z.h.p.HikariPool             : checkFailFast        : 565        : HikariPool-1 - Added connection com.mysql.cj.jdbc.ConnectionImpl@1491cd6c
2024-04-17 15:59:12.319 [ INFO] [           main] c.z.h.HikariDataSource         : getConnection        : 123        : HikariPool-1 - Start completed.
2024-04-17 15:59:12.339 [ INFO] [           main] o.h.j.i.u.LogHelper            : tenceUnitInformation : 31         : HHH000204: Processing PersistenceUnitInfo [name: default]
2024-04-17 15:59:12.363 [ INFO] [           main] o.h.Version                    : logVersion           : 44         : HHH000412: Hibernate ORM core version 6.4.4.Final
2024-04-17 15:59:12.374 [ INFO] [           main] o.h.c.i.RegionFactoryInitiator : initiateService      : 50         : HHH000026: Second-level cache disabled
2024-04-17 15:59:12.450 [ INFO] [           main] .j.p.SpringPersistenceUnitInfo : addTransformer       : 87         : No LoadTimeWeaver setup: ignoring JPA class transformer
2024-04-17 15:59:12.610 [ INFO] [           main] e.t.j.p.i.JtaPlatformInitiator : initiateService      : 58         : HHH000489: No JTA platform available (set 'hibernate.transaction.jta.platform' to enable JTA platform integration)
2024-04-17 15:59:12.612 [ INFO] [           main] tainerEntityManagerFactoryBean : EntityManagerFactory : 437        : Initialized JPA EntityManagerFactory for persistence unit 'default'
2024-04-17 15:59:12.958 [ WARN] [           main] figuration$JpaWebConfiguration : gerInViewInterceptor : 232        : spring.jpa.open-in-view is enabled by default. Therefore, database queries may be performed during view rendering. Explicitly configure spring.jpa.open-in-view to disable this warning
2024-04-17 15:59:13.068 [ INFO] [           main] s.w.DefaultSecurityFilterChain : <init>               : 54         : Will secure any request with [org.springframework.security.web.session.DisableEncodeUrlFilter@411576c7, org.springframework.security.web.context.request.async.WebAsyncManagerIntegrationFilter@332610ad, org.springframework.security.web.context.SecurityContextHolderFilter@49994a4, org.springframework.security.web.header.HeaderWriterFilter@39179470, org.springframework.web.filter.CorsFilter@45bbb3e8, org.springframework.security.web.authentication.logout.LogoutFilter@18f794e, org.springframework.security.oauth2.client.web.OAuth2AuthorizationRequestRedirectFilter@11c40a65, org.springframework.security.oauth2.client.web.OAuth2LoginAuthenticationFilter@267a8777, org.springframework.security.web.authentication.UsernamePasswordAuthenticationFilter@74cf2d5f, org.springframework.security.web.savedrequest.RequestCacheAwareFilter@3df54fd5, org.springframework.security.web.servletapi.SecurityContextHolderAwareRequestFilter@5ff8d76f, org.springframework.security.web.authentication.AnonymousAuthenticationFilter@795e8ef5, org.springframework.security.web.access.ExceptionTranslationFilter@4bba2704, org.springframework.security.web.access.intercept.AuthorizationFilter@5aec151b]
2024-04-17 15:59:13.147 [ INFO] [           main] o.a.c.h.Http11NioProtocol      : log                  : 173        : Starting ProtocolHandler ["http-nio-9090"]
2024-04-17 15:59:13.157 [ INFO] [           main] c.i.s.ShoppingMallApplication  : logStarted           : 56         : Started ShoppingMallApplication in 1.841 seconds (process running for 2.148)
2024-04-17 15:59:17.621 [ INFO] [nio-9090-exec-1] o.a.c.c.C.[.[.[/]              : log                  : 173        : Initializing Spring DispatcherServlet 'dispatcherServlet'
2024-04-17 15:59:17.621 [ INFO] [nio-9090-exec-1] o.s.w.s.DispatcherServlet      : initServletBean      : 532        : Initializing Servlet 'dispatcherServlet'
2024-04-17 15:59:17.622 [ INFO] [nio-9090-exec-1] o.s.w.s.DispatcherServlet      : initServletBean      : 554        : Completed initialization in 1 ms
2024-04-17 16:00:49.056 [ INFO] [ionShutdownHook] tainerEntityManagerFactoryBean : destroy              : 650        : Closing JPA EntityManagerFactory for persistence unit 'default'
2024-04-17 16:00:49.057 [ INFO] [ionShutdownHook] c.z.h.HikariDataSource         : close                : 350        : HikariPool-1 - Shutdown initiated...
2024-04-17 16:00:49.059 [ INFO] [ionShutdownHook] c.z.h.HikariDataSource         : close                : 352        : HikariPool-1 - Shutdown completed.
2024-04-17 16:00:50.264 [ INFO] [kground-preinit] o.h.v.i.u.Version              : <clinit>             : 21         : HV000001: Hibernate Validator 8.0.1.Final
2024-04-17 16:00:50.273 [ INFO] [           main] c.i.s.ShoppingMallApplication  : logStarting          : 50         : Starting ShoppingMallApplication using Java 21.0.2 with PID 74819 (/Users/bagsuyeon/Desktop/Team_idle/target/classes started by bagsuyeon in /Users/bagsuyeon/Desktop/Team_idle)
2024-04-17 16:00:50.275 [ INFO] [           main] c.i.s.ShoppingMallApplication  : ogStartupProfileInfo : 654        : No active profile set, falling back to 1 default profile: "default"
2024-04-17 16:00:50.704 [ INFO] [           main] epositoryConfigurationDelegate : gisterRepositoriesIn : 139        : Bootstrapping Spring Data JPA repositories in DEFAULT mode.
2024-04-17 16:00:50.715 [ INFO] [           main] epositoryConfigurationDelegate : gisterRepositoriesIn : 208        : Finished Spring Data repository scanning in 8 ms. Found 0 JPA repository interfaces.
2024-04-17 16:00:50.907 [ INFO] [           main] o.a.c.h.Http11NioProtocol      : log                  : 173        : Initializing ProtocolHandler ["http-nio-9090"]
2024-04-17 16:00:50.908 [ INFO] [           main] o.a.c.c.StandardService        : log                  : 173        : Starting service [Tomcat]
2024-04-17 16:00:50.908 [ INFO] [           main] o.a.c.c.StandardEngine         : log                  : 173        : Starting Servlet engine: [Apache Tomcat/10.1.19]
2024-04-17 16:00:50.931 [ INFO] [           main] o.a.c.c.C.[.[.[/]              : log                  : 173        : Initializing Spring embedded WebApplicationContext
2024-04-17 16:00:50.983 [ INFO] [           main] c.z.h.HikariDataSource         : getConnection        : 110        : HikariPool-1 - Starting...
2024-04-17 16:00:51.128 [ INFO] [           main] c.z.h.p.HikariPool             : checkFailFast        : 565        : HikariPool-1 - Added connection com.mysql.cj.jdbc.ConnectionImpl@24a04257
2024-04-17 16:00:51.129 [ INFO] [           main] c.z.h.HikariDataSource         : getConnection        : 123        : HikariPool-1 - Start completed.
2024-04-17 16:00:51.145 [ INFO] [           main] o.h.j.i.u.LogHelper            : tenceUnitInformation : 31         : HHH000204: Processing PersistenceUnitInfo [name: default]
2024-04-17 16:00:51.183 [ INFO] [           main] o.h.Version                    : logVersion           : 44         : HHH000412: Hibernate ORM core version 6.4.4.Final
2024-04-17 16:00:51.195 [ INFO] [           main] o.h.c.i.RegionFactoryInitiator : initiateService      : 50         : HHH000026: Second-level cache disabled
2024-04-17 16:00:51.271 [ INFO] [           main] .j.p.SpringPersistenceUnitInfo : addTransformer       : 87         : No LoadTimeWeaver setup: ignoring JPA class transformer
2024-04-17 16:00:51.423 [ INFO] [           main] e.t.j.p.i.JtaPlatformInitiator : initiateService      : 58         : HHH000489: No JTA platform available (set 'hibernate.transaction.jta.platform' to enable JTA platform integration)
2024-04-17 16:00:51.425 [ INFO] [           main] tainerEntityManagerFactoryBean : EntityManagerFactory : 437        : Initialized JPA EntityManagerFactory for persistence unit 'default'
2024-04-17 16:00:51.776 [ WARN] [           main] figuration$JpaWebConfiguration : gerInViewInterceptor : 232        : spring.jpa.open-in-view is enabled by default. Therefore, database queries may be performed during view rendering. Explicitly configure spring.jpa.open-in-view to disable this warning
2024-04-17 16:00:51.885 [ INFO] [           main] s.w.DefaultSecurityFilterChain : <init>               : 54         : Will secure any request with [org.springframework.security.web.session.DisableEncodeUrlFilter@74cf2d5f, org.springframework.security.web.context.request.async.WebAsyncManagerIntegrationFilter@14b9817b, org.springframework.security.web.context.SecurityContextHolderFilter@1ae90cb9, org.springframework.security.web.header.HeaderWriterFilter@742aa00a, org.springframework.web.filter.CorsFilter@3052395d, org.springframework.security.web.authentication.logout.LogoutFilter@5b5f61cc, org.springframework.security.oauth2.client.web.OAuth2AuthorizationRequestRedirectFilter@5d200dce, org.springframework.security.oauth2.client.web.OAuth2LoginAuthenticationFilter@57f6fc09, org.springframework.security.web.authentication.UsernamePasswordAuthenticationFilter@6491006, org.springframework.security.web.savedrequest.RequestCacheAwareFilter@7db679, org.springframework.security.web.servletapi.SecurityContextHolderAwareRequestFilter@7dc9b41a, org.springframework.security.web.authentication.AnonymousAuthenticationFilter@a2ca681, org.springframework.security.web.access.ExceptionTranslationFilter@27ea552d, org.springframework.security.web.access.intercept.AuthorizationFilter@58038583]
2024-04-17 16:00:51.969 [ INFO] [           main] o.a.c.h.Http11NioProtocol      : log                  : 173        : Starting ProtocolHandler ["http-nio-9090"]
2024-04-17 16:00:51.979 [ INFO] [           main] c.i.s.ShoppingMallApplication  : logStarted           : 56         : Started ShoppingMallApplication in 1.936 seconds (process running for 2.228)
2024-04-17 16:08:34.526 [ WARN] [l-1 housekeeper] c.z.h.p.HikariPool             : run                  : 804        : HikariPool-1 - Thread starvation or clock leap detected (housekeeper delta=3m43s267ms).
2024-04-17 16:11:05.558 [ WARN] [l-1 housekeeper] c.z.h.p.HikariPool             : run                  : 804        : HikariPool-1 - Thread starvation or clock leap detected (housekeeper delta=2m31s34ms).
2024-04-17 16:12:09.341 [ WARN] [l-1 housekeeper] c.z.h.p.HikariPool             : run                  : 804        : HikariPool-1 - Thread starvation or clock leap detected (housekeeper delta=1m3s782ms).
2024-04-17 16:16:03.132 [ WARN] [l-1 housekeeper] c.z.h.p.HikariPool             : run                  : 804        : HikariPool-1 - Thread starvation or clock leap detected (housekeeper delta=3m53s791ms).
2024-04-17 16:21:03.611 [ INFO] [ionShutdownHook] tainerEntityManagerFactoryBean : destroy              : 650        : Closing JPA EntityManagerFactory for persistence unit 'default'
2024-04-17 16:21:03.614 [ INFO] [ionShutdownHook] c.z.h.HikariDataSource         : close                : 350        : HikariPool-1 - Shutdown initiated...
2024-04-17 16:21:03.619 [ INFO] [ionShutdownHook] c.z.h.HikariDataSource         : close                : 352        : HikariPool-1 - Shutdown completed.
2024-04-19 09:50:56.685 [ INFO] [kground-preinit] o.h.v.i.u.Version              : <clinit>             : 21         : HV000001: Hibernate Validator 8.0.1.Final
2024-04-19 09:50:56.698 [ INFO] [           main] c.i.s.ShoppingMallApplication  : logStarting          : 50         : Starting ShoppingMallApplication using Java 21.0.2 with PID 81526 (/Users/bagsuyeon/Desktop/Team_idle/target/classes started by bagsuyeon in /Users/bagsuyeon/Desktop/Team_idle)
2024-04-19 09:50:56.699 [ INFO] [           main] c.i.s.ShoppingMallApplication  : ogStartupProfileInfo : 654        : No active profile set, falling back to 1 default profile: "default"
2024-04-19 09:50:57.057 [ INFO] [           main] epositoryConfigurationDelegate : gisterRepositoriesIn : 139        : Bootstrapping Spring Data JPA repositories in DEFAULT mode.
2024-04-19 09:50:57.070 [ INFO] [           main] epositoryConfigurationDelegate : gisterRepositoriesIn : 208        : Finished Spring Data repository scanning in 9 ms. Found 0 JPA repository interfaces.
2024-04-19 09:50:57.287 [ INFO] [           main] o.a.c.h.Http11NioProtocol      : log                  : 173        : Initializing ProtocolHandler ["http-nio-80"]
2024-04-19 09:50:57.288 [ INFO] [           main] o.a.c.c.StandardService        : log                  : 173        : Starting service [Tomcat]
2024-04-19 09:50:57.288 [ INFO] [           main] o.a.c.c.StandardEngine         : log                  : 173        : Starting Servlet engine: [Apache Tomcat/10.1.19]
2024-04-19 09:50:57.304 [ INFO] [           main] o.a.c.c.C.[.[.[/]              : log                  : 173        : Initializing Spring embedded WebApplicationContext
2024-04-19 09:50:57.360 [ INFO] [           main] c.z.h.HikariDataSource         : getConnection        : 110        : HikariPool-1 - Starting...
2024-04-19 09:50:57.519 [ INFO] [           main] c.z.h.p.HikariPool             : checkFailFast        : 565        : HikariPool-1 - Added connection com.mysql.cj.jdbc.ConnectionImpl@1600a8a2
2024-04-19 09:50:57.520 [ INFO] [           main] c.z.h.HikariDataSource         : getConnection        : 123        : HikariPool-1 - Start completed.
2024-04-19 09:50:57.538 [ INFO] [           main] o.h.j.i.u.LogHelper            : tenceUnitInformation : 31         : HHH000204: Processing PersistenceUnitInfo [name: default]
2024-04-19 09:50:57.569 [ INFO] [           main] o.h.Version                    : logVersion           : 44         : HHH000412: Hibernate ORM core version 6.4.4.Final
2024-04-19 09:50:57.584 [ INFO] [           main] o.h.c.i.RegionFactoryInitiator : initiateService      : 50         : HHH000026: Second-level cache disabled
2024-04-19 09:50:57.669 [ INFO] [           main] .j.p.SpringPersistenceUnitInfo : addTransformer       : 87         : No LoadTimeWeaver setup: ignoring JPA class transformer
2024-04-19 09:50:57.873 [ INFO] [           main] e.t.j.p.i.JtaPlatformInitiator : initiateService      : 58         : HHH000489: No JTA platform available (set 'hibernate.transaction.jta.platform' to enable JTA platform integration)
2024-04-19 09:50:57.874 [ INFO] [           main] tainerEntityManagerFactoryBean : EntityManagerFactory : 437        : Initialized JPA EntityManagerFactory for persistence unit 'default'
2024-04-19 09:50:58.271 [ WARN] [           main] figuration$JpaWebConfiguration : gerInViewInterceptor : 232        : spring.jpa.open-in-view is enabled by default. Therefore, database queries may be performed during view rendering. Explicitly configure spring.jpa.open-in-view to disable this warning
2024-04-19 09:50:58.385 [ INFO] [           main] s.w.DefaultSecurityFilterChain : <init>               : 54         : Will secure any request with [org.springframework.security.web.session.DisableEncodeUrlFilter@294ab038, org.springframework.security.web.context.request.async.WebAsyncManagerIntegrationFilter@395abe85, org.springframework.security.web.context.SecurityContextHolderFilter@54816d7a, org.springframework.security.web.header.HeaderWriterFilter@58038583, org.springframework.web.filter.CorsFilter@55849272, org.springframework.security.web.authentication.logout.LogoutFilter@ae5d544, org.springframework.security.oauth2.client.web.OAuth2AuthorizationRequestRedirectFilter@5af7e2f, org.springframework.security.oauth2.client.web.OAuth2LoginAuthenticationFilter@5318731f, org.springframework.security.web.authentication.UsernamePasswordAuthenticationFilter@445f6aa7, org.springframework.security.web.savedrequest.RequestCacheAwareFilter@5eed2edf, org.springframework.security.web.servletapi.SecurityContextHolderAwareRequestFilter@4552e288, org.springframework.security.web.authentication.AnonymousAuthenticationFilter@2eb91767, org.springframework.security.web.access.ExceptionTranslationFilter@2cdd156b, org.springframework.security.web.access.intercept.AuthorizationFilter@26619e5]
2024-04-19 09:50:58.466 [ INFO] [           main] o.a.c.h.Http11NioProtocol      : log                  : 173        : Starting ProtocolHandler ["http-nio-80"]
2024-04-19 09:50:58.476 [ INFO] [           main] c.i.s.ShoppingMallApplication  : logStarted           : 56         : Started ShoppingMallApplication in 1.929 seconds (process running for 2.299)
2024-04-19 09:50:58.802 [ INFO] [ionShutdownHook] tainerEntityManagerFactoryBean : destroy              : 650        : Closing JPA EntityManagerFactory for persistence unit 'default'
2024-04-19 09:50:58.804 [ INFO] [ionShutdownHook] c.z.h.HikariDataSource         : close                : 350        : HikariPool-1 - Shutdown initiated...
2024-04-19 09:50:58.807 [ INFO] [ionShutdownHook] c.z.h.HikariDataSource         : close                : 352        : HikariPool-1 - Shutdown completed.
2024-04-19 09:50:59.923 [ INFO] [kground-preinit] o.h.v.i.u.Version              : <clinit>             : 21         : HV000001: Hibernate Validator 8.0.1.Final
2024-04-19 09:50:59.949 [ INFO] [           main] c.i.s.ShoppingMallApplication  : logStarting          : 50         : Starting ShoppingMallApplication using Java 21.0.2 with PID 81533 (/Users/bagsuyeon/Desktop/Team_idle/target/classes started by bagsuyeon in /Users/bagsuyeon/Desktop/Team_idle)
2024-04-19 09:50:59.951 [ INFO] [           main] c.i.s.ShoppingMallApplication  : ogStartupProfileInfo : 654        : No active profile set, falling back to 1 default profile: "default"
2024-04-19 09:51:00.227 [ INFO] [           main] epositoryConfigurationDelegate : gisterRepositoriesIn : 139        : Bootstrapping Spring Data JPA repositories in DEFAULT mode.
2024-04-19 09:51:00.241 [ INFO] [           main] epositoryConfigurationDelegate : gisterRepositoriesIn : 208        : Finished Spring Data repository scanning in 12 ms. Found 0 JPA repository interfaces.
2024-04-19 09:51:00.409 [ INFO] [           main] o.a.c.h.Http11NioProtocol      : log                  : 173        : Initializing ProtocolHandler ["http-nio-80"]
2024-04-19 09:51:00.409 [ INFO] [           main] o.a.c.c.StandardService        : log                  : 173        : Starting service [Tomcat]
2024-04-19 09:51:00.410 [ INFO] [           main] o.a.c.c.StandardEngine         : log                  : 173        : Starting Servlet engine: [Apache Tomcat/10.1.19]
2024-04-19 09:51:00.424 [ INFO] [           main] o.a.c.c.C.[.[.[/]              : log                  : 173        : Initializing Spring embedded WebApplicationContext
2024-04-19 09:51:00.478 [ INFO] [           main] c.z.h.HikariDataSource         : getConnection        : 110        : HikariPool-1 - Starting...
2024-04-19 09:51:00.610 [ INFO] [           main] c.z.h.p.HikariPool             : checkFailFast        : 565        : HikariPool-1 - Added connection com.mysql.cj.jdbc.ConnectionImpl@727986ad
2024-04-19 09:51:00.610 [ INFO] [           main] c.z.h.HikariDataSource         : getConnection        : 123        : HikariPool-1 - Start completed.
2024-04-19 09:51:00.623 [ INFO] [           main] o.h.j.i.u.LogHelper            : tenceUnitInformation : 31         : HHH000204: Processing PersistenceUnitInfo [name: default]
2024-04-19 09:51:00.640 [ INFO] [           main] o.h.Version                    : logVersion           : 44         : HHH000412: Hibernate ORM core version 6.4.4.Final
2024-04-19 09:51:00.650 [ INFO] [           main] o.h.c.i.RegionFactoryInitiator : initiateService      : 50         : HHH000026: Second-level cache disabled
2024-04-19 09:51:00.716 [ INFO] [           main] .j.p.SpringPersistenceUnitInfo : addTransformer       : 87         : No LoadTimeWeaver setup: ignoring JPA class transformer
2024-04-19 09:51:00.863 [ INFO] [           main] e.t.j.p.i.JtaPlatformInitiator : initiateService      : 58         : HHH000489: No JTA platform available (set 'hibernate.transaction.jta.platform' to enable JTA platform integration)
2024-04-19 09:51:00.864 [ INFO] [           main] tainerEntityManagerFactoryBean : EntityManagerFactory : 437        : Initialized JPA EntityManagerFactory for persistence unit 'default'
2024-04-19 09:51:01.201 [ WARN] [           main] figuration$JpaWebConfiguration : gerInViewInterceptor : 232        : spring.jpa.open-in-view is enabled by default. Therefore, database queries may be performed during view rendering. Explicitly configure spring.jpa.open-in-view to disable this warning
2024-04-19 09:51:01.314 [ INFO] [           main] s.w.DefaultSecurityFilterChain : <init>               : 54         : Will secure any request with [org.springframework.security.web.session.DisableEncodeUrlFilter@5318731f, org.springframework.security.web.context.request.async.WebAsyncManagerIntegrationFilter@2db82155, org.springframework.security.web.context.SecurityContextHolderFilter@58038583, org.springframework.security.web.header.HeaderWriterFilter@5980e29f, org.springframework.web.filter.CorsFilter@128d397c, org.springframework.security.web.authentication.logout.LogoutFilter@1a59500b, org.springframework.security.oauth2.client.web.OAuth2AuthorizationRequestRedirectFilter@13976c57, org.springframework.security.oauth2.client.web.OAuth2LoginAuthenticationFilter@5af7e2f, org.springframework.security.web.authentication.UsernamePasswordAuthenticationFilter@5bfeb9ba, org.springframework.security.web.savedrequest.RequestCacheAwareFilter@42fb2be9, org.springframework.security.web.servletapi.SecurityContextHolderAwareRequestFilter@54816d7a, org.springframework.security.web.authentication.AnonymousAuthenticationFilter@294ab038, org.springframework.security.web.access.ExceptionTranslationFilter@5746609e, org.springframework.security.web.access.intercept.AuthorizationFilter@1e9b0c92]
2024-04-19 09:51:01.394 [ INFO] [           main] o.a.c.h.Http11NioProtocol      : log                  : 173        : Starting ProtocolHandler ["http-nio-80"]
2024-04-19 09:51:01.404 [ INFO] [           main] c.i.s.ShoppingMallApplication  : logStarted           : 56         : Started ShoppingMallApplication in 1.645 seconds (process running for 1.944)
2024-04-19 09:51:39.946 [ INFO] [ionShutdownHook] tainerEntityManagerFactoryBean : destroy              : 650        : Closing JPA EntityManagerFactory for persistence unit 'default'
2024-04-19 09:51:39.947 [ INFO] [ionShutdownHook] c.z.h.HikariDataSource         : close                : 350        : HikariPool-1 - Shutdown initiated...
2024-04-19 09:51:39.950 [ INFO] [ionShutdownHook] c.z.h.HikariDataSource         : close                : 352        : HikariPool-1 - Shutdown completed.
2024-04-19 09:51:41.492 [ INFO] [kground-preinit] o.h.v.i.u.Version              : <clinit>             : 21         : HV000001: Hibernate Validator 8.0.1.Final
2024-04-19 09:51:41.502 [ INFO] [           main] c.i.s.ShoppingMallApplication  : logStarting          : 50         : Starting ShoppingMallApplication using Java 21.0.2 with PID 81550 (/Users/bagsuyeon/Desktop/Team_idle/target/classes started by bagsuyeon in /Users/bagsuyeon/Desktop/Team_idle)
2024-04-19 09:51:41.503 [ INFO] [           main] c.i.s.ShoppingMallApplication  : ogStartupProfileInfo : 654        : No active profile set, falling back to 1 default profile: "default"
2024-04-19 09:51:41.776 [ INFO] [           main] epositoryConfigurationDelegate : gisterRepositoriesIn : 139        : Bootstrapping Spring Data JPA repositories in DEFAULT mode.
2024-04-19 09:51:41.786 [ INFO] [           main] epositoryConfigurationDelegate : gisterRepositoriesIn : 208        : Finished Spring Data repository scanning in 7 ms. Found 0 JPA repository interfaces.
2024-04-19 09:51:41.970 [ INFO] [           main] o.a.c.h.Http11NioProtocol      : log                  : 173        : Initializing ProtocolHandler ["http-nio-80"]
2024-04-19 09:51:41.970 [ INFO] [           main] o.a.c.c.StandardService        : log                  : 173        : Starting service [Tomcat]
2024-04-19 09:51:41.971 [ INFO] [           main] o.a.c.c.StandardEngine         : log                  : 173        : Starting Servlet engine: [Apache Tomcat/10.1.19]
2024-04-19 09:51:41.989 [ INFO] [           main] o.a.c.c.C.[.[.[/]              : log                  : 173        : Initializing Spring embedded WebApplicationContext
2024-04-19 09:51:42.036 [ INFO] [           main] c.z.h.HikariDataSource         : getConnection        : 110        : HikariPool-1 - Starting...
2024-04-19 09:51:42.313 [ INFO] [           main] c.z.h.p.HikariPool             : checkFailFast        : 565        : HikariPool-1 - Added connection com.mysql.cj.jdbc.ConnectionImpl@21dea711
2024-04-19 09:51:42.313 [ INFO] [           main] c.z.h.HikariDataSource         : getConnection        : 123        : HikariPool-1 - Start completed.
2024-04-19 09:51:42.334 [ INFO] [           main] o.h.j.i.u.LogHelper            : tenceUnitInformation : 31         : HHH000204: Processing PersistenceUnitInfo [name: default]
2024-04-19 09:51:42.359 [ INFO] [           main] o.h.Version                    : logVersion           : 44         : HHH000412: Hibernate ORM core version 6.4.4.Final
2024-04-19 09:51:42.371 [ INFO] [           main] o.h.c.i.RegionFactoryInitiator : initiateService      : 50         : HHH000026: Second-level cache disabled
2024-04-19 09:51:42.449 [ INFO] [           main] .j.p.SpringPersistenceUnitInfo : addTransformer       : 87         : No LoadTimeWeaver setup: ignoring JPA class transformer
2024-04-19 09:51:42.618 [ INFO] [           main] e.t.j.p.i.JtaPlatformInitiator : initiateService      : 58         : HHH000489: No JTA platform available (set 'hibernate.transaction.jta.platform' to enable JTA platform integration)
2024-04-19 09:51:42.619 [ INFO] [           main] tainerEntityManagerFactoryBean : EntityManagerFactory : 437        : Initialized JPA EntityManagerFactory for persistence unit 'default'
2024-04-19 09:51:42.973 [ WARN] [           main] figuration$JpaWebConfiguration : gerInViewInterceptor : 232        : spring.jpa.open-in-view is enabled by default. Therefore, database queries may be performed during view rendering. Explicitly configure spring.jpa.open-in-view to disable this warning
2024-04-19 09:51:43.085 [ INFO] [           main] s.w.DefaultSecurityFilterChain : <init>               : 54         : Will secure any request with [org.springframework.security.web.session.DisableEncodeUrlFilter@5aec151b, org.springframework.security.web.context.request.async.WebAsyncManagerIntegrationFilter@74cf2d5f, org.springframework.security.web.context.SecurityContextHolderFilter@5ed463b7, org.springframework.security.web.header.HeaderWriterFilter@7a57c5d9, org.springframework.web.filter.CorsFilter@14b9817b, org.springframework.security.web.authentication.logout.LogoutFilter@4bba2704, org.springframework.security.oauth2.client.web.OAuth2AuthorizationRequestRedirectFilter@3615f8d9, org.springframework.security.oauth2.client.web.OAuth2LoginAuthenticationFilter@4e3c0627, org.springframework.security.web.authentication.UsernamePasswordAuthenticationFilter@58038583, org.springframework.security.web.savedrequest.RequestCacheAwareFilter@3b62c51e, org.springframework.security.web.servletapi.SecurityContextHolderAwareRequestFilter@7db679, org.springframework.security.web.authentication.AnonymousAuthenticationFilter@3052395d, org.springframework.security.web.access.ExceptionTranslationFilter@3bdc8975, org.springframework.security.web.access.intercept.AuthorizationFilter@487bc2fe]
2024-04-19 09:51:43.166 [ INFO] [           main] o.a.c.h.Http11NioProtocol      : log                  : 173        : Starting ProtocolHandler ["http-nio-80"]
2024-04-19 09:51:43.176 [ INFO] [           main] c.i.s.ShoppingMallApplication  : logStarted           : 56         : Started ShoppingMallApplication in 1.797 seconds (process running for 2.571)
2024-04-19 09:51:59.792 [ INFO] [ionShutdownHook] tainerEntityManagerFactoryBean : destroy              : 650        : Closing JPA EntityManagerFactory for persistence unit 'default'
2024-04-19 09:51:59.794 [ INFO] [ionShutdownHook] c.z.h.HikariDataSource         : close                : 350        : HikariPool-1 - Shutdown initiated...
2024-04-19 09:51:59.797 [ INFO] [ionShutdownHook] c.z.h.HikariDataSource         : close                : 352        : HikariPool-1 - Shutdown completed.
2024-04-19 09:52:00.932 [ INFO] [kground-preinit] o.h.v.i.u.Version              : <clinit>             : 21         : HV000001: Hibernate Validator 8.0.1.Final
2024-04-19 09:52:00.944 [ INFO] [           main] c.i.s.ShoppingMallApplication  : logStarting          : 50         : Starting ShoppingMallApplication using Java 21.0.2 with PID 81574 (/Users/bagsuyeon/Desktop/Team_idle/target/classes started by bagsuyeon in /Users/bagsuyeon/Desktop/Team_idle)
2024-04-19 09:52:00.945 [ INFO] [           main] c.i.s.ShoppingMallApplication  : ogStartupProfileInfo : 654        : No active profile set, falling back to 1 default profile: "default"
2024-04-19 09:52:01.220 [ INFO] [           main] epositoryConfigurationDelegate : gisterRepositoriesIn : 139        : Bootstrapping Spring Data JPA repositories in DEFAULT mode.
2024-04-19 09:52:01.231 [ INFO] [           main] epositoryConfigurationDelegate : gisterRepositoriesIn : 208        : Finished Spring Data repository scanning in 8 ms. Found 0 JPA repository interfaces.
2024-04-19 09:52:01.419 [ INFO] [           main] o.a.c.h.Http11NioProtocol      : log                  : 173        : Initializing ProtocolHandler ["http-nio-80"]
2024-04-19 09:52:01.420 [ INFO] [           main] o.a.c.c.StandardService        : log                  : 173        : Starting service [Tomcat]
2024-04-19 09:52:01.420 [ INFO] [           main] o.a.c.c.StandardEngine         : log                  : 173        : Starting Servlet engine: [Apache Tomcat/10.1.19]
2024-04-19 09:52:01.437 [ INFO] [           main] o.a.c.c.C.[.[.[/]              : log                  : 173        : Initializing Spring embedded WebApplicationContext
2024-04-19 09:52:01.492 [ INFO] [           main] c.z.h.HikariDataSource         : getConnection        : 110        : HikariPool-1 - Starting...
2024-04-19 09:52:01.646 [ INFO] [           main] c.z.h.p.HikariPool             : checkFailFast        : 565        : HikariPool-1 - Added connection com.mysql.cj.jdbc.ConnectionImpl@1600a8a2
2024-04-19 09:52:01.647 [ INFO] [           main] c.z.h.HikariDataSource         : getConnection        : 123        : HikariPool-1 - Start completed.
2024-04-19 09:52:01.663 [ INFO] [           main] o.h.j.i.u.LogHelper            : tenceUnitInformation : 31         : HHH000204: Processing PersistenceUnitInfo [name: default]
2024-04-19 09:52:01.686 [ INFO] [           main] o.h.Version                    : logVersion           : 44         : HHH000412: Hibernate ORM core version 6.4.4.Final
2024-04-19 09:52:01.698 [ INFO] [           main] o.h.c.i.RegionFactoryInitiator : initiateService      : 50         : HHH000026: Second-level cache disabled
2024-04-19 09:52:01.772 [ INFO] [           main] .j.p.SpringPersistenceUnitInfo : addTransformer       : 87         : No LoadTimeWeaver setup: ignoring JPA class transformer
2024-04-19 09:52:01.938 [ INFO] [           main] e.t.j.p.i.JtaPlatformInitiator : initiateService      : 58         : HHH000489: No JTA platform available (set 'hibernate.transaction.jta.platform' to enable JTA platform integration)
2024-04-19 09:52:01.940 [ INFO] [           main] tainerEntityManagerFactoryBean : EntityManagerFactory : 437        : Initialized JPA EntityManagerFactory for persistence unit 'default'
2024-04-19 09:52:02.294 [ WARN] [           main] figuration$JpaWebConfiguration : gerInViewInterceptor : 232        : spring.jpa.open-in-view is enabled by default. Therefore, database queries may be performed during view rendering. Explicitly configure spring.jpa.open-in-view to disable this warning
2024-04-19 09:52:02.407 [ INFO] [           main] s.w.DefaultSecurityFilterChain : <init>               : 54         : Will secure any request with [org.springframework.security.web.session.DisableEncodeUrlFilter@294ab038, org.springframework.security.web.context.request.async.WebAsyncManagerIntegrationFilter@395abe85, org.springframework.security.web.context.SecurityContextHolderFilter@54816d7a, org.springframework.security.web.header.HeaderWriterFilter@58038583, org.springframework.web.filter.CorsFilter@55849272, org.springframework.security.web.authentication.logout.LogoutFilter@ae5d544, org.springframework.security.oauth2.client.web.OAuth2AuthorizationRequestRedirectFilter@5af7e2f, org.springframework.security.oauth2.client.web.OAuth2LoginAuthenticationFilter@5318731f, org.springframework.security.web.authentication.UsernamePasswordAuthenticationFilter@445f6aa7, org.springframework.security.web.savedrequest.RequestCacheAwareFilter@5eed2edf, org.springframework.security.web.servletapi.SecurityContextHolderAwareRequestFilter@4552e288, org.springframework.security.web.authentication.AnonymousAuthenticationFilter@2eb91767, org.springframework.security.web.access.ExceptionTranslationFilter@2cdd156b, org.springframework.security.web.access.intercept.AuthorizationFilter@26619e5]
2024-04-19 09:52:02.487 [ INFO] [           main] o.a.c.h.Http11NioProtocol      : log                  : 173        : Starting ProtocolHandler ["http-nio-80"]
2024-04-19 09:52:02.497 [ INFO] [           main] c.i.s.ShoppingMallApplication  : logStarted           : 56         : Started ShoppingMallApplication in 1.755 seconds (process running for 2.058)
2024-04-19 09:53:14.857 [ INFO] [p-nio-80-exec-1] o.a.c.c.C.[.[.[/]              : log                  : 173        : Initializing Spring DispatcherServlet 'dispatcherServlet'
2024-04-19 09:53:14.858 [ INFO] [p-nio-80-exec-1] o.s.w.s.DispatcherServlet      : initServletBean      : 532        : Initializing Servlet 'dispatcherServlet'
2024-04-19 09:53:14.859 [ INFO] [p-nio-80-exec-1] o.s.w.s.DispatcherServlet      : initServletBean      : 554        : Completed initialization in 1 ms
2024-04-19 09:56:03.323 [ INFO] [ionShutdownHook] tainerEntityManagerFactoryBean : destroy              : 650        : Closing JPA EntityManagerFactory for persistence unit 'default'
2024-04-19 09:56:03.324 [ INFO] [ionShutdownHook] c.z.h.HikariDataSource         : close                : 350        : HikariPool-1 - Shutdown initiated...
2024-04-19 09:56:03.327 [ INFO] [ionShutdownHook] c.z.h.HikariDataSource         : close                : 352        : HikariPool-1 - Shutdown completed.
2024-04-19 09:56:04.800 [ INFO] [kground-preinit] o.h.v.i.u.Version              : <clinit>             : 21         : HV000001: Hibernate Validator 8.0.1.Final
2024-04-19 09:56:04.811 [ INFO] [           main] c.i.s.ShoppingMallApplication  : logStarting          : 50         : Starting ShoppingMallApplication using Java 21.0.2 with PID 81737 (/Users/bagsuyeon/Desktop/Team_idle/target/classes started by bagsuyeon in /Users/bagsuyeon/Desktop/Team_idle)
2024-04-19 09:56:04.812 [ INFO] [           main] c.i.s.ShoppingMallApplication  : ogStartupProfileInfo : 654        : No active profile set, falling back to 1 default profile: "default"
2024-04-19 09:56:05.082 [ INFO] [           main] epositoryConfigurationDelegate : gisterRepositoriesIn : 139        : Bootstrapping Spring Data JPA repositories in DEFAULT mode.
2024-04-19 09:56:05.096 [ INFO] [           main] epositoryConfigurationDelegate : gisterRepositoriesIn : 208        : Finished Spring Data repository scanning in 7 ms. Found 0 JPA repository interfaces.
2024-04-19 09:56:05.289 [ INFO] [           main] o.a.c.h.Http11NioProtocol      : log                  : 173        : Initializing ProtocolHandler ["http-nio-80"]
2024-04-19 09:56:05.289 [ INFO] [           main] o.a.c.c.StandardService        : log                  : 173        : Starting service [Tomcat]
2024-04-19 09:56:05.290 [ INFO] [           main] o.a.c.c.StandardEngine         : log                  : 173        : Starting Servlet engine: [Apache Tomcat/10.1.19]
2024-04-19 09:56:05.307 [ INFO] [           main] o.a.c.c.C.[.[.[/]              : log                  : 173        : Initializing Spring embedded WebApplicationContext
2024-04-19 09:56:05.355 [ INFO] [           main] c.z.h.HikariDataSource         : getConnection        : 110        : HikariPool-1 - Starting...
2024-04-19 09:56:05.539 [ INFO] [           main] c.z.h.p.HikariPool             : checkFailFast        : 565        : HikariPool-1 - Added connection com.mysql.cj.jdbc.ConnectionImpl@a21c74
2024-04-19 09:56:05.540 [ INFO] [           main] c.z.h.HikariDataSource         : getConnection        : 123        : HikariPool-1 - Start completed.
2024-04-19 09:56:05.568 [ INFO] [           main] o.h.j.i.u.LogHelper            : tenceUnitInformation : 31         : HHH000204: Processing PersistenceUnitInfo [name: default]
2024-04-19 09:56:05.594 [ INFO] [           main] o.h.Version                    : logVersion           : 44         : HHH000412: Hibernate ORM core version 6.4.4.Final
2024-04-19 09:56:05.608 [ INFO] [           main] o.h.c.i.RegionFactoryInitiator : initiateService      : 50         : HHH000026: Second-level cache disabled
2024-04-19 09:56:05.690 [ INFO] [           main] .j.p.SpringPersistenceUnitInfo : addTransformer       : 87         : No LoadTimeWeaver setup: ignoring JPA class transformer
2024-04-19 09:56:05.921 [ INFO] [           main] e.t.j.p.i.JtaPlatformInitiator : initiateService      : 58         : HHH000489: No JTA platform available (set 'hibernate.transaction.jta.platform' to enable JTA platform integration)
2024-04-19 09:56:05.923 [ INFO] [           main] tainerEntityManagerFactoryBean : EntityManagerFactory : 437        : Initialized JPA EntityManagerFactory for persistence unit 'default'
2024-04-19 09:56:06.272 [ WARN] [           main] figuration$JpaWebConfiguration : gerInViewInterceptor : 232        : spring.jpa.open-in-view is enabled by default. Therefore, database queries may be performed during view rendering. Explicitly configure spring.jpa.open-in-view to disable this warning
2024-04-19 09:56:06.381 [ INFO] [           main] s.w.DefaultSecurityFilterChain : <init>               : 54         : Will secure any request with [org.springframework.security.web.session.DisableEncodeUrlFilter@14b9817b, org.springframework.security.web.context.request.async.WebAsyncManagerIntegrationFilter@3052395d, org.springframework.security.web.context.SecurityContextHolderFilter@3b62c51e, org.springframework.security.web.header.HeaderWriterFilter@2be208db, org.springframework.web.filter.CorsFilter@a2ca681, org.springframework.security.web.authentication.logout.LogoutFilter@39179470, org.springframework.security.oauth2.client.web.OAuth2AuthorizationRequestRedirectFilter@1a59500b, org.springframework.security.oauth2.client.web.OAuth2LoginAuthenticationFilter@ae5d544, org.springframework.security.web.authentication.UsernamePasswordAuthenticationFilter@42fb2be9, org.springframework.security.web.savedrequest.RequestCacheAwareFilter@7dc9b41a, org.springframework.security.web.servletapi.SecurityContextHolderAwareRequestFilter@2f97e3de, org.springframework.security.web.authentication.AnonymousAuthenticationFilter@784c74e, org.springframework.security.web.access.ExceptionTranslationFilter@7a57c5d9, org.springframework.security.web.access.intercept.AuthorizationFilter@6491006]
2024-04-19 09:56:06.461 [ INFO] [           main] o.a.c.h.Http11NioProtocol      : log                  : 173        : Starting ProtocolHandler ["http-nio-80"]
2024-04-19 09:56:06.471 [ INFO] [           main] c.i.s.ShoppingMallApplication  : logStarted           : 56         : Started ShoppingMallApplication in 1.903 seconds (process running for 2.446)
2024-04-19 09:56:12.169 [ INFO] [p-nio-80-exec-1] o.a.c.c.C.[.[.[/]              : log                  : 173        : Initializing Spring DispatcherServlet 'dispatcherServlet'
2024-04-19 09:56:12.169 [ INFO] [p-nio-80-exec-1] o.s.w.s.DispatcherServlet      : initServletBean      : 532        : Initializing Servlet 'dispatcherServlet'
2024-04-19 09:56:12.170 [ INFO] [p-nio-80-exec-1] o.s.w.s.DispatcherServlet      : initServletBean      : 554        : Completed initialization in 1 ms
2024-04-19 10:05:58.059 [ INFO] [ionShutdownHook] tainerEntityManagerFactoryBean : destroy              : 650        : Closing JPA EntityManagerFactory for persistence unit 'default'
2024-04-19 10:05:58.062 [ INFO] [ionShutdownHook] c.z.h.HikariDataSource         : close                : 350        : HikariPool-1 - Shutdown initiated...
2024-04-19 10:05:58.066 [ INFO] [ionShutdownHook] c.z.h.HikariDataSource         : close                : 352        : HikariPool-1 - Shutdown completed.
2024-04-19 10:05:59.293 [ INFO] [kground-preinit] o.h.v.i.u.Version              : <clinit>             : 21         : HV000001: Hibernate Validator 8.0.1.Final
2024-04-19 10:05:59.308 [ INFO] [           main] c.i.s.ShoppingMallApplication  : logStarting          : 50         : Starting ShoppingMallApplication using Java 21.0.2 with PID 82187 (/Users/bagsuyeon/Desktop/Team_idle/target/classes started by bagsuyeon in /Users/bagsuyeon/Desktop/Team_idle)
2024-04-19 10:05:59.309 [ INFO] [           main] c.i.s.ShoppingMallApplication  : ogStartupProfileInfo : 654        : No active profile set, falling back to 1 default profile: "default"
2024-04-19 10:05:59.745 [ INFO] [           main] epositoryConfigurationDelegate : gisterRepositoriesIn : 139        : Bootstrapping Spring Data JPA repositories in DEFAULT mode.
2024-04-19 10:05:59.757 [ INFO] [           main] epositoryConfigurationDelegate : gisterRepositoriesIn : 208        : Finished Spring Data repository scanning in 9 ms. Found 0 JPA repository interfaces.
2024-04-19 10:05:59.955 [ INFO] [           main] o.a.c.h.Http11NioProtocol      : log                  : 173        : Initializing ProtocolHandler ["http-nio-80"]
2024-04-19 10:05:59.956 [ INFO] [           main] o.a.c.c.StandardService        : log                  : 173        : Starting service [Tomcat]
2024-04-19 10:05:59.956 [ INFO] [           main] o.a.c.c.StandardEngine         : log                  : 173        : Starting Servlet engine: [Apache Tomcat/10.1.19]
2024-04-19 10:05:59.974 [ INFO] [           main] o.a.c.c.C.[.[.[/]              : log                  : 173        : Initializing Spring embedded WebApplicationContext
2024-04-19 10:06:00.021 [ INFO] [           main] c.z.h.HikariDataSource         : getConnection        : 110        : HikariPool-1 - Starting...
2024-04-19 10:06:00.154 [ INFO] [           main] c.z.h.p.HikariPool             : checkFailFast        : 565        : HikariPool-1 - Added connection com.mysql.cj.jdbc.ConnectionImpl@b8a144e
2024-04-19 10:06:00.155 [ INFO] [           main] c.z.h.HikariDataSource         : getConnection        : 123        : HikariPool-1 - Start completed.
2024-04-19 10:06:00.171 [ INFO] [           main] o.h.j.i.u.LogHelper            : tenceUnitInformation : 31         : HHH000204: Processing PersistenceUnitInfo [name: default]
2024-04-19 10:06:00.195 [ INFO] [           main] o.h.Version                    : logVersion           : 44         : HHH000412: Hibernate ORM core version 6.4.4.Final
2024-04-19 10:06:00.207 [ INFO] [           main] o.h.c.i.RegionFactoryInitiator : initiateService      : 50         : HHH000026: Second-level cache disabled
2024-04-19 10:06:00.279 [ INFO] [           main] .j.p.SpringPersistenceUnitInfo : addTransformer       : 87         : No LoadTimeWeaver setup: ignoring JPA class transformer
2024-04-19 10:06:00.437 [ INFO] [           main] e.t.j.p.i.JtaPlatformInitiator : initiateService      : 58         : HHH000489: No JTA platform available (set 'hibernate.transaction.jta.platform' to enable JTA platform integration)
2024-04-19 10:06:00.438 [ INFO] [           main] tainerEntityManagerFactoryBean : EntityManagerFactory : 437        : Initialized JPA EntityManagerFactory for persistence unit 'default'
2024-04-19 10:06:00.790 [ WARN] [           main] figuration$JpaWebConfiguration : gerInViewInterceptor : 232        : spring.jpa.open-in-view is enabled by default. Therefore, database queries may be performed during view rendering. Explicitly configure spring.jpa.open-in-view to disable this warning
2024-04-19 10:06:00.897 [ INFO] [           main] s.w.DefaultSecurityFilterChain : <init>               : 54         : Will secure any request with [org.springframework.security.web.session.DisableEncodeUrlFilter@3052395d, org.springframework.security.web.context.request.async.WebAsyncManagerIntegrationFilter@a2ca681, org.springframework.security.web.context.SecurityContextHolderFilter@7db679, org.springframework.security.web.header.HeaderWriterFilter@5ed463b7, org.springframework.web.filter.CorsFilter@784c74e, org.springframework.security.web.authentication.logout.LogoutFilter@3ef04239, org.springframework.security.oauth2.client.web.OAuth2AuthorizationRequestRedirectFilter@4e3c0627, org.springframework.security.oauth2.client.web.OAuth2LoginAuthenticationFilter@5aec151b, org.springframework.security.web.authentication.UsernamePasswordAuthenticationFilter@54816d7a, org.springframework.security.web.savedrequest.RequestCacheAwareFilter@2f97e3de, org.springframework.security.web.servletapi.SecurityContextHolderAwareRequestFilter@2f09907, org.springframework.security.web.authentication.AnonymousAuthenticationFilter@5fee3c9c, org.springframework.security.web.access.ExceptionTranslationFilter@742aa00a, org.springframework.security.web.access.intercept.AuthorizationFilter@42fb2be9]
2024-04-19 10:06:00.982 [ INFO] [           main] o.a.c.h.Http11NioProtocol      : log                  : 173        : Starting ProtocolHandler ["http-nio-80"]
2024-04-19 10:06:00.991 [ INFO] [           main] c.i.s.ShoppingMallApplication  : logStarted           : 56         : Started ShoppingMallApplication in 1.908 seconds (process running for 2.223)
2024-04-19 10:06:22.863 [ INFO] [p-nio-80-exec-1] o.a.c.c.C.[.[.[/]              : log                  : 173        : Initializing Spring DispatcherServlet 'dispatcherServlet'
2024-04-19 10:06:22.863 [ INFO] [p-nio-80-exec-1] o.s.w.s.DispatcherServlet      : initServletBean      : 532        : Initializing Servlet 'dispatcherServlet'
2024-04-19 10:06:22.864 [ INFO] [p-nio-80-exec-1] o.s.w.s.DispatcherServlet      : initServletBean      : 554        : Completed initialization in 1 ms
2024-04-19 10:17:16.750 [ INFO] [ionShutdownHook] tainerEntityManagerFactoryBean : destroy              : 650        : Closing JPA EntityManagerFactory for persistence unit 'default'
2024-04-19 10:17:16.752 [ INFO] [ionShutdownHook] c.z.h.HikariDataSource         : close                : 350        : HikariPool-1 - Shutdown initiated...
2024-04-19 10:17:16.755 [ INFO] [ionShutdownHook] c.z.h.HikariDataSource         : close                : 352        : HikariPool-1 - Shutdown completed.
2024-04-19 10:17:17.925 [ INFO] [kground-preinit] o.h.v.i.u.Version              : <clinit>             : 21         : HV000001: Hibernate Validator 8.0.1.Final
2024-04-19 10:17:17.938 [ INFO] [           main] c.i.s.ShoppingMallApplication  : logStarting          : 50         : Starting ShoppingMallApplication using Java 21.0.2 with PID 83052 (/Users/bagsuyeon/Desktop/Team_idle/target/classes started by bagsuyeon in /Users/bagsuyeon/Desktop/Team_idle)
2024-04-19 10:17:17.939 [ INFO] [           main] c.i.s.ShoppingMallApplication  : ogStartupProfileInfo : 654        : No active profile set, falling back to 1 default profile: "default"
2024-04-19 10:17:18.218 [ INFO] [           main] epositoryConfigurationDelegate : gisterRepositoriesIn : 139        : Bootstrapping Spring Data JPA repositories in DEFAULT mode.
2024-04-19 10:17:18.229 [ INFO] [           main] epositoryConfigurationDelegate : gisterRepositoriesIn : 208        : Finished Spring Data repository scanning in 8 ms. Found 0 JPA repository interfaces.
2024-04-19 10:17:18.433 [ INFO] [           main] o.a.c.h.Http11NioProtocol      : log                  : 173        : Initializing ProtocolHandler ["http-nio-80"]
2024-04-19 10:17:18.433 [ INFO] [           main] o.a.c.c.StandardService        : log                  : 173        : Starting service [Tomcat]
2024-04-19 10:17:18.433 [ INFO] [           main] o.a.c.c.StandardEngine         : log                  : 173        : Starting Servlet engine: [Apache Tomcat/10.1.19]
2024-04-19 10:17:18.450 [ INFO] [           main] o.a.c.c.C.[.[.[/]              : log                  : 173        : Initializing Spring embedded WebApplicationContext
2024-04-19 10:17:18.505 [ INFO] [           main] c.z.h.HikariDataSource         : getConnection        : 110        : HikariPool-1 - Starting...
2024-04-19 10:17:18.644 [ INFO] [           main] c.z.h.p.HikariPool             : checkFailFast        : 565        : HikariPool-1 - Added connection com.mysql.cj.jdbc.ConnectionImpl@727986ad
2024-04-19 10:17:18.645 [ INFO] [           main] c.z.h.HikariDataSource         : getConnection        : 123        : HikariPool-1 - Start completed.
2024-04-19 10:17:18.662 [ INFO] [           main] o.h.j.i.u.LogHelper            : tenceUnitInformation : 31         : HHH000204: Processing PersistenceUnitInfo [name: default]
2024-04-19 10:17:18.687 [ INFO] [           main] o.h.Version                    : logVersion           : 44         : HHH000412: Hibernate ORM core version 6.4.4.Final
2024-04-19 10:17:18.699 [ INFO] [           main] o.h.c.i.RegionFactoryInitiator : initiateService      : 50         : HHH000026: Second-level cache disabled
2024-04-19 10:17:18.773 [ INFO] [           main] .j.p.SpringPersistenceUnitInfo : addTransformer       : 87         : No LoadTimeWeaver setup: ignoring JPA class transformer
2024-04-19 10:17:18.961 [ INFO] [           main] e.t.j.p.i.JtaPlatformInitiator : initiateService      : 58         : HHH000489: No JTA platform available (set 'hibernate.transaction.jta.platform' to enable JTA platform integration)
2024-04-19 10:17:18.963 [ INFO] [           main] tainerEntityManagerFactoryBean : EntityManagerFactory : 437        : Initialized JPA EntityManagerFactory for persistence unit 'default'
2024-04-19 10:17:19.312 [ WARN] [           main] figuration$JpaWebConfiguration : gerInViewInterceptor : 232        : spring.jpa.open-in-view is enabled by default. Therefore, database queries may be performed during view rendering. Explicitly configure spring.jpa.open-in-view to disable this warning
2024-04-19 10:17:19.422 [ INFO] [           main] s.w.DefaultSecurityFilterChain : <init>               : 54         : Will secure any request with [org.springframework.security.web.session.DisableEncodeUrlFilter@5318731f, org.springframework.security.web.context.request.async.WebAsyncManagerIntegrationFilter@2db82155, org.springframework.security.web.context.SecurityContextHolderFilter@58038583, org.springframework.security.web.header.HeaderWriterFilter@5980e29f, org.springframework.web.filter.CorsFilter@128d397c, org.springframework.security.web.authentication.logout.LogoutFilter@1a59500b, org.springframework.security.oauth2.client.web.OAuth2AuthorizationRequestRedirectFilter@13976c57, org.springframework.security.oauth2.client.web.OAuth2LoginAuthenticationFilter@5af7e2f, org.springframework.security.web.authentication.UsernamePasswordAuthenticationFilter@5bfeb9ba, org.springframework.security.web.savedrequest.RequestCacheAwareFilter@42fb2be9, org.springframework.security.web.servletapi.SecurityContextHolderAwareRequestFilter@54816d7a, org.springframework.security.web.authentication.AnonymousAuthenticationFilter@294ab038, org.springframework.security.web.access.ExceptionTranslationFilter@5746609e, org.springframework.security.web.access.intercept.AuthorizationFilter@1e9b0c92]
2024-04-19 10:17:19.502 [ INFO] [           main] o.a.c.h.Http11NioProtocol      : log                  : 173        : Starting ProtocolHandler ["http-nio-80"]
2024-04-19 10:17:19.512 [ INFO] [           main] c.i.s.ShoppingMallApplication  : logStarted           : 56         : Started ShoppingMallApplication in 1.767 seconds (process running for 2.074)
2024-04-19 10:17:21.640 [ INFO] [p-nio-80-exec-1] o.a.c.c.C.[.[.[/]              : log                  : 173        : Initializing Spring DispatcherServlet 'dispatcherServlet'
2024-04-19 10:17:21.640 [ INFO] [p-nio-80-exec-1] o.s.w.s.DispatcherServlet      : initServletBean      : 532        : Initializing Servlet 'dispatcherServlet'
2024-04-19 10:17:21.641 [ INFO] [p-nio-80-exec-1] o.s.w.s.DispatcherServlet      : initServletBean      : 554        : Completed initialization in 1 ms
2024-04-19 10:31:05.230 [ INFO] [ionShutdownHook] tainerEntityManagerFactoryBean : destroy              : 650        : Closing JPA EntityManagerFactory for persistence unit 'default'
2024-04-19 10:31:05.232 [ INFO] [ionShutdownHook] c.z.h.HikariDataSource         : close                : 350        : HikariPool-1 - Shutdown initiated...
2024-04-19 10:31:05.235 [ INFO] [ionShutdownHook] c.z.h.HikariDataSource         : close                : 352        : HikariPool-1 - Shutdown completed.
2024-04-19 10:31:06.470 [ INFO] [kground-preinit] o.h.v.i.u.Version              : <clinit>             : 21         : HV000001: Hibernate Validator 8.0.1.Final
2024-04-19 10:31:06.482 [ INFO] [           main] c.i.s.ShoppingMallApplication  : logStarting          : 50         : Starting ShoppingMallApplication using Java 21.0.2 with PID 83317 (/Users/bagsuyeon/Desktop/Team_idle/target/classes started by bagsuyeon in /Users/bagsuyeon/Desktop/Team_idle)
2024-04-19 10:31:06.483 [ INFO] [           main] c.i.s.ShoppingMallApplication  : ogStartupProfileInfo : 654        : No active profile set, falling back to 1 default profile: "default"
2024-04-19 10:31:06.786 [ INFO] [           main] epositoryConfigurationDelegate : gisterRepositoriesIn : 139        : Bootstrapping Spring Data JPA repositories in DEFAULT mode.
2024-04-19 10:31:06.797 [ INFO] [           main] epositoryConfigurationDelegate : gisterRepositoriesIn : 208        : Finished Spring Data repository scanning in 7 ms. Found 0 JPA repository interfaces.
2024-04-19 10:31:06.981 [ INFO] [           main] o.a.c.h.Http11NioProtocol      : log                  : 173        : Initializing ProtocolHandler ["http-nio-80"]
2024-04-19 10:31:06.982 [ INFO] [           main] o.a.c.c.StandardService        : log                  : 173        : Starting service [Tomcat]
2024-04-19 10:31:06.982 [ INFO] [           main] o.a.c.c.StandardEngine         : log                  : 173        : Starting Servlet engine: [Apache Tomcat/10.1.19]
2024-04-19 10:31:06.998 [ INFO] [           main] o.a.c.c.C.[.[.[/]              : log                  : 173        : Initializing Spring embedded WebApplicationContext
2024-04-19 10:31:07.054 [ INFO] [           main] c.z.h.HikariDataSource         : getConnection        : 110        : HikariPool-1 - Starting...
2024-04-19 10:31:07.271 [ INFO] [           main] c.z.h.p.HikariPool             : checkFailFast        : 565        : HikariPool-1 - Added connection com.mysql.cj.jdbc.ConnectionImpl@727986ad
2024-04-19 10:31:07.272 [ INFO] [           main] c.z.h.HikariDataSource         : getConnection        : 123        : HikariPool-1 - Start completed.
2024-04-19 10:31:07.291 [ INFO] [           main] o.h.j.i.u.LogHelper            : tenceUnitInformation : 31         : HHH000204: Processing PersistenceUnitInfo [name: default]
2024-04-19 10:31:07.316 [ INFO] [           main] o.h.Version                    : logVersion           : 44         : HHH000412: Hibernate ORM core version 6.4.4.Final
2024-04-19 10:31:07.328 [ INFO] [           main] o.h.c.i.RegionFactoryInitiator : initiateService      : 50         : HHH000026: Second-level cache disabled
2024-04-19 10:31:07.404 [ INFO] [           main] .j.p.SpringPersistenceUnitInfo : addTransformer       : 87         : No LoadTimeWeaver setup: ignoring JPA class transformer
2024-04-19 10:31:07.574 [ INFO] [           main] e.t.j.p.i.JtaPlatformInitiator : initiateService      : 58         : HHH000489: No JTA platform available (set 'hibernate.transaction.jta.platform' to enable JTA platform integration)
2024-04-19 10:31:07.576 [ INFO] [           main] tainerEntityManagerFactoryBean : EntityManagerFactory : 437        : Initialized JPA EntityManagerFactory for persistence unit 'default'
2024-04-19 10:31:07.932 [ WARN] [           main] figuration$JpaWebConfiguration : gerInViewInterceptor : 232        : spring.jpa.open-in-view is enabled by default. Therefore, database queries may be performed during view rendering. Explicitly configure spring.jpa.open-in-view to disable this warning
2024-04-19 10:31:08.040 [ INFO] [           main] s.w.DefaultSecurityFilterChain : <init>               : 54         : Will secure any request with [org.springframework.security.web.session.DisableEncodeUrlFilter@80b70fd, org.springframework.security.web.context.request.async.WebAsyncManagerIntegrationFilter@5af7e2f, org.springframework.security.web.context.SecurityContextHolderFilter@40da1644, org.springframework.security.web.header.HeaderWriterFilter@5ff8d76f, org.springframework.web.filter.CorsFilter@2df24f19, org.springframework.security.web.authentication.logout.LogoutFilter@363e2009, org.springframework.security.oauth2.client.web.OAuth2AuthorizationRequestRedirectFilter@411576c7, org.springframework.security.oauth2.client.web.OAuth2LoginAuthenticationFilter@795e8ef5, org.springframework.security.web.authentication.UsernamePasswordAuthenticationFilter@7e577eed, org.springframework.security.web.savedrequest.RequestCacheAwareFilter@2cdd156b, org.springframework.security.web.servletapi.SecurityContextHolderAwareRequestFilter@487bc2fe, org.springframework.security.web.authentication.AnonymousAuthenticationFilter@c76762, org.springframework.security.web.access.ExceptionTranslationFilter@1a82453, org.springframework.security.web.access.intercept.AuthorizationFilter@5fee3c9c]
2024-04-19 10:31:08.122 [ INFO] [           main] o.a.c.h.Http11NioProtocol      : log                  : 173        : Starting ProtocolHandler ["http-nio-80"]
2024-04-19 10:31:08.132 [ INFO] [           main] c.i.s.ShoppingMallApplication  : logStarted           : 56         : Started ShoppingMallApplication in 1.836 seconds (process running for 2.132)
2024-04-19 10:31:09.246 [ INFO] [p-nio-80-exec-1] o.a.c.c.C.[.[.[/]              : log                  : 173        : Initializing Spring DispatcherServlet 'dispatcherServlet'
2024-04-19 10:31:09.246 [ INFO] [p-nio-80-exec-1] o.s.w.s.DispatcherServlet      : initServletBean      : 532        : Initializing Servlet 'dispatcherServlet'
2024-04-19 10:31:09.247 [ INFO] [p-nio-80-exec-1] o.s.w.s.DispatcherServlet      : initServletBean      : 554        : Completed initialization in 1 ms
2024-04-19 10:36:34.437 [ INFO] [ionShutdownHook] tainerEntityManagerFactoryBean : destroy              : 650        : Closing JPA EntityManagerFactory for persistence unit 'default'
2024-04-19 10:36:34.439 [ INFO] [ionShutdownHook] c.z.h.HikariDataSource         : close                : 350        : HikariPool-1 - Shutdown initiated...
2024-04-19 10:36:34.442 [ INFO] [ionShutdownHook] c.z.h.HikariDataSource         : close                : 352        : HikariPool-1 - Shutdown completed.
2024-04-19 10:36:35.672 [ INFO] [kground-preinit] o.h.v.i.u.Version              : <clinit>             : 21         : HV000001: Hibernate Validator 8.0.1.Final
2024-04-19 10:36:35.683 [ INFO] [           main] c.i.s.ShoppingMallApplication  : logStarting          : 50         : Starting ShoppingMallApplication using Java 21.0.2 with PID 83418 (/Users/bagsuyeon/Desktop/Team_idle/target/classes started by bagsuyeon in /Users/bagsuyeon/Desktop/Team_idle)
2024-04-19 10:36:35.685 [ INFO] [           main] c.i.s.ShoppingMallApplication  : ogStartupProfileInfo : 654        : No active profile set, falling back to 1 default profile: "default"
2024-04-19 10:36:35.992 [ INFO] [           main] epositoryConfigurationDelegate : gisterRepositoriesIn : 139        : Bootstrapping Spring Data JPA repositories in DEFAULT mode.
2024-04-19 10:36:36.003 [ INFO] [           main] epositoryConfigurationDelegate : gisterRepositoriesIn : 208        : Finished Spring Data repository scanning in 8 ms. Found 0 JPA repository interfaces.
2024-04-19 10:36:36.189 [ INFO] [           main] o.a.c.h.Http11NioProtocol      : log                  : 173        : Initializing ProtocolHandler ["http-nio-80"]
2024-04-19 10:36:36.190 [ INFO] [           main] o.a.c.c.StandardService        : log                  : 173        : Starting service [Tomcat]
2024-04-19 10:36:36.190 [ INFO] [           main] o.a.c.c.StandardEngine         : log                  : 173        : Starting Servlet engine: [Apache Tomcat/10.1.19]
2024-04-19 10:36:36.212 [ INFO] [           main] o.a.c.c.C.[.[.[/]              : log                  : 173        : Initializing Spring embedded WebApplicationContext
2024-04-19 10:36:36.268 [ INFO] [           main] c.z.h.HikariDataSource         : getConnection        : 110        : HikariPool-1 - Starting...
2024-04-19 10:36:36.546 [ INFO] [           main] c.z.h.p.HikariPool             : checkFailFast        : 565        : HikariPool-1 - Added connection com.mysql.cj.jdbc.ConnectionImpl@554566a8
2024-04-19 10:36:36.548 [ INFO] [           main] c.z.h.HikariDataSource         : getConnection        : 123        : HikariPool-1 - Start completed.
2024-04-19 10:36:36.569 [ INFO] [           main] o.h.j.i.u.LogHelper            : tenceUnitInformation : 31         : HHH000204: Processing PersistenceUnitInfo [name: default]
2024-04-19 10:36:36.596 [ INFO] [           main] o.h.Version                    : logVersion           : 44         : HHH000412: Hibernate ORM core version 6.4.4.Final
2024-04-19 10:36:36.608 [ INFO] [           main] o.h.c.i.RegionFactoryInitiator : initiateService      : 50         : HHH000026: Second-level cache disabled
2024-04-19 10:36:36.687 [ INFO] [           main] .j.p.SpringPersistenceUnitInfo : addTransformer       : 87         : No LoadTimeWeaver setup: ignoring JPA class transformer
2024-04-19 10:36:36.908 [ INFO] [           main] e.t.j.p.i.JtaPlatformInitiator : initiateService      : 58         : HHH000489: No JTA platform available (set 'hibernate.transaction.jta.platform' to enable JTA platform integration)
2024-04-19 10:36:36.910 [ INFO] [           main] tainerEntityManagerFactoryBean : EntityManagerFactory : 437        : Initialized JPA EntityManagerFactory for persistence unit 'default'
2024-04-19 10:36:37.263 [ WARN] [           main] figuration$JpaWebConfiguration : gerInViewInterceptor : 232        : spring.jpa.open-in-view is enabled by default. Therefore, database queries may be performed during view rendering. Explicitly configure spring.jpa.open-in-view to disable this warning
2024-04-19 10:36:37.371 [ INFO] [           main] s.w.DefaultSecurityFilterChain : <init>               : 54         : Will secure any request with [org.springframework.security.web.session.DisableEncodeUrlFilter@5bfeb9ba, org.springframework.security.web.context.request.async.WebAsyncManagerIntegrationFilter@4cf1bd4a, org.springframework.security.web.context.SecurityContextHolderFilter@3fc2e100, org.springframework.security.web.header.HeaderWriterFilter@5f8a29ca, org.springframework.web.filter.CorsFilter@26619e5, org.springframework.security.web.authentication.logout.LogoutFilter@40da1644, org.springframework.security.oauth2.client.web.OAuth2AuthorizationRequestRedirectFilter@784c74e, org.springframework.security.oauth2.client.web.OAuth2LoginAuthenticationFilter@11a0c708, org.springframework.security.web.authentication.UsernamePasswordAuthenticationFilter@1e733bb5, org.springframework.security.web.savedrequest.RequestCacheAwareFilter@638e8194, org.springframework.security.web.servletapi.SecurityContextHolderAwareRequestFilter@43c64d6f, org.springframework.security.web.authentication.AnonymousAuthenticationFilter@445f6aa7, org.springframework.security.web.access.ExceptionTranslationFilter@2f09907, org.springframework.security.web.access.intercept.AuthorizationFilter@395c21ee]
2024-04-19 10:36:37.448 [ INFO] [           main] o.a.c.h.Http11NioProtocol      : log                  : 173        : Starting ProtocolHandler ["http-nio-80"]
2024-04-19 10:36:37.457 [ INFO] [           main] c.i.s.ShoppingMallApplication  : logStarted           : 56         : Started ShoppingMallApplication in 1.974 seconds (process running for 2.264)
2024-04-19 10:36:41.893 [ INFO] [p-nio-80-exec-1] o.a.c.c.C.[.[.[/]              : log                  : 173        : Initializing Spring DispatcherServlet 'dispatcherServlet'
2024-04-19 10:36:41.893 [ INFO] [p-nio-80-exec-1] o.s.w.s.DispatcherServlet      : initServletBean      : 532        : Initializing Servlet 'dispatcherServlet'
2024-04-19 10:36:41.894 [ INFO] [p-nio-80-exec-1] o.s.w.s.DispatcherServlet      : initServletBean      : 554        : Completed initialization in 1 ms
2024-04-19 10:37:24.651 [ INFO] [ionShutdownHook] tainerEntityManagerFactoryBean : destroy              : 650        : Closing JPA EntityManagerFactory for persistence unit 'default'
2024-04-19 10:37:24.652 [ INFO] [ionShutdownHook] c.z.h.HikariDataSource         : close                : 350        : HikariPool-1 - Shutdown initiated...
2024-04-19 10:37:24.654 [ INFO] [ionShutdownHook] c.z.h.HikariDataSource         : close                : 352        : HikariPool-1 - Shutdown completed.
2024-04-19 10:37:25.758 [ INFO] [kground-preinit] o.h.v.i.u.Version              : <clinit>             : 21         : HV000001: Hibernate Validator 8.0.1.Final
2024-04-19 10:37:25.777 [ INFO] [           main] c.i.s.ShoppingMallApplication  : logStarting          : 50         : Starting ShoppingMallApplication using Java 21.0.2 with PID 83436 (/Users/bagsuyeon/Desktop/Team_idle/target/classes started by bagsuyeon in /Users/bagsuyeon/Desktop/Team_idle)
2024-04-19 10:37:25.779 [ INFO] [           main] c.i.s.ShoppingMallApplication  : ogStartupProfileInfo : 654        : No active profile set, falling back to 1 default profile: "default"
2024-04-19 10:37:26.062 [ INFO] [           main] epositoryConfigurationDelegate : gisterRepositoriesIn : 139        : Bootstrapping Spring Data JPA repositories in DEFAULT mode.
2024-04-19 10:37:26.072 [ INFO] [           main] epositoryConfigurationDelegate : gisterRepositoriesIn : 208        : Finished Spring Data repository scanning in 7 ms. Found 0 JPA repository interfaces.
2024-04-19 10:37:26.256 [ INFO] [           main] o.a.c.h.Http11NioProtocol      : log                  : 173        : Initializing ProtocolHandler ["http-nio-80"]
2024-04-19 10:37:26.256 [ INFO] [           main] o.a.c.c.StandardService        : log                  : 173        : Starting service [Tomcat]
2024-04-19 10:37:26.256 [ INFO] [           main] o.a.c.c.StandardEngine         : log                  : 173        : Starting Servlet engine: [Apache Tomcat/10.1.19]
2024-04-19 10:37:26.273 [ INFO] [           main] o.a.c.c.C.[.[.[/]              : log                  : 173        : Initializing Spring embedded WebApplicationContext
2024-04-19 10:37:26.329 [ INFO] [           main] c.z.h.HikariDataSource         : getConnection        : 110        : HikariPool-1 - Starting...
2024-04-19 10:37:26.474 [ INFO] [           main] c.z.h.p.HikariPool             : checkFailFast        : 565        : HikariPool-1 - Added connection com.mysql.cj.jdbc.ConnectionImpl@727986ad
2024-04-19 10:37:26.475 [ INFO] [           main] c.z.h.HikariDataSource         : getConnection        : 123        : HikariPool-1 - Start completed.
2024-04-19 10:37:26.508 [ INFO] [           main] o.h.j.i.u.LogHelper            : tenceUnitInformation : 31         : HHH000204: Processing PersistenceUnitInfo [name: default]
2024-04-19 10:37:26.530 [ INFO] [           main] o.h.Version                    : logVersion           : 44         : HHH000412: Hibernate ORM core version 6.4.4.Final
2024-04-19 10:37:26.542 [ INFO] [           main] o.h.c.i.RegionFactoryInitiator : initiateService      : 50         : HHH000026: Second-level cache disabled
2024-04-19 10:37:26.615 [ INFO] [           main] .j.p.SpringPersistenceUnitInfo : addTransformer       : 87         : No LoadTimeWeaver setup: ignoring JPA class transformer
2024-04-19 10:37:26.778 [ INFO] [           main] e.t.j.p.i.JtaPlatformInitiator : initiateService      : 58         : HHH000489: No JTA platform available (set 'hibernate.transaction.jta.platform' to enable JTA platform integration)
2024-04-19 10:37:26.779 [ INFO] [           main] tainerEntityManagerFactoryBean : EntityManagerFactory : 437        : Initialized JPA EntityManagerFactory for persistence unit 'default'
2024-04-19 10:37:27.129 [ WARN] [           main] figuration$JpaWebConfiguration : gerInViewInterceptor : 232        : spring.jpa.open-in-view is enabled by default. Therefore, database queries may be performed during view rendering. Explicitly configure spring.jpa.open-in-view to disable this warning
2024-04-19 10:37:27.237 [ INFO] [           main] s.w.DefaultSecurityFilterChain : <init>               : 54         : Will secure any request with [org.springframework.security.web.session.DisableEncodeUrlFilter@80b70fd, org.springframework.security.web.context.request.async.WebAsyncManagerIntegrationFilter@5af7e2f, org.springframework.security.web.context.SecurityContextHolderFilter@40da1644, org.springframework.security.web.header.HeaderWriterFilter@5ff8d76f, org.springframework.web.filter.CorsFilter@2df24f19, org.springframework.security.web.authentication.logout.LogoutFilter@363e2009, org.springframework.security.oauth2.client.web.OAuth2AuthorizationRequestRedirectFilter@411576c7, org.springframework.security.oauth2.client.web.OAuth2LoginAuthenticationFilter@795e8ef5, org.springframework.security.web.authentication.UsernamePasswordAuthenticationFilter@7e577eed, org.springframework.security.web.savedrequest.RequestCacheAwareFilter@2cdd156b, org.springframework.security.web.servletapi.SecurityContextHolderAwareRequestFilter@487bc2fe, org.springframework.security.web.authentication.AnonymousAuthenticationFilter@c76762, org.springframework.security.web.access.ExceptionTranslationFilter@1a82453, org.springframework.security.web.access.intercept.AuthorizationFilter@5fee3c9c]
2024-04-19 10:37:27.314 [ INFO] [           main] o.a.c.h.Http11NioProtocol      : log                  : 173        : Starting ProtocolHandler ["http-nio-80"]
2024-04-19 10:37:27.324 [ INFO] [           main] c.i.s.ShoppingMallApplication  : logStarted           : 56         : Started ShoppingMallApplication in 1.737 seconds (process running for 2.013)
2024-04-19 10:37:28.590 [ INFO] [p-nio-80-exec-1] o.a.c.c.C.[.[.[/]              : log                  : 173        : Initializing Spring DispatcherServlet 'dispatcherServlet'
2024-04-19 10:37:28.590 [ INFO] [p-nio-80-exec-1] o.s.w.s.DispatcherServlet      : initServletBean      : 532        : Initializing Servlet 'dispatcherServlet'
2024-04-19 10:37:28.592 [ INFO] [p-nio-80-exec-1] o.s.w.s.DispatcherServlet      : initServletBean      : 554        : Completed initialization in 1 ms
2024-04-19 10:38:59.403 [ INFO] [ionShutdownHook] tainerEntityManagerFactoryBean : destroy              : 650        : Closing JPA EntityManagerFactory for persistence unit 'default'
2024-04-19 10:38:59.404 [ INFO] [ionShutdownHook] c.z.h.HikariDataSource         : close                : 350        : HikariPool-1 - Shutdown initiated...
2024-04-19 10:38:59.407 [ INFO] [ionShutdownHook] c.z.h.HikariDataSource         : close                : 352        : HikariPool-1 - Shutdown completed.
2024-04-19 10:39:00.655 [ INFO] [kground-preinit] o.h.v.i.u.Version              : <clinit>             : 21         : HV000001: Hibernate Validator 8.0.1.Final
2024-04-19 10:39:00.666 [ INFO] [           main] c.i.s.ShoppingMallApplication  : logStarting          : 50         : Starting ShoppingMallApplication using Java 21.0.2 with PID 83475 (/Users/bagsuyeon/Desktop/Team_idle/target/classes started by bagsuyeon in /Users/bagsuyeon/Desktop/Team_idle)
2024-04-19 10:39:00.667 [ INFO] [           main] c.i.s.ShoppingMallApplication  : ogStartupProfileInfo : 654        : No active profile set, falling back to 1 default profile: "default"
2024-04-19 10:39:00.946 [ INFO] [           main] epositoryConfigurationDelegate : gisterRepositoriesIn : 139        : Bootstrapping Spring Data JPA repositories in DEFAULT mode.
2024-04-19 10:39:00.956 [ INFO] [           main] epositoryConfigurationDelegate : gisterRepositoriesIn : 208        : Finished Spring Data repository scanning in 7 ms. Found 0 JPA repository interfaces.
2024-04-19 10:39:01.134 [ INFO] [           main] o.a.c.h.Http11NioProtocol      : log                  : 173        : Initializing ProtocolHandler ["http-nio-80"]
2024-04-19 10:39:01.135 [ INFO] [           main] o.a.c.c.StandardService        : log                  : 173        : Starting service [Tomcat]
2024-04-19 10:39:01.135 [ INFO] [           main] o.a.c.c.StandardEngine         : log                  : 173        : Starting Servlet engine: [Apache Tomcat/10.1.19]
2024-04-19 10:39:01.151 [ INFO] [           main] o.a.c.c.C.[.[.[/]              : log                  : 173        : Initializing Spring embedded WebApplicationContext
2024-04-19 10:39:01.207 [ INFO] [           main] c.z.h.HikariDataSource         : getConnection        : 110        : HikariPool-1 - Starting...
2024-04-19 10:39:01.340 [ INFO] [           main] c.z.h.p.HikariPool             : checkFailFast        : 565        : HikariPool-1 - Added connection com.mysql.cj.jdbc.ConnectionImpl@554566a8
2024-04-19 10:39:01.340 [ INFO] [           main] c.z.h.HikariDataSource         : getConnection        : 123        : HikariPool-1 - Start completed.
2024-04-19 10:39:01.357 [ INFO] [           main] o.h.j.i.u.LogHelper            : tenceUnitInformation : 31         : HHH000204: Processing PersistenceUnitInfo [name: default]
2024-04-19 10:39:01.380 [ INFO] [           main] o.h.Version                    : logVersion           : 44         : HHH000412: Hibernate ORM core version 6.4.4.Final
2024-04-19 10:39:01.392 [ INFO] [           main] o.h.c.i.RegionFactoryInitiator : initiateService      : 50         : HHH000026: Second-level cache disabled
2024-04-19 10:39:01.463 [ INFO] [           main] .j.p.SpringPersistenceUnitInfo : addTransformer       : 87         : No LoadTimeWeaver setup: ignoring JPA class transformer
2024-04-19 10:39:01.627 [ INFO] [           main] e.t.j.p.i.JtaPlatformInitiator : initiateService      : 58         : HHH000489: No JTA platform available (set 'hibernate.transaction.jta.platform' to enable JTA platform integration)
2024-04-19 10:39:01.629 [ INFO] [           main] tainerEntityManagerFactoryBean : EntityManagerFactory : 437        : Initialized JPA EntityManagerFactory for persistence unit 'default'
2024-04-19 10:39:01.976 [ WARN] [           main] figuration$JpaWebConfiguration : gerInViewInterceptor : 232        : spring.jpa.open-in-view is enabled by default. Therefore, database queries may be performed during view rendering. Explicitly configure spring.jpa.open-in-view to disable this warning
2024-04-19 10:39:02.084 [ INFO] [           main] s.w.DefaultSecurityFilterChain : <init>               : 54         : Will secure any request with [org.springframework.security.web.session.DisableEncodeUrlFilter@5bfeb9ba, org.springframework.security.web.context.request.async.WebAsyncManagerIntegrationFilter@4cf1bd4a, org.springframework.security.web.context.SecurityContextHolderFilter@3fc2e100, org.springframework.security.web.header.HeaderWriterFilter@5f8a29ca, org.springframework.web.filter.CorsFilter@26619e5, org.springframework.security.web.authentication.logout.LogoutFilter@40da1644, org.springframework.security.oauth2.client.web.OAuth2AuthorizationRequestRedirectFilter@784c74e, org.springframework.security.oauth2.client.web.OAuth2LoginAuthenticationFilter@11a0c708, org.springframework.security.web.authentication.UsernamePasswordAuthenticationFilter@1e733bb5, org.springframework.security.web.savedrequest.RequestCacheAwareFilter@638e8194, org.springframework.security.web.servletapi.SecurityContextHolderAwareRequestFilter@43c64d6f, org.springframework.security.web.authentication.AnonymousAuthenticationFilter@445f6aa7, org.springframework.security.web.access.ExceptionTranslationFilter@2f09907, org.springframework.security.web.access.intercept.AuthorizationFilter@395c21ee]
2024-04-19 10:39:02.164 [ INFO] [           main] o.a.c.h.Http11NioProtocol      : log                  : 173        : Starting ProtocolHandler ["http-nio-80"]
2024-04-19 10:39:02.173 [ INFO] [           main] c.i.s.ShoppingMallApplication  : logStarted           : 56         : Started ShoppingMallApplication in 1.675 seconds (process running for 2.108)
2024-04-19 10:39:05.513 [ INFO] [p-nio-80-exec-1] o.a.c.c.C.[.[.[/]              : log                  : 173        : Initializing Spring DispatcherServlet 'dispatcherServlet'
2024-04-19 10:39:05.514 [ INFO] [p-nio-80-exec-1] o.s.w.s.DispatcherServlet      : initServletBean      : 532        : Initializing Servlet 'dispatcherServlet'
2024-04-19 10:39:05.515 [ INFO] [p-nio-80-exec-1] o.s.w.s.DispatcherServlet      : initServletBean      : 554        : Completed initialization in 1 ms
2024-04-19 10:39:51.665 [ INFO] [ionShutdownHook] tainerEntityManagerFactoryBean : destroy              : 650        : Closing JPA EntityManagerFactory for persistence unit 'default'
2024-04-19 10:39:51.667 [ INFO] [ionShutdownHook] c.z.h.HikariDataSource         : close                : 350        : HikariPool-1 - Shutdown initiated...
2024-04-19 10:39:51.670 [ INFO] [ionShutdownHook] c.z.h.HikariDataSource         : close                : 352        : HikariPool-1 - Shutdown completed.
2024-04-19 10:39:52.814 [ INFO] [kground-preinit] o.h.v.i.u.Version              : <clinit>             : 21         : HV000001: Hibernate Validator 8.0.1.Final
2024-04-19 10:39:52.824 [ INFO] [           main] c.i.s.ShoppingMallApplication  : logStarting          : 50         : Starting ShoppingMallApplication using Java 21.0.2 with PID 83484 (/Users/bagsuyeon/Desktop/Team_idle/target/classes started by bagsuyeon in /Users/bagsuyeon/Desktop/Team_idle)
2024-04-19 10:39:52.825 [ INFO] [           main] c.i.s.ShoppingMallApplication  : ogStartupProfileInfo : 654        : No active profile set, falling back to 1 default profile: "default"
2024-04-19 10:39:53.103 [ INFO] [           main] epositoryConfigurationDelegate : gisterRepositoriesIn : 139        : Bootstrapping Spring Data JPA repositories in DEFAULT mode.
2024-04-19 10:39:53.114 [ INFO] [           main] epositoryConfigurationDelegate : gisterRepositoriesIn : 208        : Finished Spring Data repository scanning in 7 ms. Found 0 JPA repository interfaces.
2024-04-19 10:39:53.293 [ INFO] [           main] o.a.c.h.Http11NioProtocol      : log                  : 173        : Initializing ProtocolHandler ["http-nio-80"]
2024-04-19 10:39:53.294 [ INFO] [           main] o.a.c.c.StandardService        : log                  : 173        : Starting service [Tomcat]
2024-04-19 10:39:53.294 [ INFO] [           main] o.a.c.c.StandardEngine         : log                  : 173        : Starting Servlet engine: [Apache Tomcat/10.1.19]
2024-04-19 10:39:53.310 [ INFO] [           main] o.a.c.c.C.[.[.[/]              : log                  : 173        : Initializing Spring embedded WebApplicationContext
2024-04-19 10:39:53.365 [ INFO] [           main] c.z.h.HikariDataSource         : getConnection        : 110        : HikariPool-1 - Starting...
2024-04-19 10:39:53.531 [ INFO] [           main] c.z.h.p.HikariPool             : checkFailFast        : 565        : HikariPool-1 - Added connection com.mysql.cj.jdbc.ConnectionImpl@1600a8a2
2024-04-19 10:39:53.532 [ INFO] [           main] c.z.h.HikariDataSource         : getConnection        : 123        : HikariPool-1 - Start completed.
2024-04-19 10:39:53.548 [ INFO] [           main] o.h.j.i.u.LogHelper            : tenceUnitInformation : 31         : HHH000204: Processing PersistenceUnitInfo [name: default]
2024-04-19 10:39:53.573 [ INFO] [           main] o.h.Version                    : logVersion           : 44         : HHH000412: Hibernate ORM core version 6.4.4.Final
2024-04-19 10:39:53.586 [ INFO] [           main] o.h.c.i.RegionFactoryInitiator : initiateService      : 50         : HHH000026: Second-level cache disabled
2024-04-19 10:39:53.667 [ INFO] [           main] .j.p.SpringPersistenceUnitInfo : addTransformer       : 87         : No LoadTimeWeaver setup: ignoring JPA class transformer
2024-04-19 10:39:53.860 [ INFO] [           main] e.t.j.p.i.JtaPlatformInitiator : initiateService      : 58         : HHH000489: No JTA platform available (set 'hibernate.transaction.jta.platform' to enable JTA platform integration)
2024-04-19 10:39:53.862 [ INFO] [           main] tainerEntityManagerFactoryBean : EntityManagerFactory : 437        : Initialized JPA EntityManagerFactory for persistence unit 'default'
2024-04-19 10:39:54.226 [ WARN] [           main] figuration$JpaWebConfiguration : gerInViewInterceptor : 232        : spring.jpa.open-in-view is enabled by default. Therefore, database queries may be performed during view rendering. Explicitly configure spring.jpa.open-in-view to disable this warning
2024-04-19 10:39:54.336 [ INFO] [           main] s.w.DefaultSecurityFilterChain : <init>               : 54         : Will secure any request with [org.springframework.security.web.session.DisableEncodeUrlFilter@294ab038, org.springframework.security.web.context.request.async.WebAsyncManagerIntegrationFilter@395abe85, org.springframework.security.web.context.SecurityContextHolderFilter@54816d7a, org.springframework.security.web.header.HeaderWriterFilter@58038583, org.springframework.web.filter.CorsFilter@55849272, org.springframework.security.web.authentication.logout.LogoutFilter@ae5d544, org.springframework.security.oauth2.client.web.OAuth2AuthorizationRequestRedirectFilter@5af7e2f, org.springframework.security.oauth2.client.web.OAuth2LoginAuthenticationFilter@5318731f, org.springframework.security.web.authentication.UsernamePasswordAuthenticationFilter@445f6aa7, org.springframework.security.web.savedrequest.RequestCacheAwareFilter@5eed2edf, org.springframework.security.web.servletapi.SecurityContextHolderAwareRequestFilter@4552e288, org.springframework.security.web.authentication.AnonymousAuthenticationFilter@2eb91767, org.springframework.security.web.access.ExceptionTranslationFilter@2cdd156b, org.springframework.security.web.access.intercept.AuthorizationFilter@26619e5]
2024-04-19 10:39:54.423 [ INFO] [           main] o.a.c.h.Http11NioProtocol      : log                  : 173        : Starting ProtocolHandler ["http-nio-80"]
2024-04-19 10:39:54.433 [ INFO] [           main] c.i.s.ShoppingMallApplication  : logStarted           : 56         : Started ShoppingMallApplication in 1.799 seconds (process running for 2.094)
2024-04-19 10:39:57.636 [ INFO] [p-nio-80-exec-1] o.a.c.c.C.[.[.[/]              : log                  : 173        : Initializing Spring DispatcherServlet 'dispatcherServlet'
2024-04-19 10:39:57.637 [ INFO] [p-nio-80-exec-1] o.s.w.s.DispatcherServlet      : initServletBean      : 532        : Initializing Servlet 'dispatcherServlet'
2024-04-19 10:39:57.638 [ INFO] [p-nio-80-exec-1] o.s.w.s.DispatcherServlet      : initServletBean      : 554        : Completed initialization in 1 ms
2024-04-19 10:40:56.195 [ INFO] [ionShutdownHook] tainerEntityManagerFactoryBean : destroy              : 650        : Closing JPA EntityManagerFactory for persistence unit 'default'
2024-04-19 10:40:56.196 [ INFO] [ionShutdownHook] c.z.h.HikariDataSource         : close                : 350        : HikariPool-1 - Shutdown initiated...
2024-04-19 10:40:56.199 [ INFO] [ionShutdownHook] c.z.h.HikariDataSource         : close                : 352        : HikariPool-1 - Shutdown completed.
2024-04-19 10:40:57.362 [ INFO] [kground-preinit] o.h.v.i.u.Version              : <clinit>             : 21         : HV000001: Hibernate Validator 8.0.1.Final
2024-04-19 10:40:57.372 [ INFO] [           main] c.i.s.ShoppingMallApplication  : logStarting          : 50         : Starting ShoppingMallApplication using Java 21.0.2 with PID 83511 (/Users/bagsuyeon/Desktop/Team_idle/target/classes started by bagsuyeon in /Users/bagsuyeon/Desktop/Team_idle)
2024-04-19 10:40:57.373 [ INFO] [           main] c.i.s.ShoppingMallApplication  : ogStartupProfileInfo : 654        : No active profile set, falling back to 1 default profile: "default"
2024-04-19 10:40:57.631 [ INFO] [           main] epositoryConfigurationDelegate : gisterRepositoriesIn : 139        : Bootstrapping Spring Data JPA repositories in DEFAULT mode.
2024-04-19 10:40:57.642 [ INFO] [           main] epositoryConfigurationDelegate : gisterRepositoriesIn : 208        : Finished Spring Data repository scanning in 8 ms. Found 0 JPA repository interfaces.
2024-04-19 10:40:57.821 [ INFO] [           main] o.a.c.h.Http11NioProtocol      : log                  : 173        : Initializing ProtocolHandler ["http-nio-80"]
2024-04-19 10:40:57.822 [ INFO] [           main] o.a.c.c.StandardService        : log                  : 173        : Starting service [Tomcat]
2024-04-19 10:40:57.822 [ INFO] [           main] o.a.c.c.StandardEngine         : log                  : 173        : Starting Servlet engine: [Apache Tomcat/10.1.19]
2024-04-19 10:40:57.841 [ INFO] [           main] o.a.c.c.C.[.[.[/]              : log                  : 173        : Initializing Spring embedded WebApplicationContext
2024-04-19 10:40:57.896 [ INFO] [           main] c.z.h.HikariDataSource         : getConnection        : 110        : HikariPool-1 - Starting...
2024-04-19 10:40:58.105 [ INFO] [           main] c.z.h.p.HikariPool             : checkFailFast        : 565        : HikariPool-1 - Added connection com.mysql.cj.jdbc.ConnectionImpl@113dcaf8
2024-04-19 10:40:58.105 [ INFO] [           main] c.z.h.HikariDataSource         : getConnection        : 123        : HikariPool-1 - Start completed.
2024-04-19 10:40:58.123 [ INFO] [           main] o.h.j.i.u.LogHelper            : tenceUnitInformation : 31         : HHH000204: Processing PersistenceUnitInfo [name: default]
2024-04-19 10:40:58.147 [ INFO] [           main] o.h.Version                    : logVersion           : 44         : HHH000412: Hibernate ORM core version 6.4.4.Final
2024-04-19 10:40:58.159 [ INFO] [           main] o.h.c.i.RegionFactoryInitiator : initiateService      : 50         : HHH000026: Second-level cache disabled
2024-04-19 10:40:58.237 [ INFO] [           main] .j.p.SpringPersistenceUnitInfo : addTransformer       : 87         : No LoadTimeWeaver setup: ignoring JPA class transformer
2024-04-19 10:40:58.390 [ INFO] [           main] e.t.j.p.i.JtaPlatformInitiator : initiateService      : 58         : HHH000489: No JTA platform available (set 'hibernate.transaction.jta.platform' to enable JTA platform integration)
2024-04-19 10:40:58.391 [ INFO] [           main] tainerEntityManagerFactoryBean : EntityManagerFactory : 437        : Initialized JPA EntityManagerFactory for persistence unit 'default'
2024-04-19 10:40:58.736 [ WARN] [           main] figuration$JpaWebConfiguration : gerInViewInterceptor : 232        : spring.jpa.open-in-view is enabled by default. Therefore, database queries may be performed during view rendering. Explicitly configure spring.jpa.open-in-view to disable this warning
2024-04-19 10:40:58.846 [ INFO] [           main] s.w.DefaultSecurityFilterChain : <init>               : 54         : Will secure any request with [org.springframework.security.web.session.DisableEncodeUrlFilter@13e5c53c, org.springframework.security.web.context.request.async.WebAsyncManagerIntegrationFilter@5d03df76, org.springframework.security.web.context.SecurityContextHolderFilter@13b5598b, org.springframework.security.web.header.HeaderWriterFilter@1e733bb5, org.springframework.web.filter.CorsFilter@17f7a1af, org.springframework.security.web.authentication.logout.LogoutFilter@1e9b0c92, org.springframework.security.oauth2.client.web.OAuth2AuthorizationRequestRedirectFilter@3ecc9baa, org.springframework.security.oauth2.client.web.OAuth2LoginAuthenticationFilter@e280006, org.springframework.security.web.authentication.UsernamePasswordAuthenticationFilter@11c40a65, org.springframework.security.web.savedrequest.RequestCacheAwareFilter@18f794e, org.springframework.security.web.servletapi.SecurityContextHolderAwareRequestFilter@389a9ff6, org.springframework.security.web.authentication.AnonymousAuthenticationFilter@d62feaf, org.springframework.security.web.access.ExceptionTranslationFilter@6bc8d8bd, org.springframework.security.web.access.intercept.AuthorizationFilter@26723525]
2024-04-19 10:40:58.927 [ INFO] [           main] o.a.c.h.Http11NioProtocol      : log                  : 173        : Starting ProtocolHandler ["http-nio-80"]
2024-04-19 10:40:58.937 [ INFO] [           main] c.i.s.ShoppingMallApplication  : logStarted           : 56         : Started ShoppingMallApplication in 1.758 seconds (process running for 2.065)
2024-04-19 10:41:00.871 [ INFO] [p-nio-80-exec-1] o.a.c.c.C.[.[.[/]              : log                  : 173        : Initializing Spring DispatcherServlet 'dispatcherServlet'
2024-04-19 10:41:00.871 [ INFO] [p-nio-80-exec-1] o.s.w.s.DispatcherServlet      : initServletBean      : 532        : Initializing Servlet 'dispatcherServlet'
2024-04-19 10:41:00.872 [ INFO] [p-nio-80-exec-1] o.s.w.s.DispatcherServlet      : initServletBean      : 554        : Completed initialization in 1 ms
2024-04-19 10:48:15.153 [ INFO] [ionShutdownHook] tainerEntityManagerFactoryBean : destroy              : 650        : Closing JPA EntityManagerFactory for persistence unit 'default'
2024-04-19 10:48:15.155 [ INFO] [ionShutdownHook] c.z.h.HikariDataSource         : close                : 350        : HikariPool-1 - Shutdown initiated...
2024-04-19 10:48:15.157 [ INFO] [ionShutdownHook] c.z.h.HikariDataSource         : close                : 352        : HikariPool-1 - Shutdown completed.
2024-04-19 10:48:16.337 [ INFO] [kground-preinit] o.h.v.i.u.Version              : <clinit>             : 21         : HV000001: Hibernate Validator 8.0.1.Final
2024-04-19 10:48:16.347 [ INFO] [           main] c.i.s.ShoppingMallApplication  : logStarting          : 50         : Starting ShoppingMallApplication using Java 21.0.2 with PID 83616 (/Users/bagsuyeon/Desktop/Team_idle/target/classes started by bagsuyeon in /Users/bagsuyeon/Desktop/Team_idle)
2024-04-19 10:48:16.348 [ INFO] [           main] c.i.s.ShoppingMallApplication  : ogStartupProfileInfo : 654        : No active profile set, falling back to 1 default profile: "default"
2024-04-19 10:48:16.627 [ INFO] [           main] epositoryConfigurationDelegate : gisterRepositoriesIn : 139        : Bootstrapping Spring Data JPA repositories in DEFAULT mode.
2024-04-19 10:48:16.637 [ INFO] [           main] epositoryConfigurationDelegate : gisterRepositoriesIn : 208        : Finished Spring Data repository scanning in 8 ms. Found 0 JPA repository interfaces.
2024-04-19 10:48:16.815 [ INFO] [           main] o.a.c.h.Http11NioProtocol      : log                  : 173        : Initializing ProtocolHandler ["http-nio-80"]
2024-04-19 10:48:16.816 [ INFO] [           main] o.a.c.c.StandardService        : log                  : 173        : Starting service [Tomcat]
2024-04-19 10:48:16.816 [ INFO] [           main] o.a.c.c.StandardEngine         : log                  : 173        : Starting Servlet engine: [Apache Tomcat/10.1.19]
2024-04-19 10:48:16.832 [ INFO] [           main] o.a.c.c.C.[.[.[/]              : log                  : 173        : Initializing Spring embedded WebApplicationContext
2024-04-19 10:48:16.889 [ INFO] [           main] c.z.h.HikariDataSource         : getConnection        : 110        : HikariPool-1 - Starting...
2024-04-19 10:48:17.041 [ INFO] [           main] c.z.h.p.HikariPool             : checkFailFast        : 565        : HikariPool-1 - Added connection com.mysql.cj.jdbc.ConnectionImpl@727986ad
2024-04-19 10:48:17.041 [ INFO] [           main] c.z.h.HikariDataSource         : getConnection        : 123        : HikariPool-1 - Start completed.
2024-04-19 10:48:17.058 [ INFO] [           main] o.h.j.i.u.LogHelper            : tenceUnitInformation : 31         : HHH000204: Processing PersistenceUnitInfo [name: default]
2024-04-19 10:48:17.080 [ INFO] [           main] o.h.Version                    : logVersion           : 44         : HHH000412: Hibernate ORM core version 6.4.4.Final
2024-04-19 10:48:17.092 [ INFO] [           main] o.h.c.i.RegionFactoryInitiator : initiateService      : 50         : HHH000026: Second-level cache disabled
2024-04-19 10:48:17.164 [ INFO] [           main] .j.p.SpringPersistenceUnitInfo : addTransformer       : 87         : No LoadTimeWeaver setup: ignoring JPA class transformer
2024-04-19 10:48:17.327 [ INFO] [           main] e.t.j.p.i.JtaPlatformInitiator : initiateService      : 58         : HHH000489: No JTA platform available (set 'hibernate.transaction.jta.platform' to enable JTA platform integration)
2024-04-19 10:48:17.329 [ INFO] [           main] tainerEntityManagerFactoryBean : EntityManagerFactory : 437        : Initialized JPA EntityManagerFactory for persistence unit 'default'
2024-04-19 10:48:17.686 [ WARN] [           main] figuration$JpaWebConfiguration : gerInViewInterceptor : 232        : spring.jpa.open-in-view is enabled by default. Therefore, database queries may be performed during view rendering. Explicitly configure spring.jpa.open-in-view to disable this warning
2024-04-19 10:48:17.796 [ INFO] [           main] s.w.DefaultSecurityFilterChain : <init>               : 54         : Will secure any request with [org.springframework.security.web.session.DisableEncodeUrlFilter@80b70fd, org.springframework.security.web.context.request.async.WebAsyncManagerIntegrationFilter@5af7e2f, org.springframework.security.web.context.SecurityContextHolderFilter@40da1644, org.springframework.security.web.header.HeaderWriterFilter@5ff8d76f, org.springframework.web.filter.CorsFilter@2df24f19, org.springframework.security.web.authentication.logout.LogoutFilter@363e2009, org.springframework.security.oauth2.client.web.OAuth2AuthorizationRequestRedirectFilter@411576c7, org.springframework.security.oauth2.client.web.OAuth2LoginAuthenticationFilter@795e8ef5, org.springframework.security.web.authentication.UsernamePasswordAuthenticationFilter@7e577eed, org.springframework.security.web.savedrequest.RequestCacheAwareFilter@2cdd156b, org.springframework.security.web.servletapi.SecurityContextHolderAwareRequestFilter@487bc2fe, org.springframework.security.web.authentication.AnonymousAuthenticationFilter@c76762, org.springframework.security.web.access.ExceptionTranslationFilter@1a82453, org.springframework.security.web.access.intercept.AuthorizationFilter@5fee3c9c]
2024-04-19 10:48:17.877 [ INFO] [           main] o.a.c.h.Http11NioProtocol      : log                  : 173        : Starting ProtocolHandler ["http-nio-80"]
2024-04-19 10:48:17.888 [ INFO] [           main] c.i.s.ShoppingMallApplication  : logStarted           : 56         : Started ShoppingMallApplication in 1.741 seconds (process running for 2.033)
2024-04-19 10:48:19.913 [ INFO] [p-nio-80-exec-1] o.a.c.c.C.[.[.[/]              : log                  : 173        : Initializing Spring DispatcherServlet 'dispatcherServlet'
2024-04-19 10:48:19.913 [ INFO] [p-nio-80-exec-1] o.s.w.s.DispatcherServlet      : initServletBean      : 532        : Initializing Servlet 'dispatcherServlet'
2024-04-19 10:48:19.914 [ INFO] [p-nio-80-exec-1] o.s.w.s.DispatcherServlet      : initServletBean      : 554        : Completed initialization in 1 ms
2024-04-19 10:50:07.956 [ INFO] [ionShutdownHook] tainerEntityManagerFactoryBean : destroy              : 650        : Closing JPA EntityManagerFactory for persistence unit 'default'
2024-04-19 10:50:07.957 [ INFO] [ionShutdownHook] c.z.h.HikariDataSource         : close                : 350        : HikariPool-1 - Shutdown initiated...
2024-04-19 10:50:07.959 [ INFO] [ionShutdownHook] c.z.h.HikariDataSource         : close                : 352        : HikariPool-1 - Shutdown completed.
2024-04-19 10:50:09.105 [ INFO] [kground-preinit] o.h.v.i.u.Version              : <clinit>             : 21         : HV000001: Hibernate Validator 8.0.1.Final
2024-04-19 10:50:09.119 [ INFO] [           main] c.i.s.ShoppingMallApplication  : logStarting          : 50         : Starting ShoppingMallApplication using Java 21.0.2 with PID 83652 (/Users/bagsuyeon/Desktop/Team_idle/target/classes started by bagsuyeon in /Users/bagsuyeon/Desktop/Team_idle)
2024-04-19 10:50:09.122 [ INFO] [           main] c.i.s.ShoppingMallApplication  : ogStartupProfileInfo : 654        : No active profile set, falling back to 1 default profile: "default"
2024-04-19 10:50:09.472 [ INFO] [           main] epositoryConfigurationDelegate : gisterRepositoriesIn : 139        : Bootstrapping Spring Data JPA repositories in DEFAULT mode.
2024-04-19 10:50:09.487 [ INFO] [           main] epositoryConfigurationDelegate : gisterRepositoriesIn : 208        : Finished Spring Data repository scanning in 12 ms. Found 0 JPA repository interfaces.
2024-04-19 10:50:09.666 [ INFO] [           main] o.a.c.h.Http11NioProtocol      : log                  : 173        : Initializing ProtocolHandler ["http-nio-80"]
2024-04-19 10:50:09.667 [ INFO] [           main] o.a.c.c.StandardService        : log                  : 173        : Starting service [Tomcat]
2024-04-19 10:50:09.667 [ INFO] [           main] o.a.c.c.StandardEngine         : log                  : 173        : Starting Servlet engine: [Apache Tomcat/10.1.19]
2024-04-19 10:50:09.682 [ INFO] [           main] o.a.c.c.C.[.[.[/]              : log                  : 173        : Initializing Spring embedded WebApplicationContext
2024-04-19 10:50:09.736 [ INFO] [           main] c.z.h.HikariDataSource         : getConnection        : 110        : HikariPool-1 - Starting...
2024-04-19 10:50:09.959 [ INFO] [           main] c.z.h.p.HikariPool             : checkFailFast        : 565        : HikariPool-1 - Added connection com.mysql.cj.jdbc.ConnectionImpl@14b8a751
2024-04-19 10:50:09.960 [ INFO] [           main] c.z.h.HikariDataSource         : getConnection        : 123        : HikariPool-1 - Start completed.
2024-04-19 10:50:09.974 [ INFO] [           main] o.h.j.i.u.LogHelper            : tenceUnitInformation : 31         : HHH000204: Processing PersistenceUnitInfo [name: default]
2024-04-19 10:50:09.992 [ INFO] [           main] o.h.Version                    : logVersion           : 44         : HHH000412: Hibernate ORM core version 6.4.4.Final
2024-04-19 10:50:10.001 [ INFO] [           main] o.h.c.i.RegionFactoryInitiator : initiateService      : 50         : HHH000026: Second-level cache disabled
2024-04-19 10:50:10.068 [ INFO] [           main] .j.p.SpringPersistenceUnitInfo : addTransformer       : 87         : No LoadTimeWeaver setup: ignoring JPA class transformer
2024-04-19 10:50:10.253 [ INFO] [           main] e.t.j.p.i.JtaPlatformInitiator : initiateService      : 58         : HHH000489: No JTA platform available (set 'hibernate.transaction.jta.platform' to enable JTA platform integration)
2024-04-19 10:50:10.254 [ INFO] [           main] tainerEntityManagerFactoryBean : EntityManagerFactory : 437        : Initialized JPA EntityManagerFactory for persistence unit 'default'
2024-04-19 10:50:10.586 [ WARN] [           main] figuration$JpaWebConfiguration : gerInViewInterceptor : 232        : spring.jpa.open-in-view is enabled by default. Therefore, database queries may be performed during view rendering. Explicitly configure spring.jpa.open-in-view to disable this warning
2024-04-19 10:50:10.692 [ INFO] [           main] s.w.DefaultSecurityFilterChain : <init>               : 54         : Will secure any request with [org.springframework.security.web.session.DisableEncodeUrlFilter@30bfdcc5, org.springframework.security.web.context.request.async.WebAsyncManagerIntegrationFilter@1e9b0c92, org.springframework.security.web.context.SecurityContextHolderFilter@4f93a8f6, org.springframework.security.web.header.HeaderWriterFilter@2f09907, org.springframework.web.filter.CorsFilter@5bfeb9ba, org.springframework.security.web.authentication.logout.LogoutFilter@178c4480, org.springframework.security.oauth2.client.web.OAuth2AuthorizationRequestRedirectFilter@3052395d, org.springframework.security.oauth2.client.web.OAuth2LoginAuthenticationFilter@5fee3c9c, org.springframework.security.web.authentication.UsernamePasswordAuthenticationFilter@6bc8d8bd, org.springframework.security.web.savedrequest.RequestCacheAwareFilter@3fc2e100, org.springframework.security.web.servletapi.SecurityContextHolderAwareRequestFilter@31885b4b, org.springframework.security.web.authentication.AnonymousAuthenticationFilter@4cf1bd4a, org.springframework.security.web.access.ExceptionTranslationFilter@7dc9b41a, org.springframework.security.web.access.intercept.AuthorizationFilter@5c648e38]
2024-04-19 10:50:10.768 [ INFO] [           main] o.a.c.h.Http11NioProtocol      : log                  : 173        : Starting ProtocolHandler ["http-nio-80"]
2024-04-19 10:50:10.778 [ INFO] [           main] c.i.s.ShoppingMallApplication  : logStarted           : 56         : Started ShoppingMallApplication in 1.851 seconds (process running for 2.133)
2024-04-19 10:50:13.706 [ INFO] [p-nio-80-exec-1] o.a.c.c.C.[.[.[/]              : log                  : 173        : Initializing Spring DispatcherServlet 'dispatcherServlet'
2024-04-19 10:50:13.706 [ INFO] [p-nio-80-exec-1] o.s.w.s.DispatcherServlet      : initServletBean      : 532        : Initializing Servlet 'dispatcherServlet'
2024-04-19 10:50:13.707 [ INFO] [p-nio-80-exec-1] o.s.w.s.DispatcherServlet      : initServletBean      : 554        : Completed initialization in 1 ms
2024-04-19 10:51:01.540 [ INFO] [ionShutdownHook] tainerEntityManagerFactoryBean : destroy              : 650        : Closing JPA EntityManagerFactory for persistence unit 'default'
2024-04-19 10:51:01.541 [ INFO] [ionShutdownHook] c.z.h.HikariDataSource         : close                : 350        : HikariPool-1 - Shutdown initiated...
2024-04-19 10:51:01.544 [ INFO] [ionShutdownHook] c.z.h.HikariDataSource         : close                : 352        : HikariPool-1 - Shutdown completed.
2024-04-19 10:51:02.822 [ INFO] [kground-preinit] o.h.v.i.u.Version              : <clinit>             : 21         : HV000001: Hibernate Validator 8.0.1.Final
2024-04-19 10:51:02.832 [ INFO] [           main] c.i.s.ShoppingMallApplication  : logStarting          : 50         : Starting ShoppingMallApplication using Java 21.0.2 with PID 83728 (/Users/bagsuyeon/Desktop/Team_idle/target/classes started by bagsuyeon in /Users/bagsuyeon/Desktop/Team_idle)
2024-04-19 10:51:02.833 [ INFO] [           main] c.i.s.ShoppingMallApplication  : ogStartupProfileInfo : 654        : No active profile set, falling back to 1 default profile: "default"
2024-04-19 10:51:03.102 [ INFO] [           main] epositoryConfigurationDelegate : gisterRepositoriesIn : 139        : Bootstrapping Spring Data JPA repositories in DEFAULT mode.
2024-04-19 10:51:03.113 [ INFO] [           main] epositoryConfigurationDelegate : gisterRepositoriesIn : 208        : Finished Spring Data repository scanning in 7 ms. Found 0 JPA repository interfaces.
2024-04-19 10:51:03.289 [ INFO] [           main] o.a.c.h.Http11NioProtocol      : log                  : 173        : Initializing ProtocolHandler ["http-nio-80"]
2024-04-19 10:51:03.290 [ INFO] [           main] o.a.c.c.StandardService        : log                  : 173        : Starting service [Tomcat]
2024-04-19 10:51:03.290 [ INFO] [           main] o.a.c.c.StandardEngine         : log                  : 173        : Starting Servlet engine: [Apache Tomcat/10.1.19]
2024-04-19 10:51:03.306 [ INFO] [           main] o.a.c.c.C.[.[.[/]              : log                  : 173        : Initializing Spring embedded WebApplicationContext
2024-04-19 10:51:03.361 [ INFO] [           main] c.z.h.HikariDataSource         : getConnection        : 110        : HikariPool-1 - Starting...
2024-04-19 10:51:03.553 [ INFO] [           main] c.z.h.p.HikariPool             : checkFailFast        : 565        : HikariPool-1 - Added connection com.mysql.cj.jdbc.ConnectionImpl@554566a8
2024-04-19 10:51:03.554 [ INFO] [           main] c.z.h.HikariDataSource         : getConnection        : 123        : HikariPool-1 - Start completed.
2024-04-19 10:51:03.573 [ INFO] [           main] o.h.j.i.u.LogHelper            : tenceUnitInformation : 31         : HHH000204: Processing PersistenceUnitInfo [name: default]
2024-04-19 10:51:03.598 [ INFO] [           main] o.h.Version                    : logVersion           : 44         : HHH000412: Hibernate ORM core version 6.4.4.Final
2024-04-19 10:51:03.611 [ INFO] [           main] o.h.c.i.RegionFactoryInitiator : initiateService      : 50         : HHH000026: Second-level cache disabled
2024-04-19 10:51:03.685 [ INFO] [           main] .j.p.SpringPersistenceUnitInfo : addTransformer       : 87         : No LoadTimeWeaver setup: ignoring JPA class transformer
2024-04-19 10:51:03.891 [ INFO] [           main] e.t.j.p.i.JtaPlatformInitiator : initiateService      : 58         : HHH000489: No JTA platform available (set 'hibernate.transaction.jta.platform' to enable JTA platform integration)
2024-04-19 10:51:03.892 [ INFO] [           main] tainerEntityManagerFactoryBean : EntityManagerFactory : 437        : Initialized JPA EntityManagerFactory for persistence unit 'default'
2024-04-19 10:51:04.247 [ WARN] [           main] figuration$JpaWebConfiguration : gerInViewInterceptor : 232        : spring.jpa.open-in-view is enabled by default. Therefore, database queries may be performed during view rendering. Explicitly configure spring.jpa.open-in-view to disable this warning
2024-04-19 10:51:04.365 [ INFO] [           main] s.w.DefaultSecurityFilterChain : <init>               : 54         : Will secure any request with [org.springframework.security.web.session.DisableEncodeUrlFilter@5bfeb9ba, org.springframework.security.web.context.request.async.WebAsyncManagerIntegrationFilter@4cf1bd4a, org.springframework.security.web.context.SecurityContextHolderFilter@3fc2e100, org.springframework.security.web.header.HeaderWriterFilter@5f8a29ca, org.springframework.web.filter.CorsFilter@26619e5, org.springframework.security.web.authentication.logout.LogoutFilter@40da1644, org.springframework.security.oauth2.client.web.OAuth2AuthorizationRequestRedirectFilter@784c74e, org.springframework.security.oauth2.client.web.OAuth2LoginAuthenticationFilter@11a0c708, org.springframework.security.web.authentication.UsernamePasswordAuthenticationFilter@1e733bb5, org.springframework.security.web.savedrequest.RequestCacheAwareFilter@638e8194, org.springframework.security.web.servletapi.SecurityContextHolderAwareRequestFilter@43c64d6f, org.springframework.security.web.authentication.AnonymousAuthenticationFilter@445f6aa7, org.springframework.security.web.access.ExceptionTranslationFilter@2f09907, org.springframework.security.web.access.intercept.AuthorizationFilter@395c21ee]
2024-04-19 10:51:04.447 [ INFO] [           main] o.a.c.h.Http11NioProtocol      : log                  : 173        : Starting ProtocolHandler ["http-nio-80"]
2024-04-19 10:51:04.457 [ INFO] [           main] c.i.s.ShoppingMallApplication  : logStarted           : 56         : Started ShoppingMallApplication in 1.75 seconds (process running for 2.236)
2024-04-19 10:51:05.859 [ INFO] [p-nio-80-exec-1] o.a.c.c.C.[.[.[/]              : log                  : 173        : Initializing Spring DispatcherServlet 'dispatcherServlet'
2024-04-19 10:51:05.859 [ INFO] [p-nio-80-exec-1] o.s.w.s.DispatcherServlet      : initServletBean      : 532        : Initializing Servlet 'dispatcherServlet'
2024-04-19 10:51:05.860 [ INFO] [p-nio-80-exec-1] o.s.w.s.DispatcherServlet      : initServletBean      : 554        : Completed initialization in 1 ms
2024-04-19 10:51:13.959 [ INFO] [ionShutdownHook] tainerEntityManagerFactoryBean : destroy              : 650        : Closing JPA EntityManagerFactory for persistence unit 'default'
2024-04-19 10:51:13.960 [ INFO] [ionShutdownHook] c.z.h.HikariDataSource         : close                : 350        : HikariPool-1 - Shutdown initiated...
2024-04-19 10:51:13.962 [ INFO] [ionShutdownHook] c.z.h.HikariDataSource         : close                : 352        : HikariPool-1 - Shutdown completed.
2024-04-19 10:51:15.050 [ INFO] [kground-preinit] o.h.v.i.u.Version              : <clinit>             : 21         : HV000001: Hibernate Validator 8.0.1.Final
2024-04-19 10:51:15.062 [ INFO] [           main] c.i.s.ShoppingMallApplication  : logStarting          : 50         : Starting ShoppingMallApplication using Java 21.0.2 with PID 83733 (/Users/bagsuyeon/Desktop/Team_idle/target/classes started by bagsuyeon in /Users/bagsuyeon/Desktop/Team_idle)
2024-04-19 10:51:15.064 [ INFO] [           main] c.i.s.ShoppingMallApplication  : ogStartupProfileInfo : 654        : No active profile set, falling back to 1 default profile: "default"
2024-04-19 10:51:15.318 [ INFO] [           main] epositoryConfigurationDelegate : gisterRepositoriesIn : 139        : Bootstrapping Spring Data JPA repositories in DEFAULT mode.
2024-04-19 10:51:15.329 [ INFO] [           main] epositoryConfigurationDelegate : gisterRepositoriesIn : 208        : Finished Spring Data repository scanning in 8 ms. Found 0 JPA repository interfaces.
2024-04-19 10:51:15.497 [ INFO] [           main] o.a.c.h.Http11NioProtocol      : log                  : 173        : Initializing ProtocolHandler ["http-nio-80"]
2024-04-19 10:51:15.497 [ INFO] [           main] o.a.c.c.StandardService        : log                  : 173        : Starting service [Tomcat]
2024-04-19 10:51:15.497 [ INFO] [           main] o.a.c.c.StandardEngine         : log                  : 173        : Starting Servlet engine: [Apache Tomcat/10.1.19]
2024-04-19 10:51:15.515 [ INFO] [           main] o.a.c.c.C.[.[.[/]              : log                  : 173        : Initializing Spring embedded WebApplicationContext
2024-04-19 10:51:15.569 [ INFO] [           main] c.z.h.HikariDataSource         : getConnection        : 110        : HikariPool-1 - Starting...
2024-04-19 10:51:15.719 [ INFO] [           main] c.z.h.p.HikariPool             : checkFailFast        : 565        : HikariPool-1 - Added connection com.mysql.cj.jdbc.ConnectionImpl@727986ad
2024-04-19 10:51:15.719 [ INFO] [           main] c.z.h.HikariDataSource         : getConnection        : 123        : HikariPool-1 - Start completed.
2024-04-19 10:51:15.735 [ INFO] [           main] o.h.j.i.u.LogHelper            : tenceUnitInformation : 31         : HHH000204: Processing PersistenceUnitInfo [name: default]
2024-04-19 10:51:15.754 [ INFO] [           main] o.h.Version                    : logVersion           : 44         : HHH000412: Hibernate ORM core version 6.4.4.Final
2024-04-19 10:51:15.764 [ INFO] [           main] o.h.c.i.RegionFactoryInitiator : initiateService      : 50         : HHH000026: Second-level cache disabled
2024-04-19 10:51:15.831 [ INFO] [           main] .j.p.SpringPersistenceUnitInfo : addTransformer       : 87         : No LoadTimeWeaver setup: ignoring JPA class transformer
2024-04-19 10:51:15.979 [ INFO] [           main] e.t.j.p.i.JtaPlatformInitiator : initiateService      : 58         : HHH000489: No JTA platform available (set 'hibernate.transaction.jta.platform' to enable JTA platform integration)
2024-04-19 10:51:15.981 [ INFO] [           main] tainerEntityManagerFactoryBean : EntityManagerFactory : 437        : Initialized JPA EntityManagerFactory for persistence unit 'default'
2024-04-19 10:51:16.310 [ WARN] [           main] figuration$JpaWebConfiguration : gerInViewInterceptor : 232        : spring.jpa.open-in-view is enabled by default. Therefore, database queries may be performed during view rendering. Explicitly configure spring.jpa.open-in-view to disable this warning
2024-04-19 10:51:16.416 [ INFO] [           main] s.w.DefaultSecurityFilterChain : <init>               : 54         : Will secure any request with [org.springframework.security.web.session.DisableEncodeUrlFilter@80b70fd, org.springframework.security.web.context.request.async.WebAsyncManagerIntegrationFilter@5af7e2f, org.springframework.security.web.context.SecurityContextHolderFilter@40da1644, org.springframework.security.web.header.HeaderWriterFilter@5ff8d76f, org.springframework.web.filter.CorsFilter@2df24f19, org.springframework.security.web.authentication.logout.LogoutFilter@363e2009, org.springframework.security.oauth2.client.web.OAuth2AuthorizationRequestRedirectFilter@411576c7, org.springframework.security.oauth2.client.web.OAuth2LoginAuthenticationFilter@795e8ef5, org.springframework.security.web.authentication.UsernamePasswordAuthenticationFilter@7e577eed, org.springframework.security.web.savedrequest.RequestCacheAwareFilter@2cdd156b, org.springframework.security.web.servletapi.SecurityContextHolderAwareRequestFilter@487bc2fe, org.springframework.security.web.authentication.AnonymousAuthenticationFilter@c76762, org.springframework.security.web.access.ExceptionTranslationFilter@1a82453, org.springframework.security.web.access.intercept.AuthorizationFilter@5fee3c9c]
2024-04-19 10:51:16.493 [ INFO] [           main] o.a.c.h.Http11NioProtocol      : log                  : 173        : Starting ProtocolHandler ["http-nio-80"]
2024-04-19 10:51:16.503 [ INFO] [           main] c.i.s.ShoppingMallApplication  : logStarted           : 56         : Started ShoppingMallApplication in 1.601 seconds (process running for 1.887)
2024-04-19 10:53:03.899 [ INFO] [ionShutdownHook] tainerEntityManagerFactoryBean : destroy              : 650        : Closing JPA EntityManagerFactory for persistence unit 'default'
2024-04-19 10:53:03.901 [ INFO] [ionShutdownHook] c.z.h.HikariDataSource         : close                : 350        : HikariPool-1 - Shutdown initiated...
2024-04-19 10:53:03.903 [ INFO] [ionShutdownHook] c.z.h.HikariDataSource         : close                : 352        : HikariPool-1 - Shutdown completed.
2024-04-19 10:56:57.812 [ INFO] [kground-preinit] o.h.v.i.u.Version              : <clinit>             : 21         : HV000001: Hibernate Validator 8.0.1.Final
2024-04-19 10:56:57.822 [ INFO] [           main] c.i.s.ShoppingMallApplication  : logStarting          : 50         : Starting ShoppingMallApplication using Java 21.0.2 with PID 84486 (/Users/bagsuyeon/Desktop/Team_idle/target/classes started by bagsuyeon in /Users/bagsuyeon/Desktop/Team_idle)
2024-04-19 10:56:57.823 [ INFO] [           main] c.i.s.ShoppingMallApplication  : ogStartupProfileInfo : 654        : No active profile set, falling back to 1 default profile: "default"
2024-04-19 10:56:58.105 [ INFO] [           main] epositoryConfigurationDelegate : gisterRepositoriesIn : 139        : Bootstrapping Spring Data JPA repositories in DEFAULT mode.
2024-04-19 10:56:58.116 [ INFO] [           main] epositoryConfigurationDelegate : gisterRepositoriesIn : 208        : Finished Spring Data repository scanning in 8 ms. Found 0 JPA repository interfaces.
2024-04-19 10:56:58.302 [ INFO] [           main] o.a.c.h.Http11NioProtocol      : log                  : 173        : Initializing ProtocolHandler ["http-nio-80"]
2024-04-19 10:56:58.303 [ INFO] [           main] o.a.c.c.StandardService        : log                  : 173        : Starting service [Tomcat]
2024-04-19 10:56:58.303 [ INFO] [           main] o.a.c.c.StandardEngine         : log                  : 173        : Starting Servlet engine: [Apache Tomcat/10.1.19]
2024-04-19 10:56:58.319 [ INFO] [           main] o.a.c.c.C.[.[.[/]              : log                  : 173        : Initializing Spring embedded WebApplicationContext
2024-04-19 10:56:58.373 [ INFO] [           main] c.z.h.HikariDataSource         : getConnection        : 110        : HikariPool-1 - Starting...
2024-04-19 10:56:58.586 [ INFO] [           main] c.z.h.p.HikariPool             : checkFailFast        : 565        : HikariPool-1 - Added connection com.mysql.cj.jdbc.ConnectionImpl@727986ad
2024-04-19 10:56:58.587 [ INFO] [           main] c.z.h.HikariDataSource         : getConnection        : 123        : HikariPool-1 - Start completed.
2024-04-19 10:56:58.605 [ INFO] [           main] o.h.j.i.u.LogHelper            : tenceUnitInformation : 31         : HHH000204: Processing PersistenceUnitInfo [name: default]
2024-04-19 10:56:58.628 [ INFO] [           main] o.h.Version                    : logVersion           : 44         : HHH000412: Hibernate ORM core version 6.4.4.Final
2024-04-19 10:56:58.640 [ INFO] [           main] o.h.c.i.RegionFactoryInitiator : initiateService      : 50         : HHH000026: Second-level cache disabled
2024-04-19 10:56:58.717 [ INFO] [           main] .j.p.SpringPersistenceUnitInfo : addTransformer       : 87         : No LoadTimeWeaver setup: ignoring JPA class transformer
2024-04-19 10:56:58.877 [ INFO] [           main] e.t.j.p.i.JtaPlatformInitiator : initiateService      : 58         : HHH000489: No JTA platform available (set 'hibernate.transaction.jta.platform' to enable JTA platform integration)
2024-04-19 10:56:58.878 [ INFO] [           main] tainerEntityManagerFactoryBean : EntityManagerFactory : 437        : Initialized JPA EntityManagerFactory for persistence unit 'default'
2024-04-19 10:56:59.232 [ WARN] [           main] figuration$JpaWebConfiguration : gerInViewInterceptor : 232        : spring.jpa.open-in-view is enabled by default. Therefore, database queries may be performed during view rendering. Explicitly configure spring.jpa.open-in-view to disable this warning
2024-04-19 10:56:59.378 [ INFO] [           main] s.w.DefaultSecurityFilterChain : <init>               : 54         : Will secure any request with [org.springframework.security.web.session.DisableEncodeUrlFilter@80b70fd, org.springframework.security.web.context.request.async.WebAsyncManagerIntegrationFilter@5af7e2f, org.springframework.security.web.context.SecurityContextHolderFilter@40da1644, org.springframework.security.web.header.HeaderWriterFilter@5ff8d76f, org.springframework.web.filter.CorsFilter@2df24f19, org.springframework.security.web.authentication.logout.LogoutFilter@363e2009, org.springframework.security.oauth2.client.web.OAuth2AuthorizationRequestRedirectFilter@411576c7, org.springframework.security.oauth2.client.web.OAuth2LoginAuthenticationFilter@795e8ef5, org.springframework.security.web.authentication.UsernamePasswordAuthenticationFilter@7e577eed, org.springframework.security.web.savedrequest.RequestCacheAwareFilter@2cdd156b, org.springframework.security.web.servletapi.SecurityContextHolderAwareRequestFilter@487bc2fe, org.springframework.security.web.authentication.AnonymousAuthenticationFilter@c76762, org.springframework.security.web.access.ExceptionTranslationFilter@1a82453, org.springframework.security.web.access.intercept.AuthorizationFilter@5fee3c9c]
2024-04-19 10:56:59.464 [ INFO] [           main] o.a.c.h.Http11NioProtocol      : log                  : 173        : Starting ProtocolHandler ["http-nio-80"]
2024-04-19 10:56:59.474 [ INFO] [           main] c.i.s.ShoppingMallApplication  : logStarted           : 56         : Started ShoppingMallApplication in 1.79 seconds (process running for 2.089)
2024-04-19 10:57:16.415 [ INFO] [p-nio-80-exec-1] o.a.c.c.C.[.[.[/]              : log                  : 173        : Initializing Spring DispatcherServlet 'dispatcherServlet'
2024-04-19 10:57:16.416 [ INFO] [p-nio-80-exec-1] o.s.w.s.DispatcherServlet      : initServletBean      : 532        : Initializing Servlet 'dispatcherServlet'
2024-04-19 10:57:16.417 [ INFO] [p-nio-80-exec-1] o.s.w.s.DispatcherServlet      : initServletBean      : 554        : Completed initialization in 1 ms
2024-04-19 11:01:13.441 [ INFO] [ionShutdownHook] tainerEntityManagerFactoryBean : destroy              : 650        : Closing JPA EntityManagerFactory for persistence unit 'default'
2024-04-19 11:01:13.443 [ INFO] [ionShutdownHook] c.z.h.HikariDataSource         : close                : 350        : HikariPool-1 - Shutdown initiated...
2024-04-19 11:01:13.445 [ INFO] [ionShutdownHook] c.z.h.HikariDataSource         : close                : 352        : HikariPool-1 - Shutdown completed.
2024-04-19 11:01:14.791 [ INFO] [kground-preinit] o.h.v.i.u.Version              : <clinit>             : 21         : HV000001: Hibernate Validator 8.0.1.Final
2024-04-19 11:01:14.801 [ INFO] [           main] c.i.s.ShoppingMallApplication  : logStarting          : 50         : Starting ShoppingMallApplication using Java 21.0.2 with PID 84737 (/Users/bagsuyeon/Desktop/Team_idle/target/classes started by bagsuyeon in /Users/bagsuyeon/Desktop/Team_idle)
2024-04-19 11:01:14.802 [ INFO] [           main] c.i.s.ShoppingMallApplication  : ogStartupProfileInfo : 654        : No active profile set, falling back to 1 default profile: "default"
2024-04-19 11:01:15.074 [ INFO] [           main] epositoryConfigurationDelegate : gisterRepositoriesIn : 139        : Bootstrapping Spring Data JPA repositories in DEFAULT mode.
2024-04-19 11:01:15.085 [ INFO] [           main] epositoryConfigurationDelegate : gisterRepositoriesIn : 208        : Finished Spring Data repository scanning in 8 ms. Found 0 JPA repository interfaces.
2024-04-19 11:01:15.270 [ INFO] [           main] o.a.c.h.Http11NioProtocol      : log                  : 173        : Initializing ProtocolHandler ["http-nio-80"]
2024-04-19 11:01:15.270 [ INFO] [           main] o.a.c.c.StandardService        : log                  : 173        : Starting service [Tomcat]
2024-04-19 11:01:15.270 [ INFO] [           main] o.a.c.c.StandardEngine         : log                  : 173        : Starting Servlet engine: [Apache Tomcat/10.1.19]
2024-04-19 11:01:15.286 [ INFO] [           main] o.a.c.c.C.[.[.[/]              : log                  : 173        : Initializing Spring embedded WebApplicationContext
2024-04-19 11:01:15.348 [ INFO] [           main] c.z.h.HikariDataSource         : getConnection        : 110        : HikariPool-1 - Starting...
2024-04-19 11:01:15.483 [ INFO] [           main] c.z.h.p.HikariPool             : checkFailFast        : 565        : HikariPool-1 - Added connection com.mysql.cj.jdbc.ConnectionImpl@554566a8
2024-04-19 11:01:15.484 [ INFO] [           main] c.z.h.HikariDataSource         : getConnection        : 123        : HikariPool-1 - Start completed.
2024-04-19 11:01:15.499 [ INFO] [           main] o.h.j.i.u.LogHelper            : tenceUnitInformation : 31         : HHH000204: Processing PersistenceUnitInfo [name: default]
2024-04-19 11:01:15.522 [ INFO] [           main] o.h.Version                    : logVersion           : 44         : HHH000412: Hibernate ORM core version 6.4.4.Final
2024-04-19 11:01:15.533 [ INFO] [           main] o.h.c.i.RegionFactoryInitiator : initiateService      : 50         : HHH000026: Second-level cache disabled
2024-04-19 11:01:15.605 [ INFO] [           main] .j.p.SpringPersistenceUnitInfo : addTransformer       : 87         : No LoadTimeWeaver setup: ignoring JPA class transformer
2024-04-19 11:01:15.767 [ INFO] [           main] e.t.j.p.i.JtaPlatformInitiator : initiateService      : 58         : HHH000489: No JTA platform available (set 'hibernate.transaction.jta.platform' to enable JTA platform integration)
2024-04-19 11:01:15.769 [ INFO] [           main] tainerEntityManagerFactoryBean : EntityManagerFactory : 437        : Initialized JPA EntityManagerFactory for persistence unit 'default'
2024-04-19 11:01:16.162 [ WARN] [           main] figuration$JpaWebConfiguration : gerInViewInterceptor : 232        : spring.jpa.open-in-view is enabled by default. Therefore, database queries may be performed during view rendering. Explicitly configure spring.jpa.open-in-view to disable this warning
2024-04-19 11:01:16.276 [ INFO] [           main] s.w.DefaultSecurityFilterChain : <init>               : 54         : Will secure any request with [org.springframework.security.web.session.DisableEncodeUrlFilter@5bfeb9ba, org.springframework.security.web.context.request.async.WebAsyncManagerIntegrationFilter@4cf1bd4a, org.springframework.security.web.context.SecurityContextHolderFilter@3fc2e100, org.springframework.security.web.header.HeaderWriterFilter@5f8a29ca, org.springframework.web.filter.CorsFilter@26619e5, org.springframework.security.web.authentication.logout.LogoutFilter@40da1644, org.springframework.security.oauth2.client.web.OAuth2AuthorizationRequestRedirectFilter@784c74e, org.springframework.security.oauth2.client.web.OAuth2LoginAuthenticationFilter@11a0c708, org.springframework.security.web.authentication.UsernamePasswordAuthenticationFilter@1e733bb5, org.springframework.security.web.savedrequest.RequestCacheAwareFilter@638e8194, org.springframework.security.web.servletapi.SecurityContextHolderAwareRequestFilter@43c64d6f, org.springframework.security.web.authentication.AnonymousAuthenticationFilter@445f6aa7, org.springframework.security.web.access.ExceptionTranslationFilter@2f09907, org.springframework.security.web.access.intercept.AuthorizationFilter@395c21ee]
2024-04-19 11:01:16.358 [ INFO] [           main] o.a.c.h.Http11NioProtocol      : log                  : 173        : Starting ProtocolHandler ["http-nio-80"]
2024-04-19 11:01:16.368 [ INFO] [           main] c.i.s.ShoppingMallApplication  : logStarted           : 56         : Started ShoppingMallApplication in 1.692 seconds (process running for 2.184)
2024-04-19 11:01:19.661 [ INFO] [p-nio-80-exec-1] o.a.c.c.C.[.[.[/]              : log                  : 173        : Initializing Spring DispatcherServlet 'dispatcherServlet'
2024-04-19 11:01:19.661 [ INFO] [p-nio-80-exec-1] o.s.w.s.DispatcherServlet      : initServletBean      : 532        : Initializing Servlet 'dispatcherServlet'
2024-04-19 11:01:19.663 [ INFO] [p-nio-80-exec-1] o.s.w.s.DispatcherServlet      : initServletBean      : 554        : Completed initialization in 1 ms
2024-04-19 11:12:44.811 [ INFO] [ionShutdownHook] tainerEntityManagerFactoryBean : destroy              : 650        : Closing JPA EntityManagerFactory for persistence unit 'default'
2024-04-19 11:12:44.814 [ INFO] [ionShutdownHook] c.z.h.HikariDataSource         : close                : 350        : HikariPool-1 - Shutdown initiated...
2024-04-19 11:12:44.818 [ INFO] [ionShutdownHook] c.z.h.HikariDataSource         : close                : 352        : HikariPool-1 - Shutdown completed.
2024-04-19 14:16:33.994 [ INFO] [kground-preinit] o.h.v.i.u.Version              : <clinit>             : 21         : HV000001: Hibernate Validator 8.0.1.Final
2024-04-19 14:16:34.007 [ INFO] [           main] c.i.s.ShoppingMallApplication  : logStarting          : 50         : Starting ShoppingMallApplication using Java 21.0.2 with PID 88349 (/Users/bagsuyeon/Desktop/Team_idle/target/classes started by bagsuyeon in /Users/bagsuyeon/Desktop/Team_idle)
2024-04-19 14:16:34.008 [ INFO] [           main] c.i.s.ShoppingMallApplication  : ogStartupProfileInfo : 654        : No active profile set, falling back to 1 default profile: "default"
2024-04-19 14:16:34.342 [ INFO] [           main] epositoryConfigurationDelegate : gisterRepositoriesIn : 139        : Bootstrapping Spring Data JPA repositories in DEFAULT mode.
2024-04-19 14:16:34.355 [ INFO] [           main] epositoryConfigurationDelegate : gisterRepositoriesIn : 208        : Finished Spring Data repository scanning in 10 ms. Found 0 JPA repository interfaces.
2024-04-19 14:16:34.591 [ INFO] [           main] o.a.c.h.Http11NioProtocol      : log                  : 173        : Initializing ProtocolHandler ["http-nio-80"]
2024-04-19 14:16:34.592 [ INFO] [           main] o.a.c.c.StandardService        : log                  : 173        : Starting service [Tomcat]
2024-04-19 14:16:34.592 [ INFO] [           main] o.a.c.c.StandardEngine         : log                  : 173        : Starting Servlet engine: [Apache Tomcat/10.1.19]
2024-04-19 14:16:34.611 [ INFO] [           main] o.a.c.c.C.[.[.[/]              : log                  : 173        : Initializing Spring embedded WebApplicationContext
2024-04-19 14:16:34.698 [ INFO] [           main] c.z.h.HikariDataSource         : getConnection        : 110        : HikariPool-1 - Starting...
2024-04-19 14:16:35.003 [ INFO] [           main] c.z.h.p.HikariPool             : checkFailFast        : 565        : HikariPool-1 - Added connection com.mysql.cj.jdbc.ConnectionImpl@2ee92e7d
2024-04-19 14:16:35.004 [ INFO] [           main] c.z.h.HikariDataSource         : getConnection        : 123        : HikariPool-1 - Start completed.
2024-04-19 14:16:35.029 [ INFO] [           main] o.h.j.i.u.LogHelper            : tenceUnitInformation : 31         : HHH000204: Processing PersistenceUnitInfo [name: default]
2024-04-19 14:16:35.059 [ INFO] [           main] o.h.Version                    : logVersion           : 44         : HHH000412: Hibernate ORM core version 6.4.4.Final
2024-04-19 14:16:35.073 [ INFO] [           main] o.h.c.i.RegionFactoryInitiator : initiateService      : 50         : HHH000026: Second-level cache disabled
2024-04-19 14:16:35.157 [ INFO] [           main] .j.p.SpringPersistenceUnitInfo : addTransformer       : 87         : No LoadTimeWeaver setup: ignoring JPA class transformer
2024-04-19 14:16:35.363 [ INFO] [           main] e.t.j.p.i.JtaPlatformInitiator : initiateService      : 58         : HHH000489: No JTA platform available (set 'hibernate.transaction.jta.platform' to enable JTA platform integration)
2024-04-19 14:16:35.365 [ INFO] [           main] tainerEntityManagerFactoryBean : EntityManagerFactory : 437        : Initialized JPA EntityManagerFactory for persistence unit 'default'
2024-04-19 14:16:35.758 [ WARN] [           main] figuration$JpaWebConfiguration : gerInViewInterceptor : 232        : spring.jpa.open-in-view is enabled by default. Therefore, database queries may be performed during view rendering. Explicitly configure spring.jpa.open-in-view to disable this warning
2024-04-19 14:16:35.869 [ INFO] [           main] s.w.DefaultSecurityFilterChain : <init>               : 54         : Will secure any request with [org.springframework.security.web.session.DisableEncodeUrlFilter@11a0c708, org.springframework.security.web.context.request.async.WebAsyncManagerIntegrationFilter@30bfdcc5, org.springframework.security.web.context.SecurityContextHolderFilter@5f8a29ca, org.springframework.security.web.header.HeaderWriterFilter@2f97e3de, org.springframework.web.filter.CorsFilter@1e9b0c92, org.springframework.security.web.authentication.logout.LogoutFilter@5ff8d76f, org.springframework.security.oauth2.client.web.OAuth2AuthorizationRequestRedirectFilter@14b9817b, org.springframework.security.oauth2.client.web.OAuth2LoginAuthenticationFilter@784c74e, org.springframework.security.web.authentication.UsernamePasswordAuthenticationFilter@5c648e38, org.springframework.security.web.savedrequest.RequestCacheAwareFilter@492d38a2, org.springframework.security.web.servletapi.SecurityContextHolderAwareRequestFilter@3fc2e100, org.springframework.security.web.authentication.AnonymousAuthenticationFilter@5bfeb9ba, org.springframework.security.web.access.ExceptionTranslationFilter@7db679, org.springframework.security.web.access.intercept.AuthorizationFilter@1a67bde5]
2024-04-19 14:16:35.947 [ INFO] [           main] o.a.c.h.Http11NioProtocol      : log                  : 173        : Starting ProtocolHandler ["http-nio-80"]
2024-04-19 14:16:35.957 [ INFO] [           main] c.i.s.ShoppingMallApplication  : logStarted           : 56         : Started ShoppingMallApplication in 2.098 seconds (process running for 2.682)
2024-04-19 14:16:39.444 [ INFO] [p-nio-80-exec-1] o.a.c.c.C.[.[.[/]              : log                  : 173        : Initializing Spring DispatcherServlet 'dispatcherServlet'
2024-04-19 14:16:39.445 [ INFO] [p-nio-80-exec-1] o.s.w.s.DispatcherServlet      : initServletBean      : 532        : Initializing Servlet 'dispatcherServlet'
2024-04-19 14:16:39.446 [ INFO] [p-nio-80-exec-1] o.s.w.s.DispatcherServlet      : initServletBean      : 554        : Completed initialization in 0 ms
2024-04-19 15:16:07.631 [ INFO] [ionShutdownHook] tainerEntityManagerFactoryBean : destroy              : 650        : Closing JPA EntityManagerFactory for persistence unit 'default'
2024-04-19 15:16:07.632 [ INFO] [ionShutdownHook] c.z.h.HikariDataSource         : close                : 350        : HikariPool-1 - Shutdown initiated...
2024-04-19 15:16:07.633 [ INFO] [ionShutdownHook] c.z.h.HikariDataSource         : close                : 352        : HikariPool-1 - Shutdown completed.
2024-04-19 15:16:09.907 [ INFO] [kground-preinit] o.h.v.i.u.Version              : <clinit>             : 21         : HV000001: Hibernate Validator 8.0.1.Final
2024-04-19 15:16:09.922 [ INFO] [           main] c.i.s.ShoppingMallApplication  : logStarting          : 50         : Starting ShoppingMallApplication using Java 21.0.2 with PID 88912 (/Users/bagsuyeon/Desktop/Team_idle/target/classes started by bagsuyeon in /Users/bagsuyeon/Desktop/Team_idle)
2024-04-19 15:16:09.924 [ INFO] [           main] c.i.s.ShoppingMallApplication  : ogStartupProfileInfo : 654        : No active profile set, falling back to 1 default profile: "default"
2024-04-19 15:16:10.285 [ INFO] [           main] epositoryConfigurationDelegate : gisterRepositoriesIn : 139        : Bootstrapping Spring Data JPA repositories in DEFAULT mode.
2024-04-19 15:16:10.296 [ INFO] [           main] epositoryConfigurationDelegate : gisterRepositoriesIn : 208        : Finished Spring Data repository scanning in 8 ms. Found 0 JPA repository interfaces.
2024-04-19 15:16:10.502 [ INFO] [           main] o.a.c.h.Http11NioProtocol      : log                  : 173        : Initializing ProtocolHandler ["http-nio-80"]
2024-04-19 15:16:10.503 [ INFO] [           main] o.a.c.c.StandardService        : log                  : 173        : Starting service [Tomcat]
2024-04-19 15:16:10.503 [ INFO] [           main] o.a.c.c.StandardEngine         : log                  : 173        : Starting Servlet engine: [Apache Tomcat/10.1.19]
2024-04-19 15:16:10.524 [ INFO] [           main] o.a.c.c.C.[.[.[/]              : log                  : 173        : Initializing Spring embedded WebApplicationContext
2024-04-19 15:16:10.578 [ INFO] [           main] c.z.h.HikariDataSource         : getConnection        : 110        : HikariPool-1 - Starting...
2024-04-19 15:16:10.687 [ INFO] [           main] c.z.h.p.HikariPool             : checkFailFast        : 565        : HikariPool-1 - Added connection com.mysql.cj.jdbc.ConnectionImpl@2edb2f8b
2024-04-19 15:16:10.688 [ INFO] [           main] c.z.h.HikariDataSource         : getConnection        : 123        : HikariPool-1 - Start completed.
2024-04-19 15:16:10.704 [ INFO] [           main] o.h.j.i.u.LogHelper            : tenceUnitInformation : 31         : HHH000204: Processing PersistenceUnitInfo [name: default]
2024-04-19 15:16:10.731 [ INFO] [           main] o.h.Version                    : logVersion           : 44         : HHH000412: Hibernate ORM core version 6.4.4.Final
2024-04-19 15:16:10.744 [ INFO] [           main] o.h.c.i.RegionFactoryInitiator : initiateService      : 50         : HHH000026: Second-level cache disabled
2024-04-19 15:16:10.829 [ INFO] [           main] .j.p.SpringPersistenceUnitInfo : addTransformer       : 87         : No LoadTimeWeaver setup: ignoring JPA class transformer
2024-04-19 15:16:10.989 [ INFO] [           main] e.t.j.p.i.JtaPlatformInitiator : initiateService      : 58         : HHH000489: No JTA platform available (set 'hibernate.transaction.jta.platform' to enable JTA platform integration)
2024-04-19 15:16:10.991 [ INFO] [           main] tainerEntityManagerFactoryBean : EntityManagerFactory : 437        : Initialized JPA EntityManagerFactory for persistence unit 'default'
2024-04-19 15:16:11.372 [ WARN] [           main] figuration$JpaWebConfiguration : gerInViewInterceptor : 232        : spring.jpa.open-in-view is enabled by default. Therefore, database queries may be performed during view rendering. Explicitly configure spring.jpa.open-in-view to disable this warning
2024-04-19 15:16:11.488 [ INFO] [           main] s.w.DefaultSecurityFilterChain : <init>               : 54         : Will secure any request with [org.springframework.security.web.session.DisableEncodeUrlFilter@5aec151b, org.springframework.security.web.context.request.async.WebAsyncManagerIntegrationFilter@74cf2d5f, org.springframework.security.web.context.SecurityContextHolderFilter@5ed463b7, org.springframework.security.web.header.HeaderWriterFilter@7a57c5d9, org.springframework.web.filter.CorsFilter@14b9817b, org.springframework.security.web.authentication.logout.LogoutFilter@4bba2704, org.springframework.security.oauth2.client.web.OAuth2AuthorizationRequestRedirectFilter@3615f8d9, org.springframework.security.oauth2.client.web.OAuth2LoginAuthenticationFilter@4e3c0627, org.springframework.security.web.authentication.UsernamePasswordAuthenticationFilter@58038583, org.springframework.security.web.savedrequest.RequestCacheAwareFilter@3b62c51e, org.springframework.security.web.servletapi.SecurityContextHolderAwareRequestFilter@7db679, org.springframework.security.web.authentication.AnonymousAuthenticationFilter@3052395d, org.springframework.security.web.access.ExceptionTranslationFilter@3bdc8975, org.springframework.security.web.access.intercept.AuthorizationFilter@487bc2fe]
2024-04-19 15:16:11.572 [ INFO] [           main] o.a.c.h.Http11NioProtocol      : log                  : 173        : Starting ProtocolHandler ["http-nio-80"]
2024-04-19 15:16:11.583 [ INFO] [           main] c.i.s.ShoppingMallApplication  : logStarted           : 56         : Started ShoppingMallApplication in 1.842 seconds (process running for 2.2)
2024-04-19 15:16:12.208 [ INFO] [p-nio-80-exec-1] o.a.c.c.C.[.[.[/]              : log                  : 173        : Initializing Spring DispatcherServlet 'dispatcherServlet'
2024-04-19 15:16:12.209 [ INFO] [p-nio-80-exec-1] o.s.w.s.DispatcherServlet      : initServletBean      : 532        : Initializing Servlet 'dispatcherServlet'
2024-04-19 15:16:12.210 [ INFO] [p-nio-80-exec-1] o.s.w.s.DispatcherServlet      : initServletBean      : 554        : Completed initialization in 1 ms
2024-04-19 15:17:30.609 [ INFO] [ionShutdownHook] tainerEntityManagerFactoryBean : destroy              : 650        : Closing JPA EntityManagerFactory for persistence unit 'default'
2024-04-19 15:17:30.611 [ INFO] [ionShutdownHook] c.z.h.HikariDataSource         : close                : 350        : HikariPool-1 - Shutdown initiated...
2024-04-19 15:17:30.614 [ INFO] [ionShutdownHook] c.z.h.HikariDataSource         : close                : 352        : HikariPool-1 - Shutdown completed.
2024-04-19 15:17:32.189 [ INFO] [kground-preinit] o.h.v.i.u.Version              : <clinit>             : 21         : HV000001: Hibernate Validator 8.0.1.Final
2024-04-19 15:17:32.207 [ INFO] [           main] c.i.s.ShoppingMallApplication  : logStarting          : 50         : Starting ShoppingMallApplication using Java 21.0.2 with PID 88928 (/Users/bagsuyeon/Desktop/Team_idle/target/classes started by bagsuyeon in /Users/bagsuyeon/Desktop/Team_idle)
2024-04-19 15:17:32.209 [ INFO] [           main] c.i.s.ShoppingMallApplication  : ogStartupProfileInfo : 654        : No active profile set, falling back to 1 default profile: "default"
2024-04-19 15:17:32.494 [ INFO] [           main] epositoryConfigurationDelegate : gisterRepositoriesIn : 139        : Bootstrapping Spring Data JPA repositories in DEFAULT mode.
2024-04-19 15:17:32.505 [ INFO] [           main] epositoryConfigurationDelegate : gisterRepositoriesIn : 208        : Finished Spring Data repository scanning in 8 ms. Found 0 JPA repository interfaces.
2024-04-19 15:17:32.684 [ INFO] [           main] o.a.c.h.Http11NioProtocol      : log                  : 173        : Initializing ProtocolHandler ["http-nio-80"]
2024-04-19 15:17:32.684 [ INFO] [           main] o.a.c.c.StandardService        : log                  : 173        : Starting service [Tomcat]
2024-04-19 15:17:32.684 [ INFO] [           main] o.a.c.c.StandardEngine         : log                  : 173        : Starting Servlet engine: [Apache Tomcat/10.1.19]
2024-04-19 15:17:32.705 [ INFO] [           main] o.a.c.c.C.[.[.[/]              : log                  : 173        : Initializing Spring embedded WebApplicationContext
2024-04-19 15:17:32.759 [ INFO] [           main] c.z.h.HikariDataSource         : getConnection        : 110        : HikariPool-1 - Starting...
2024-04-19 15:17:32.888 [ INFO] [           main] c.z.h.p.HikariPool             : checkFailFast        : 565        : HikariPool-1 - Added connection com.mysql.cj.jdbc.ConnectionImpl@1132baa3
2024-04-19 15:17:32.889 [ INFO] [           main] c.z.h.HikariDataSource         : getConnection        : 123        : HikariPool-1 - Start completed.
2024-04-19 15:17:32.905 [ INFO] [           main] o.h.j.i.u.LogHelper            : tenceUnitInformation : 31         : HHH000204: Processing PersistenceUnitInfo [name: default]
2024-04-19 15:17:32.930 [ INFO] [           main] o.h.Version                    : logVersion           : 44         : HHH000412: Hibernate ORM core version 6.4.4.Final
2024-04-19 15:17:32.942 [ INFO] [           main] o.h.c.i.RegionFactoryInitiator : initiateService      : 50         : HHH000026: Second-level cache disabled
2024-04-19 15:17:33.020 [ INFO] [           main] .j.p.SpringPersistenceUnitInfo : addTransformer       : 87         : No LoadTimeWeaver setup: ignoring JPA class transformer
2024-04-19 15:17:33.173 [ INFO] [           main] e.t.j.p.i.JtaPlatformInitiator : initiateService      : 58         : HHH000489: No JTA platform available (set 'hibernate.transaction.jta.platform' to enable JTA platform integration)
2024-04-19 15:17:33.175 [ INFO] [           main] tainerEntityManagerFactoryBean : EntityManagerFactory : 437        : Initialized JPA EntityManagerFactory for persistence unit 'default'
2024-04-19 15:17:33.525 [ WARN] [           main] figuration$JpaWebConfiguration : gerInViewInterceptor : 232        : spring.jpa.open-in-view is enabled by default. Therefore, database queries may be performed during view rendering. Explicitly configure spring.jpa.open-in-view to disable this warning
2024-04-19 15:17:33.633 [ INFO] [           main] s.w.DefaultSecurityFilterChain : <init>               : 54         : Will secure any request with [org.springframework.security.web.session.DisableEncodeUrlFilter@60317de8, org.springframework.security.web.context.request.async.WebAsyncManagerIntegrationFilter@363e2009, org.springframework.security.web.context.SecurityContextHolderFilter@198a0416, org.springframework.security.web.header.HeaderWriterFilter@6b3da23f, org.springframework.web.filter.CorsFilter@7b55fc83, org.springframework.security.web.authentication.logout.LogoutFilter@f10927f, org.springframework.security.oauth2.client.web.OAuth2AuthorizationRequestRedirectFilter@141c66db, org.springframework.security.oauth2.client.web.OAuth2LoginAuthenticationFilter@15af06f, org.springframework.security.web.authentication.UsernamePasswordAuthenticationFilter@1a82453, org.springframework.security.web.savedrequest.RequestCacheAwareFilter@65871cfd, org.springframework.security.web.servletapi.SecurityContextHolderAwareRequestFilter@723f8990, org.springframework.security.web.authentication.AnonymousAuthenticationFilter@3615f8d9, org.springframework.security.web.access.ExceptionTranslationFilter@46bff388, org.springframework.security.web.access.intercept.AuthorizationFilter@49994a4]
2024-04-19 15:17:33.708 [ INFO] [           main] o.a.c.h.Http11NioProtocol      : log                  : 173        : Starting ProtocolHandler ["http-nio-80"]
2024-04-19 15:17:33.717 [ INFO] [           main] c.i.s.ShoppingMallApplication  : logStarted           : 56         : Started ShoppingMallApplication in 1.745 seconds (process running for 2.341)
2024-04-19 15:17:35.697 [ INFO] [p-nio-80-exec-1] o.a.c.c.C.[.[.[/]              : log                  : 173        : Initializing Spring DispatcherServlet 'dispatcherServlet'
2024-04-19 15:17:35.697 [ INFO] [p-nio-80-exec-1] o.s.w.s.DispatcherServlet      : initServletBean      : 532        : Initializing Servlet 'dispatcherServlet'
2024-04-19 15:17:35.698 [ INFO] [p-nio-80-exec-1] o.s.w.s.DispatcherServlet      : initServletBean      : 554        : Completed initialization in 1 ms
2024-04-19 15:43:04.907 [ WARN] [l-1 housekeeper] c.z.h.p.HikariPool             : run                  : 804        : HikariPool-1 - Thread starvation or clock leap detected (housekeeper delta=1m1s729ms).
2024-04-19 15:45:08.047 [ WARN] [l-1 housekeeper] c.z.h.p.HikariPool             : run                  : 804        : HikariPool-1 - Thread starvation or clock leap detected (housekeeper delta=2m3s140ms).
2024-04-19 16:47:11.634 [ INFO] [ionShutdownHook] tainerEntityManagerFactoryBean : destroy              : 650        : Closing JPA EntityManagerFactory for persistence unit 'default'
2024-04-19 16:47:11.638 [ INFO] [ionShutdownHook] c.z.h.HikariDataSource         : close                : 350        : HikariPool-1 - Shutdown initiated...
2024-04-19 16:47:11.639 [ INFO] [ionShutdownHook] c.z.h.HikariDataSource         : close                : 352        : HikariPool-1 - Shutdown completed.
2024-04-19 17:16:28.582 [ INFO] [kground-preinit] o.h.v.i.u.Version              : <clinit>             : 21         : HV000001: Hibernate Validator 8.0.1.Final
2024-04-19 17:16:28.595 [ INFO] [           main] c.i.s.ShoppingMallApplication  : logStarting          : 50         : Starting ShoppingMallApplication using Java 21.0.2 with PID 91489 (/Users/bagsuyeon/Desktop/Team_idle/target/classes started by bagsuyeon in /Users/bagsuyeon/Desktop/Team_idle)
2024-04-19 17:16:28.596 [ INFO] [           main] c.i.s.ShoppingMallApplication  : ogStartupProfileInfo : 654        : No active profile set, falling back to 1 default profile: "default"
2024-04-19 17:16:28.965 [ INFO] [           main] epositoryConfigurationDelegate : gisterRepositoriesIn : 139        : Bootstrapping Spring Data JPA repositories in DEFAULT mode.
2024-04-19 17:16:28.976 [ INFO] [           main] epositoryConfigurationDelegate : gisterRepositoriesIn : 208        : Finished Spring Data repository scanning in 8 ms. Found 0 JPA repository interfaces.
2024-04-19 17:16:29.175 [ INFO] [           main] o.a.c.h.Http11NioProtocol      : log                  : 173        : Initializing ProtocolHandler ["http-nio-80"]
2024-04-19 17:16:29.176 [ INFO] [           main] o.a.c.c.StandardService        : log                  : 173        : Starting service [Tomcat]
2024-04-19 17:16:29.176 [ INFO] [           main] o.a.c.c.StandardEngine         : log                  : 173        : Starting Servlet engine: [Apache Tomcat/10.1.19]
2024-04-19 17:16:29.196 [ INFO] [           main] o.a.c.c.C.[.[.[/]              : log                  : 173        : Initializing Spring embedded WebApplicationContext
2024-04-19 17:16:29.257 [ INFO] [           main] c.z.h.HikariDataSource         : getConnection        : 110        : HikariPool-1 - Starting...
2024-04-19 17:16:29.422 [ INFO] [           main] c.z.h.p.HikariPool             : checkFailFast        : 565        : HikariPool-1 - Added connection com.mysql.cj.jdbc.ConnectionImpl@13e00016
2024-04-19 17:16:29.423 [ INFO] [           main] c.z.h.HikariDataSource         : getConnection        : 123        : HikariPool-1 - Start completed.
2024-04-19 17:16:29.442 [ INFO] [           main] o.h.j.i.u.LogHelper            : tenceUnitInformation : 31         : HHH000204: Processing PersistenceUnitInfo [name: default]
2024-04-19 17:16:29.469 [ INFO] [           main] o.h.Version                    : logVersion           : 44         : HHH000412: Hibernate ORM core version 6.4.4.Final
2024-04-19 17:16:29.481 [ INFO] [           main] o.h.c.i.RegionFactoryInitiator : initiateService      : 50         : HHH000026: Second-level cache disabled
2024-04-19 17:16:29.572 [ INFO] [           main] .j.p.SpringPersistenceUnitInfo : addTransformer       : 87         : No LoadTimeWeaver setup: ignoring JPA class transformer
2024-04-19 17:16:29.754 [ INFO] [           main] e.t.j.p.i.JtaPlatformInitiator : initiateService      : 58         : HHH000489: No JTA platform available (set 'hibernate.transaction.jta.platform' to enable JTA platform integration)
2024-04-19 17:16:29.755 [ INFO] [           main] tainerEntityManagerFactoryBean : EntityManagerFactory : 437        : Initialized JPA EntityManagerFactory for persistence unit 'default'
2024-04-19 17:16:30.155 [ WARN] [           main] figuration$JpaWebConfiguration : gerInViewInterceptor : 232        : spring.jpa.open-in-view is enabled by default. Therefore, database queries may be performed during view rendering. Explicitly configure spring.jpa.open-in-view to disable this warning
2024-04-19 17:16:30.269 [ INFO] [           main] s.w.DefaultSecurityFilterChain : <init>               : 54         : Will secure any request with [org.springframework.security.web.session.DisableEncodeUrlFilter@30259c61, org.springframework.security.web.context.request.async.WebAsyncManagerIntegrationFilter@33d08a24, org.springframework.security.web.context.SecurityContextHolderFilter@775fec4, org.springframework.security.web.header.HeaderWriterFilter@f10927f, org.springframework.web.filter.CorsFilter@255b84a9, org.springframework.security.web.authentication.logout.LogoutFilter@5eed2edf, org.springframework.security.oauth2.client.web.OAuth2AuthorizationRequestRedirectFilter@445f6aa7, org.springframework.security.oauth2.client.web.OAuth2LoginAuthenticationFilter@19834eb7, org.springframework.security.web.authentication.UsernamePasswordAuthenticationFilter@c3836b6, org.springframework.security.web.savedrequest.RequestCacheAwareFilter@12f12744, org.springframework.security.web.servletapi.SecurityContextHolderAwareRequestFilter@1c618295, org.springframework.security.web.authentication.AnonymousAuthenticationFilter@3a286095, org.springframework.security.web.access.ExceptionTranslationFilter@6b247ef6, org.springframework.security.web.access.intercept.AuthorizationFilter@76876421]
2024-04-19 17:16:30.347 [ INFO] [           main] o.a.c.h.Http11NioProtocol      : log                  : 173        : Starting ProtocolHandler ["http-nio-80"]
2024-04-19 17:16:30.357 [ INFO] [           main] c.i.s.ShoppingMallApplication  : logStarted           : 56         : Started ShoppingMallApplication in 1.914 seconds (process running for 2.316)
2024-04-19 17:16:38.644 [ INFO] [p-nio-80-exec-1] o.a.c.c.C.[.[.[/]              : log                  : 173        : Initializing Spring DispatcherServlet 'dispatcherServlet'
2024-04-19 17:16:38.645 [ INFO] [p-nio-80-exec-1] o.s.w.s.DispatcherServlet      : initServletBean      : 532        : Initializing Servlet 'dispatcherServlet'
2024-04-19 17:16:38.646 [ INFO] [p-nio-80-exec-1] o.s.w.s.DispatcherServlet      : initServletBean      : 554        : Completed initialization in 1 ms
2024-04-19 17:16:46.278 [ERROR] [-nio-80-exec-10] .c.C.[.[.[.[dispatcherServlet] : log                  : 175        : Servlet.service() for servlet [dispatcherServlet] in context with path [] threw exception [Request processing failed: org.mybatis.spring.MyBatisSystemException] with root cause
org.apache.ibatis.binding.BindingException: Parameter 'product_id' not found. Available parameters are [productId, param1]
	at org.apache.ibatis.binding.MapperMethod$ParamMap.get(MapperMethod.java:210)
	at org.apache.ibatis.reflection.wrapper.MapWrapper.get(MapWrapper.java:45)
	at org.apache.ibatis.reflection.MetaObject.getValue(MetaObject.java:116)
	at org.apache.ibatis.executor.BaseExecutor.createCacheKey(BaseExecutor.java:225)
	at org.apache.ibatis.executor.CachingExecutor.createCacheKey(CachingExecutor.java:149)
	at org.apache.ibatis.executor.CachingExecutor.query(CachingExecutor.java:89)
	at org.apache.ibatis.session.defaults.DefaultSqlSession.selectList(DefaultSqlSession.java:154)
	at org.apache.ibatis.session.defaults.DefaultSqlSession.selectList(DefaultSqlSession.java:147)
	at org.apache.ibatis.session.defaults.DefaultSqlSession.selectList(DefaultSqlSession.java:142)
	at org.apache.ibatis.session.defaults.DefaultSqlSession.selectOne(DefaultSqlSession.java:75)
	at java.base/jdk.internal.reflect.DirectMethodHandleAccessor.invoke(DirectMethodHandleAccessor.java:103)
	at java.base/java.lang.reflect.Method.invoke(Method.java:580)
	at org.mybatis.spring.SqlSessionTemplate$SqlSessionInterceptor.invoke(SqlSessionTemplate.java:425)
	at jdk.proxy2/jdk.proxy2.$Proxy110.selectOne(Unknown Source)
	at org.mybatis.spring.SqlSessionTemplate.selectOne(SqlSessionTemplate.java:160)
	at org.apache.ibatis.binding.MapperMethod.execute(MapperMethod.java:87)
	at org.apache.ibatis.binding.MapperProxy$PlainMethodInvoker.invoke(MapperProxy.java:141)
	at org.apache.ibatis.binding.MapperProxy.invoke(MapperProxy.java:86)
	at jdk.proxy2/jdk.proxy2.$Proxy135.findViewById(Unknown Source)
	at java.base/jdk.internal.reflect.DirectMethodHandleAccessor.invoke(DirectMethodHandleAccessor.java:103)
	at java.base/java.lang.reflect.Method.invoke(Method.java:580)
	at org.springframework.aop.support.AopUtils.invokeJoinpointUsingReflection(AopUtils.java:351)
	at org.springframework.aop.framework.ReflectiveMethodInvocation.invokeJoinpoint(ReflectiveMethodInvocation.java:196)
	at org.springframework.aop.framework.ReflectiveMethodInvocation.proceed(ReflectiveMethodInvocation.java:163)
	at org.springframework.dao.support.PersistenceExceptionTranslationInterceptor.invoke(PersistenceExceptionTranslationInterceptor.java:137)
	at org.springframework.aop.framework.ReflectiveMethodInvocation.proceed(ReflectiveMethodInvocation.java:184)
	at org.springframework.aop.framework.JdkDynamicAopProxy.invoke(JdkDynamicAopProxy.java:220)
	at jdk.proxy2/jdk.proxy2.$Proxy136.findViewById(Unknown Source)
	at com.idle.shoppingmall.Service.Product.ProductService.findViewById(ProductService.java:93)
	at java.base/jdk.internal.reflect.DirectMethodHandleAccessor.invoke(DirectMethodHandleAccessor.java:103)
	at java.base/java.lang.reflect.Method.invoke(Method.java:580)
	at org.springframework.aop.support.AopUtils.invokeJoinpointUsingReflection(AopUtils.java:351)
	at org.springframework.aop.framework.CglibAopProxy$DynamicAdvisedInterceptor.intercept(CglibAopProxy.java:713)
	at com.idle.shoppingmall.Service.Product.ProductService$$SpringCGLIB$$0.findViewById(<generated>)
	at com.idle.shoppingmall.Controller.ControllerView.ProductViews.ProductDetailViewController.showDetailPage(ProductDetailViewController.java:19)
	at java.base/jdk.internal.reflect.DirectMethodHandleAccessor.invoke(DirectMethodHandleAccessor.java:103)
	at java.base/java.lang.reflect.Method.invoke(Method.java:580)
	at org.springframework.web.method.support.InvocableHandlerMethod.doInvoke(InvocableHandlerMethod.java:255)
	at org.springframework.web.method.support.InvocableHandlerMethod.invokeForRequest(InvocableHandlerMethod.java:188)
	at org.springframework.web.servlet.mvc.method.annotation.ServletInvocableHandlerMethod.invokeAndHandle(ServletInvocableHandlerMethod.java:118)
	at org.springframework.web.servlet.mvc.method.annotation.RequestMappingHandlerAdapter.invokeHandlerMethod(RequestMappingHandlerAdapter.java:925)
	at org.springframework.web.servlet.mvc.method.annotation.RequestMappingHandlerAdapter.handleInternal(RequestMappingHandlerAdapter.java:830)
	at org.springframework.web.servlet.mvc.method.AbstractHandlerMethodAdapter.handle(AbstractHandlerMethodAdapter.java:87)
	at org.springframework.web.servlet.DispatcherServlet.doDispatch(DispatcherServlet.java:1089)
	at org.springframework.web.servlet.DispatcherServlet.doService(DispatcherServlet.java:979)
	at org.springframework.web.servlet.FrameworkServlet.processRequest(FrameworkServlet.java:1014)
	at org.springframework.web.servlet.FrameworkServlet.doGet(FrameworkServlet.java:903)
	at jakarta.servlet.http.HttpServlet.service(HttpServlet.java:564)
	at org.springframework.web.servlet.FrameworkServlet.service(FrameworkServlet.java:885)
	at jakarta.servlet.http.HttpServlet.service(HttpServlet.java:658)
	at org.apache.catalina.core.ApplicationFilterChain.internalDoFilter(ApplicationFilterChain.java:205)
	at org.apache.catalina.core.ApplicationFilterChain.doFilter(ApplicationFilterChain.java:149)
	at org.apache.tomcat.websocket.server.WsFilter.doFilter(WsFilter.java:51)
	at org.apache.catalina.core.ApplicationFilterChain.internalDoFilter(ApplicationFilterChain.java:174)
	at org.apache.catalina.core.ApplicationFilterChain.doFilter(ApplicationFilterChain.java:149)
	at org.springframework.web.filter.CompositeFilter$VirtualFilterChain.doFilter(CompositeFilter.java:108)
	at org.springframework.security.web.FilterChainProxy.lambda$doFilterInternal$3(FilterChainProxy.java:231)
	at org.springframework.security.web.FilterChainProxy$VirtualFilterChain.doFilter(FilterChainProxy.java:365)
	at org.springframework.security.web.access.intercept.AuthorizationFilter.doFilter(AuthorizationFilter.java:100)
	at org.springframework.security.web.FilterChainProxy$VirtualFilterChain.doFilter(FilterChainProxy.java:374)
	at org.springframework.security.web.access.ExceptionTranslationFilter.doFilter(ExceptionTranslationFilter.java:126)
	at org.springframework.security.web.access.ExceptionTranslationFilter.doFilter(ExceptionTranslationFilter.java:120)
	at org.springframework.security.web.FilterChainProxy$VirtualFilterChain.doFilter(FilterChainProxy.java:374)
	at org.springframework.security.web.authentication.AnonymousAuthenticationFilter.doFilter(AnonymousAuthenticationFilter.java:100)
	at org.springframework.security.web.FilterChainProxy$VirtualFilterChain.doFilter(FilterChainProxy.java:374)
	at org.springframework.security.web.servletapi.SecurityContextHolderAwareRequestFilter.doFilter(SecurityContextHolderAwareRequestFilter.java:179)
	at org.springframework.security.web.FilterChainProxy$VirtualFilterChain.doFilter(FilterChainProxy.java:374)
	at org.springframework.security.web.savedrequest.RequestCacheAwareFilter.doFilter(RequestCacheAwareFilter.java:63)
	at org.springframework.security.web.FilterChainProxy$VirtualFilterChain.doFilter(FilterChainProxy.java:374)
	at org.springframework.security.web.authentication.AbstractAuthenticationProcessingFilter.doFilter(AbstractAuthenticationProcessingFilter.java:227)
	at org.springframework.security.web.authentication.AbstractAuthenticationProcessingFilter.doFilter(AbstractAuthenticationProcessingFilter.java:221)
	at org.springframework.security.web.FilterChainProxy$VirtualFilterChain.doFilter(FilterChainProxy.java:374)
	at org.springframework.security.web.authentication.AbstractAuthenticationProcessingFilter.doFilter(AbstractAuthenticationProcessingFilter.java:227)
	at org.springframework.security.web.authentication.AbstractAuthenticationProcessingFilter.doFilter(AbstractAuthenticationProcessingFilter.java:221)
	at org.springframework.security.web.FilterChainProxy$VirtualFilterChain.doFilter(FilterChainProxy.java:374)
	at org.springframework.security.oauth2.client.web.OAuth2AuthorizationRequestRedirectFilter.doFilterInternal(OAuth2AuthorizationRequestRedirectFilter.java:181)
	at org.springframework.web.filter.OncePerRequestFilter.doFilter(OncePerRequestFilter.java:116)
	at org.springframework.security.web.FilterChainProxy$VirtualFilterChain.doFilter(FilterChainProxy.java:374)
	at org.springframework.security.web.authentication.logout.LogoutFilter.doFilter(LogoutFilter.java:107)
	at org.springframework.security.web.authentication.logout.LogoutFilter.doFilter(LogoutFilter.java:93)
	at org.springframework.security.web.FilterChainProxy$VirtualFilterChain.doFilter(FilterChainProxy.java:374)
	at org.springframework.web.filter.CorsFilter.doFilterInternal(CorsFilter.java:91)
	at org.springframework.web.filter.OncePerRequestFilter.doFilter(OncePerRequestFilter.java:116)
	at org.springframework.security.web.FilterChainProxy$VirtualFilterChain.doFilter(FilterChainProxy.java:374)
	at org.springframework.security.web.header.HeaderWriterFilter.doHeadersAfter(HeaderWriterFilter.java:90)
	at org.springframework.security.web.header.HeaderWriterFilter.doFilterInternal(HeaderWriterFilter.java:75)
	at org.springframework.web.filter.OncePerRequestFilter.doFilter(OncePerRequestFilter.java:116)
	at org.springframework.security.web.FilterChainProxy$VirtualFilterChain.doFilter(FilterChainProxy.java:374)
	at org.springframework.security.web.context.SecurityContextHolderFilter.doFilter(SecurityContextHolderFilter.java:82)
	at org.springframework.security.web.context.SecurityContextHolderFilter.doFilter(SecurityContextHolderFilter.java:69)
	at org.springframework.security.web.FilterChainProxy$VirtualFilterChain.doFilter(FilterChainProxy.java:374)
	at org.springframework.security.web.context.request.async.WebAsyncManagerIntegrationFilter.doFilterInternal(WebAsyncManagerIntegrationFilter.java:62)
	at org.springframework.web.filter.OncePerRequestFilter.doFilter(OncePerRequestFilter.java:116)
	at org.springframework.security.web.FilterChainProxy$VirtualFilterChain.doFilter(FilterChainProxy.java:374)
	at org.springframework.security.web.session.DisableEncodeUrlFilter.doFilterInternal(DisableEncodeUrlFilter.java:42)
	at org.springframework.web.filter.OncePerRequestFilter.doFilter(OncePerRequestFilter.java:116)
	at org.springframework.security.web.FilterChainProxy$VirtualFilterChain.doFilter(FilterChainProxy.java:374)
	at org.springframework.security.web.FilterChainProxy.doFilterInternal(FilterChainProxy.java:233)
	at org.springframework.security.web.FilterChainProxy.doFilter(FilterChainProxy.java:191)
	at org.springframework.web.filter.CompositeFilter$VirtualFilterChain.doFilter(CompositeFilter.java:113)
	at org.springframework.web.servlet.handler.HandlerMappingIntrospector.lambda$createCacheFilter$3(HandlerMappingIntrospector.java:195)
	at org.springframework.web.filter.CompositeFilter$VirtualFilterChain.doFilter(CompositeFilter.java:113)
	at org.springframework.web.filter.CompositeFilter.doFilter(CompositeFilter.java:74)
	at org.springframework.security.config.annotation.web.configuration.WebMvcSecurityConfiguration$CompositeFilterChainProxy.doFilter(WebMvcSecurityConfiguration.java:230)
	at org.springframework.web.filter.DelegatingFilterProxy.invokeDelegate(DelegatingFilterProxy.java:352)
	at org.springframework.web.filter.DelegatingFilterProxy.doFilter(DelegatingFilterProxy.java:268)
	at org.apache.catalina.core.ApplicationFilterChain.internalDoFilter(ApplicationFilterChain.java:174)
	at org.apache.catalina.core.ApplicationFilterChain.doFilter(ApplicationFilterChain.java:149)
	at org.springframework.web.filter.RequestContextFilter.doFilterInternal(RequestContextFilter.java:100)
	at org.springframework.web.filter.OncePerRequestFilter.doFilter(OncePerRequestFilter.java:116)
	at org.apache.catalina.core.ApplicationFilterChain.internalDoFilter(ApplicationFilterChain.java:174)
	at org.apache.catalina.core.ApplicationFilterChain.doFilter(ApplicationFilterChain.java:149)
	at org.springframework.web.filter.FormContentFilter.doFilterInternal(FormContentFilter.java:93)
	at org.springframework.web.filter.OncePerRequestFilter.doFilter(OncePerRequestFilter.java:116)
	at org.apache.catalina.core.ApplicationFilterChain.internalDoFilter(ApplicationFilterChain.java:174)
	at org.apache.catalina.core.ApplicationFilterChain.doFilter(ApplicationFilterChain.java:149)
	at org.springframework.web.filter.CharacterEncodingFilter.doFilterInternal(CharacterEncodingFilter.java:201)
	at org.springframework.web.filter.OncePerRequestFilter.doFilter(OncePerRequestFilter.java:116)
	at org.apache.catalina.core.ApplicationFilterChain.internalDoFilter(ApplicationFilterChain.java:174)
	at org.apache.catalina.core.ApplicationFilterChain.doFilter(ApplicationFilterChain.java:149)
	at org.apache.catalina.core.StandardWrapperValve.invoke(StandardWrapperValve.java:167)
	at org.apache.catalina.core.StandardContextValve.invoke(StandardContextValve.java:90)
	at org.apache.catalina.authenticator.AuthenticatorBase.invoke(AuthenticatorBase.java:482)
	at org.apache.catalina.core.StandardHostValve.invoke(StandardHostValve.java:115)
	at org.apache.catalina.valves.ErrorReportValve.invoke(ErrorReportValve.java:93)
	at org.apache.catalina.core.StandardEngineValve.invoke(StandardEngineValve.java:74)
	at org.apache.catalina.connector.CoyoteAdapter.service(CoyoteAdapter.java:344)
	at org.apache.coyote.http11.Http11Processor.service(Http11Processor.java:391)
	at org.apache.coyote.AbstractProcessorLight.process(AbstractProcessorLight.java:63)
	at org.apache.coyote.AbstractProtocol$ConnectionHandler.process(AbstractProtocol.java:896)
	at org.apache.tomcat.util.net.NioEndpoint$SocketProcessor.doRun(NioEndpoint.java:1744)
	at org.apache.tomcat.util.net.SocketProcessorBase.run(SocketProcessorBase.java:52)
	at org.apache.tomcat.util.threads.ThreadPoolExecutor.runWorker(ThreadPoolExecutor.java:1191)
	at org.apache.tomcat.util.threads.ThreadPoolExecutor$Worker.run(ThreadPoolExecutor.java:659)
	at org.apache.tomcat.util.threads.TaskThread$WrappingRunnable.run(TaskThread.java:63)
	at java.base/java.lang.Thread.run(Thread.java:1583)
2024-04-19 17:16:55.736 [ERROR] [p-nio-80-exec-6] .c.C.[.[.[.[dispatcherServlet] : log                  : 175        : Servlet.service() for servlet [dispatcherServlet] in context with path [] threw exception [Request processing failed: org.mybatis.spring.MyBatisSystemException] with root cause
org.apache.ibatis.binding.BindingException: Parameter 'product_id' not found. Available parameters are [productId, param1]
	at org.apache.ibatis.binding.MapperMethod$ParamMap.get(MapperMethod.java:210)
	at org.apache.ibatis.reflection.wrapper.MapWrapper.get(MapWrapper.java:45)
	at org.apache.ibatis.reflection.MetaObject.getValue(MetaObject.java:116)
	at org.apache.ibatis.executor.BaseExecutor.createCacheKey(BaseExecutor.java:225)
	at org.apache.ibatis.executor.CachingExecutor.createCacheKey(CachingExecutor.java:149)
	at org.apache.ibatis.executor.CachingExecutor.query(CachingExecutor.java:89)
	at org.apache.ibatis.session.defaults.DefaultSqlSession.selectList(DefaultSqlSession.java:154)
	at org.apache.ibatis.session.defaults.DefaultSqlSession.selectList(DefaultSqlSession.java:147)
	at org.apache.ibatis.session.defaults.DefaultSqlSession.selectList(DefaultSqlSession.java:142)
	at org.apache.ibatis.session.defaults.DefaultSqlSession.selectOne(DefaultSqlSession.java:75)
	at java.base/jdk.internal.reflect.DirectMethodHandleAccessor.invoke(DirectMethodHandleAccessor.java:103)
	at java.base/java.lang.reflect.Method.invoke(Method.java:580)
	at org.mybatis.spring.SqlSessionTemplate$SqlSessionInterceptor.invoke(SqlSessionTemplate.java:425)
	at jdk.proxy2/jdk.proxy2.$Proxy110.selectOne(Unknown Source)
	at org.mybatis.spring.SqlSessionTemplate.selectOne(SqlSessionTemplate.java:160)
	at org.apache.ibatis.binding.MapperMethod.execute(MapperMethod.java:87)
	at org.apache.ibatis.binding.MapperProxy$PlainMethodInvoker.invoke(MapperProxy.java:141)
	at org.apache.ibatis.binding.MapperProxy.invoke(MapperProxy.java:86)
	at jdk.proxy2/jdk.proxy2.$Proxy135.findViewById(Unknown Source)
	at java.base/jdk.internal.reflect.DirectMethodHandleAccessor.invoke(DirectMethodHandleAccessor.java:103)
	at java.base/java.lang.reflect.Method.invoke(Method.java:580)
	at org.springframework.aop.support.AopUtils.invokeJoinpointUsingReflection(AopUtils.java:351)
	at org.springframework.aop.framework.ReflectiveMethodInvocation.invokeJoinpoint(ReflectiveMethodInvocation.java:196)
	at org.springframework.aop.framework.ReflectiveMethodInvocation.proceed(ReflectiveMethodInvocation.java:163)
	at org.springframework.dao.support.PersistenceExceptionTranslationInterceptor.invoke(PersistenceExceptionTranslationInterceptor.java:137)
	at org.springframework.aop.framework.ReflectiveMethodInvocation.proceed(ReflectiveMethodInvocation.java:184)
	at org.springframework.aop.framework.JdkDynamicAopProxy.invoke(JdkDynamicAopProxy.java:220)
	at jdk.proxy2/jdk.proxy2.$Proxy136.findViewById(Unknown Source)
	at com.idle.shoppingmall.Service.Product.ProductService.findViewById(ProductService.java:93)
	at java.base/jdk.internal.reflect.DirectMethodHandleAccessor.invoke(DirectMethodHandleAccessor.java:103)
	at java.base/java.lang.reflect.Method.invoke(Method.java:580)
	at org.springframework.aop.support.AopUtils.invokeJoinpointUsingReflection(AopUtils.java:351)
	at org.springframework.aop.framework.CglibAopProxy$DynamicAdvisedInterceptor.intercept(CglibAopProxy.java:713)
	at com.idle.shoppingmall.Service.Product.ProductService$$SpringCGLIB$$0.findViewById(<generated>)
	at com.idle.shoppingmall.Controller.ControllerView.ProductViews.ProductDetailViewController.showDetailPage(ProductDetailViewController.java:19)
	at java.base/jdk.internal.reflect.DirectMethodHandleAccessor.invoke(DirectMethodHandleAccessor.java:103)
	at java.base/java.lang.reflect.Method.invoke(Method.java:580)
	at org.springframework.web.method.support.InvocableHandlerMethod.doInvoke(InvocableHandlerMethod.java:255)
	at org.springframework.web.method.support.InvocableHandlerMethod.invokeForRequest(InvocableHandlerMethod.java:188)
	at org.springframework.web.servlet.mvc.method.annotation.ServletInvocableHandlerMethod.invokeAndHandle(ServletInvocableHandlerMethod.java:118)
	at org.springframework.web.servlet.mvc.method.annotation.RequestMappingHandlerAdapter.invokeHandlerMethod(RequestMappingHandlerAdapter.java:925)
	at org.springframework.web.servlet.mvc.method.annotation.RequestMappingHandlerAdapter.handleInternal(RequestMappingHandlerAdapter.java:830)
	at org.springframework.web.servlet.mvc.method.AbstractHandlerMethodAdapter.handle(AbstractHandlerMethodAdapter.java:87)
	at org.springframework.web.servlet.DispatcherServlet.doDispatch(DispatcherServlet.java:1089)
	at org.springframework.web.servlet.DispatcherServlet.doService(DispatcherServlet.java:979)
	at org.springframework.web.servlet.FrameworkServlet.processRequest(FrameworkServlet.java:1014)
	at org.springframework.web.servlet.FrameworkServlet.doGet(FrameworkServlet.java:903)
	at jakarta.servlet.http.HttpServlet.service(HttpServlet.java:564)
	at org.springframework.web.servlet.FrameworkServlet.service(FrameworkServlet.java:885)
	at jakarta.servlet.http.HttpServlet.service(HttpServlet.java:658)
	at org.apache.catalina.core.ApplicationFilterChain.internalDoFilter(ApplicationFilterChain.java:205)
	at org.apache.catalina.core.ApplicationFilterChain.doFilter(ApplicationFilterChain.java:149)
	at org.apache.tomcat.websocket.server.WsFilter.doFilter(WsFilter.java:51)
	at org.apache.catalina.core.ApplicationFilterChain.internalDoFilter(ApplicationFilterChain.java:174)
	at org.apache.catalina.core.ApplicationFilterChain.doFilter(ApplicationFilterChain.java:149)
	at org.springframework.web.filter.CompositeFilter$VirtualFilterChain.doFilter(CompositeFilter.java:108)
	at org.springframework.security.web.FilterChainProxy.lambda$doFilterInternal$3(FilterChainProxy.java:231)
	at org.springframework.security.web.FilterChainProxy$VirtualFilterChain.doFilter(FilterChainProxy.java:365)
	at org.springframework.security.web.access.intercept.AuthorizationFilter.doFilter(AuthorizationFilter.java:100)
	at org.springframework.security.web.FilterChainProxy$VirtualFilterChain.doFilter(FilterChainProxy.java:374)
	at org.springframework.security.web.access.ExceptionTranslationFilter.doFilter(ExceptionTranslationFilter.java:126)
	at org.springframework.security.web.access.ExceptionTranslationFilter.doFilter(ExceptionTranslationFilter.java:120)
	at org.springframework.security.web.FilterChainProxy$VirtualFilterChain.doFilter(FilterChainProxy.java:374)
	at org.springframework.security.web.authentication.AnonymousAuthenticationFilter.doFilter(AnonymousAuthenticationFilter.java:100)
	at org.springframework.security.web.FilterChainProxy$VirtualFilterChain.doFilter(FilterChainProxy.java:374)
	at org.springframework.security.web.servletapi.SecurityContextHolderAwareRequestFilter.doFilter(SecurityContextHolderAwareRequestFilter.java:179)
	at org.springframework.security.web.FilterChainProxy$VirtualFilterChain.doFilter(FilterChainProxy.java:374)
	at org.springframework.security.web.savedrequest.RequestCacheAwareFilter.doFilter(RequestCacheAwareFilter.java:63)
	at org.springframework.security.web.FilterChainProxy$VirtualFilterChain.doFilter(FilterChainProxy.java:374)
	at org.springframework.security.web.authentication.AbstractAuthenticationProcessingFilter.doFilter(AbstractAuthenticationProcessingFilter.java:227)
	at org.springframework.security.web.authentication.AbstractAuthenticationProcessingFilter.doFilter(AbstractAuthenticationProcessingFilter.java:221)
	at org.springframework.security.web.FilterChainProxy$VirtualFilterChain.doFilter(FilterChainProxy.java:374)
	at org.springframework.security.web.authentication.AbstractAuthenticationProcessingFilter.doFilter(AbstractAuthenticationProcessingFilter.java:227)
	at org.springframework.security.web.authentication.AbstractAuthenticationProcessingFilter.doFilter(AbstractAuthenticationProcessingFilter.java:221)
	at org.springframework.security.web.FilterChainProxy$VirtualFilterChain.doFilter(FilterChainProxy.java:374)
	at org.springframework.security.oauth2.client.web.OAuth2AuthorizationRequestRedirectFilter.doFilterInternal(OAuth2AuthorizationRequestRedirectFilter.java:181)
	at org.springframework.web.filter.OncePerRequestFilter.doFilter(OncePerRequestFilter.java:116)
	at org.springframework.security.web.FilterChainProxy$VirtualFilterChain.doFilter(FilterChainProxy.java:374)
	at org.springframework.security.web.authentication.logout.LogoutFilter.doFilter(LogoutFilter.java:107)
	at org.springframework.security.web.authentication.logout.LogoutFilter.doFilter(LogoutFilter.java:93)
	at org.springframework.security.web.FilterChainProxy$VirtualFilterChain.doFilter(FilterChainProxy.java:374)
	at org.springframework.web.filter.CorsFilter.doFilterInternal(CorsFilter.java:91)
	at org.springframework.web.filter.OncePerRequestFilter.doFilter(OncePerRequestFilter.java:116)
	at org.springframework.security.web.FilterChainProxy$VirtualFilterChain.doFilter(FilterChainProxy.java:374)
	at org.springframework.security.web.header.HeaderWriterFilter.doHeadersAfter(HeaderWriterFilter.java:90)
	at org.springframework.security.web.header.HeaderWriterFilter.doFilterInternal(HeaderWriterFilter.java:75)
	at org.springframework.web.filter.OncePerRequestFilter.doFilter(OncePerRequestFilter.java:116)
	at org.springframework.security.web.FilterChainProxy$VirtualFilterChain.doFilter(FilterChainProxy.java:374)
	at org.springframework.security.web.context.SecurityContextHolderFilter.doFilter(SecurityContextHolderFilter.java:82)
	at org.springframework.security.web.context.SecurityContextHolderFilter.doFilter(SecurityContextHolderFilter.java:69)
	at org.springframework.security.web.FilterChainProxy$VirtualFilterChain.doFilter(FilterChainProxy.java:374)
	at org.springframework.security.web.context.request.async.WebAsyncManagerIntegrationFilter.doFilterInternal(WebAsyncManagerIntegrationFilter.java:62)
	at org.springframework.web.filter.OncePerRequestFilter.doFilter(OncePerRequestFilter.java:116)
	at org.springframework.security.web.FilterChainProxy$VirtualFilterChain.doFilter(FilterChainProxy.java:374)
	at org.springframework.security.web.session.DisableEncodeUrlFilter.doFilterInternal(DisableEncodeUrlFilter.java:42)
	at org.springframework.web.filter.OncePerRequestFilter.doFilter(OncePerRequestFilter.java:116)
	at org.springframework.security.web.FilterChainProxy$VirtualFilterChain.doFilter(FilterChainProxy.java:374)
	at org.springframework.security.web.FilterChainProxy.doFilterInternal(FilterChainProxy.java:233)
	at org.springframework.security.web.FilterChainProxy.doFilter(FilterChainProxy.java:191)
	at org.springframework.web.filter.CompositeFilter$VirtualFilterChain.doFilter(CompositeFilter.java:113)
	at org.springframework.web.servlet.handler.HandlerMappingIntrospector.lambda$createCacheFilter$3(HandlerMappingIntrospector.java:195)
	at org.springframework.web.filter.CompositeFilter$VirtualFilterChain.doFilter(CompositeFilter.java:113)
	at org.springframework.web.filter.CompositeFilter.doFilter(CompositeFilter.java:74)
	at org.springframework.security.config.annotation.web.configuration.WebMvcSecurityConfiguration$CompositeFilterChainProxy.doFilter(WebMvcSecurityConfiguration.java:230)
	at org.springframework.web.filter.DelegatingFilterProxy.invokeDelegate(DelegatingFilterProxy.java:352)
	at org.springframework.web.filter.DelegatingFilterProxy.doFilter(DelegatingFilterProxy.java:268)
	at org.apache.catalina.core.ApplicationFilterChain.internalDoFilter(ApplicationFilterChain.java:174)
	at org.apache.catalina.core.ApplicationFilterChain.doFilter(ApplicationFilterChain.java:149)
	at org.springframework.web.filter.RequestContextFilter.doFilterInternal(RequestContextFilter.java:100)
	at org.springframework.web.filter.OncePerRequestFilter.doFilter(OncePerRequestFilter.java:116)
	at org.apache.catalina.core.ApplicationFilterChain.internalDoFilter(ApplicationFilterChain.java:174)
	at org.apache.catalina.core.ApplicationFilterChain.doFilter(ApplicationFilterChain.java:149)
	at org.springframework.web.filter.FormContentFilter.doFilterInternal(FormContentFilter.java:93)
	at org.springframework.web.filter.OncePerRequestFilter.doFilter(OncePerRequestFilter.java:116)
	at org.apache.catalina.core.ApplicationFilterChain.internalDoFilter(ApplicationFilterChain.java:174)
	at org.apache.catalina.core.ApplicationFilterChain.doFilter(ApplicationFilterChain.java:149)
	at org.springframework.web.filter.CharacterEncodingFilter.doFilterInternal(CharacterEncodingFilter.java:201)
	at org.springframework.web.filter.OncePerRequestFilter.doFilter(OncePerRequestFilter.java:116)
	at org.apache.catalina.core.ApplicationFilterChain.internalDoFilter(ApplicationFilterChain.java:174)
	at org.apache.catalina.core.ApplicationFilterChain.doFilter(ApplicationFilterChain.java:149)
	at org.apache.catalina.core.StandardWrapperValve.invoke(StandardWrapperValve.java:167)
	at org.apache.catalina.core.StandardContextValve.invoke(StandardContextValve.java:90)
	at org.apache.catalina.authenticator.AuthenticatorBase.invoke(AuthenticatorBase.java:482)
	at org.apache.catalina.core.StandardHostValve.invoke(StandardHostValve.java:115)
	at org.apache.catalina.valves.ErrorReportValve.invoke(ErrorReportValve.java:93)
	at org.apache.catalina.core.StandardEngineValve.invoke(StandardEngineValve.java:74)
	at org.apache.catalina.connector.CoyoteAdapter.service(CoyoteAdapter.java:344)
	at org.apache.coyote.http11.Http11Processor.service(Http11Processor.java:391)
	at org.apache.coyote.AbstractProcessorLight.process(AbstractProcessorLight.java:63)
	at org.apache.coyote.AbstractProtocol$ConnectionHandler.process(AbstractProtocol.java:896)
	at org.apache.tomcat.util.net.NioEndpoint$SocketProcessor.doRun(NioEndpoint.java:1744)
	at org.apache.tomcat.util.net.SocketProcessorBase.run(SocketProcessorBase.java:52)
	at org.apache.tomcat.util.threads.ThreadPoolExecutor.runWorker(ThreadPoolExecutor.java:1191)
	at org.apache.tomcat.util.threads.ThreadPoolExecutor$Worker.run(ThreadPoolExecutor.java:659)
	at org.apache.tomcat.util.threads.TaskThread$WrappingRunnable.run(TaskThread.java:63)
	at java.base/java.lang.Thread.run(Thread.java:1583)
2024-04-19 17:16:59.864 [ERROR] [p-nio-80-exec-8] .c.C.[.[.[.[dispatcherServlet] : log                  : 175        : Servlet.service() for servlet [dispatcherServlet] in context with path [] threw exception [Request processing failed: org.mybatis.spring.MyBatisSystemException] with root cause
org.apache.ibatis.binding.BindingException: Parameter 'product_id' not found. Available parameters are [productId, param1]
	at org.apache.ibatis.binding.MapperMethod$ParamMap.get(MapperMethod.java:210)
	at org.apache.ibatis.reflection.wrapper.MapWrapper.get(MapWrapper.java:45)
	at org.apache.ibatis.reflection.MetaObject.getValue(MetaObject.java:116)
	at org.apache.ibatis.executor.BaseExecutor.createCacheKey(BaseExecutor.java:225)
	at org.apache.ibatis.executor.CachingExecutor.createCacheKey(CachingExecutor.java:149)
	at org.apache.ibatis.executor.CachingExecutor.query(CachingExecutor.java:89)
	at org.apache.ibatis.session.defaults.DefaultSqlSession.selectList(DefaultSqlSession.java:154)
	at org.apache.ibatis.session.defaults.DefaultSqlSession.selectList(DefaultSqlSession.java:147)
	at org.apache.ibatis.session.defaults.DefaultSqlSession.selectList(DefaultSqlSession.java:142)
	at org.apache.ibatis.session.defaults.DefaultSqlSession.selectOne(DefaultSqlSession.java:75)
	at java.base/jdk.internal.reflect.DirectMethodHandleAccessor.invoke(DirectMethodHandleAccessor.java:103)
	at java.base/java.lang.reflect.Method.invoke(Method.java:580)
	at org.mybatis.spring.SqlSessionTemplate$SqlSessionInterceptor.invoke(SqlSessionTemplate.java:425)
	at jdk.proxy2/jdk.proxy2.$Proxy110.selectOne(Unknown Source)
	at org.mybatis.spring.SqlSessionTemplate.selectOne(SqlSessionTemplate.java:160)
	at org.apache.ibatis.binding.MapperMethod.execute(MapperMethod.java:87)
	at org.apache.ibatis.binding.MapperProxy$PlainMethodInvoker.invoke(MapperProxy.java:141)
	at org.apache.ibatis.binding.MapperProxy.invoke(MapperProxy.java:86)
	at jdk.proxy2/jdk.proxy2.$Proxy135.findViewById(Unknown Source)
	at java.base/jdk.internal.reflect.DirectMethodHandleAccessor.invoke(DirectMethodHandleAccessor.java:103)
	at java.base/java.lang.reflect.Method.invoke(Method.java:580)
	at org.springframework.aop.support.AopUtils.invokeJoinpointUsingReflection(AopUtils.java:351)
	at org.springframework.aop.framework.ReflectiveMethodInvocation.invokeJoinpoint(ReflectiveMethodInvocation.java:196)
	at org.springframework.aop.framework.ReflectiveMethodInvocation.proceed(ReflectiveMethodInvocation.java:163)
	at org.springframework.dao.support.PersistenceExceptionTranslationInterceptor.invoke(PersistenceExceptionTranslationInterceptor.java:137)
	at org.springframework.aop.framework.ReflectiveMethodInvocation.proceed(ReflectiveMethodInvocation.java:184)
	at org.springframework.aop.framework.JdkDynamicAopProxy.invoke(JdkDynamicAopProxy.java:220)
	at jdk.proxy2/jdk.proxy2.$Proxy136.findViewById(Unknown Source)
	at com.idle.shoppingmall.Service.Product.ProductService.findViewById(ProductService.java:93)
	at java.base/jdk.internal.reflect.DirectMethodHandleAccessor.invoke(DirectMethodHandleAccessor.java:103)
	at java.base/java.lang.reflect.Method.invoke(Method.java:580)
	at org.springframework.aop.support.AopUtils.invokeJoinpointUsingReflection(AopUtils.java:351)
	at org.springframework.aop.framework.CglibAopProxy$DynamicAdvisedInterceptor.intercept(CglibAopProxy.java:713)
	at com.idle.shoppingmall.Service.Product.ProductService$$SpringCGLIB$$0.findViewById(<generated>)
	at com.idle.shoppingmall.Controller.ControllerView.ProductViews.ProductDetailViewController.showDetailPage(ProductDetailViewController.java:19)
	at java.base/jdk.internal.reflect.DirectMethodHandleAccessor.invoke(DirectMethodHandleAccessor.java:103)
	at java.base/java.lang.reflect.Method.invoke(Method.java:580)
	at org.springframework.web.method.support.InvocableHandlerMethod.doInvoke(InvocableHandlerMethod.java:255)
	at org.springframework.web.method.support.InvocableHandlerMethod.invokeForRequest(InvocableHandlerMethod.java:188)
	at org.springframework.web.servlet.mvc.method.annotation.ServletInvocableHandlerMethod.invokeAndHandle(ServletInvocableHandlerMethod.java:118)
	at org.springframework.web.servlet.mvc.method.annotation.RequestMappingHandlerAdapter.invokeHandlerMethod(RequestMappingHandlerAdapter.java:925)
	at org.springframework.web.servlet.mvc.method.annotation.RequestMappingHandlerAdapter.handleInternal(RequestMappingHandlerAdapter.java:830)
	at org.springframework.web.servlet.mvc.method.AbstractHandlerMethodAdapter.handle(AbstractHandlerMethodAdapter.java:87)
	at org.springframework.web.servlet.DispatcherServlet.doDispatch(DispatcherServlet.java:1089)
	at org.springframework.web.servlet.DispatcherServlet.doService(DispatcherServlet.java:979)
	at org.springframework.web.servlet.FrameworkServlet.processRequest(FrameworkServlet.java:1014)
	at org.springframework.web.servlet.FrameworkServlet.doGet(FrameworkServlet.java:903)
	at jakarta.servlet.http.HttpServlet.service(HttpServlet.java:564)
	at org.springframework.web.servlet.FrameworkServlet.service(FrameworkServlet.java:885)
	at jakarta.servlet.http.HttpServlet.service(HttpServlet.java:658)
	at org.apache.catalina.core.ApplicationFilterChain.internalDoFilter(ApplicationFilterChain.java:205)
	at org.apache.catalina.core.ApplicationFilterChain.doFilter(ApplicationFilterChain.java:149)
	at org.apache.tomcat.websocket.server.WsFilter.doFilter(WsFilter.java:51)
	at org.apache.catalina.core.ApplicationFilterChain.internalDoFilter(ApplicationFilterChain.java:174)
	at org.apache.catalina.core.ApplicationFilterChain.doFilter(ApplicationFilterChain.java:149)
	at org.springframework.web.filter.CompositeFilter$VirtualFilterChain.doFilter(CompositeFilter.java:108)
	at org.springframework.security.web.FilterChainProxy.lambda$doFilterInternal$3(FilterChainProxy.java:231)
	at org.springframework.security.web.FilterChainProxy$VirtualFilterChain.doFilter(FilterChainProxy.java:365)
	at org.springframework.security.web.access.intercept.AuthorizationFilter.doFilter(AuthorizationFilter.java:100)
	at org.springframework.security.web.FilterChainProxy$VirtualFilterChain.doFilter(FilterChainProxy.java:374)
	at org.springframework.security.web.access.ExceptionTranslationFilter.doFilter(ExceptionTranslationFilter.java:126)
	at org.springframework.security.web.access.ExceptionTranslationFilter.doFilter(ExceptionTranslationFilter.java:120)
	at org.springframework.security.web.FilterChainProxy$VirtualFilterChain.doFilter(FilterChainProxy.java:374)
	at org.springframework.security.web.authentication.AnonymousAuthenticationFilter.doFilter(AnonymousAuthenticationFilter.java:100)
	at org.springframework.security.web.FilterChainProxy$VirtualFilterChain.doFilter(FilterChainProxy.java:374)
	at org.springframework.security.web.servletapi.SecurityContextHolderAwareRequestFilter.doFilter(SecurityContextHolderAwareRequestFilter.java:179)
	at org.springframework.security.web.FilterChainProxy$VirtualFilterChain.doFilter(FilterChainProxy.java:374)
	at org.springframework.security.web.savedrequest.RequestCacheAwareFilter.doFilter(RequestCacheAwareFilter.java:63)
	at org.springframework.security.web.FilterChainProxy$VirtualFilterChain.doFilter(FilterChainProxy.java:374)
	at org.springframework.security.web.authentication.AbstractAuthenticationProcessingFilter.doFilter(AbstractAuthenticationProcessingFilter.java:227)
	at org.springframework.security.web.authentication.AbstractAuthenticationProcessingFilter.doFilter(AbstractAuthenticationProcessingFilter.java:221)
	at org.springframework.security.web.FilterChainProxy$VirtualFilterChain.doFilter(FilterChainProxy.java:374)
	at org.springframework.security.web.authentication.AbstractAuthenticationProcessingFilter.doFilter(AbstractAuthenticationProcessingFilter.java:227)
	at org.springframework.security.web.authentication.AbstractAuthenticationProcessingFilter.doFilter(AbstractAuthenticationProcessingFilter.java:221)
	at org.springframework.security.web.FilterChainProxy$VirtualFilterChain.doFilter(FilterChainProxy.java:374)
	at org.springframework.security.oauth2.client.web.OAuth2AuthorizationRequestRedirectFilter.doFilterInternal(OAuth2AuthorizationRequestRedirectFilter.java:181)
	at org.springframework.web.filter.OncePerRequestFilter.doFilter(OncePerRequestFilter.java:116)
	at org.springframework.security.web.FilterChainProxy$VirtualFilterChain.doFilter(FilterChainProxy.java:374)
	at org.springframework.security.web.authentication.logout.LogoutFilter.doFilter(LogoutFilter.java:107)
	at org.springframework.security.web.authentication.logout.LogoutFilter.doFilter(LogoutFilter.java:93)
	at org.springframework.security.web.FilterChainProxy$VirtualFilterChain.doFilter(FilterChainProxy.java:374)
	at org.springframework.web.filter.CorsFilter.doFilterInternal(CorsFilter.java:91)
	at org.springframework.web.filter.OncePerRequestFilter.doFilter(OncePerRequestFilter.java:116)
	at org.springframework.security.web.FilterChainProxy$VirtualFilterChain.doFilter(FilterChainProxy.java:374)
	at org.springframework.security.web.header.HeaderWriterFilter.doHeadersAfter(HeaderWriterFilter.java:90)
	at org.springframework.security.web.header.HeaderWriterFilter.doFilterInternal(HeaderWriterFilter.java:75)
	at org.springframework.web.filter.OncePerRequestFilter.doFilter(OncePerRequestFilter.java:116)
	at org.springframework.security.web.FilterChainProxy$VirtualFilterChain.doFilter(FilterChainProxy.java:374)
	at org.springframework.security.web.context.SecurityContextHolderFilter.doFilter(SecurityContextHolderFilter.java:82)
	at org.springframework.security.web.context.SecurityContextHolderFilter.doFilter(SecurityContextHolderFilter.java:69)
	at org.springframework.security.web.FilterChainProxy$VirtualFilterChain.doFilter(FilterChainProxy.java:374)
	at org.springframework.security.web.context.request.async.WebAsyncManagerIntegrationFilter.doFilterInternal(WebAsyncManagerIntegrationFilter.java:62)
	at org.springframework.web.filter.OncePerRequestFilter.doFilter(OncePerRequestFilter.java:116)
	at org.springframework.security.web.FilterChainProxy$VirtualFilterChain.doFilter(FilterChainProxy.java:374)
	at org.springframework.security.web.session.DisableEncodeUrlFilter.doFilterInternal(DisableEncodeUrlFilter.java:42)
	at org.springframework.web.filter.OncePerRequestFilter.doFilter(OncePerRequestFilter.java:116)
	at org.springframework.security.web.FilterChainProxy$VirtualFilterChain.doFilter(FilterChainProxy.java:374)
	at org.springframework.security.web.FilterChainProxy.doFilterInternal(FilterChainProxy.java:233)
	at org.springframework.security.web.FilterChainProxy.doFilter(FilterChainProxy.java:191)
	at org.springframework.web.filter.CompositeFilter$VirtualFilterChain.doFilter(CompositeFilter.java:113)
	at org.springframework.web.servlet.handler.HandlerMappingIntrospector.lambda$createCacheFilter$3(HandlerMappingIntrospector.java:195)
	at org.springframework.web.filter.CompositeFilter$VirtualFilterChain.doFilter(CompositeFilter.java:113)
	at org.springframework.web.filter.CompositeFilter.doFilter(CompositeFilter.java:74)
	at org.springframework.security.config.annotation.web.configuration.WebMvcSecurityConfiguration$CompositeFilterChainProxy.doFilter(WebMvcSecurityConfiguration.java:230)
	at org.springframework.web.filter.DelegatingFilterProxy.invokeDelegate(DelegatingFilterProxy.java:352)
	at org.springframework.web.filter.DelegatingFilterProxy.doFilter(DelegatingFilterProxy.java:268)
	at org.apache.catalina.core.ApplicationFilterChain.internalDoFilter(ApplicationFilterChain.java:174)
	at org.apache.catalina.core.ApplicationFilterChain.doFilter(ApplicationFilterChain.java:149)
	at org.springframework.web.filter.RequestContextFilter.doFilterInternal(RequestContextFilter.java:100)
	at org.springframework.web.filter.OncePerRequestFilter.doFilter(OncePerRequestFilter.java:116)
	at org.apache.catalina.core.ApplicationFilterChain.internalDoFilter(ApplicationFilterChain.java:174)
	at org.apache.catalina.core.ApplicationFilterChain.doFilter(ApplicationFilterChain.java:149)
	at org.springframework.web.filter.FormContentFilter.doFilterInternal(FormContentFilter.java:93)
	at org.springframework.web.filter.OncePerRequestFilter.doFilter(OncePerRequestFilter.java:116)
	at org.apache.catalina.core.ApplicationFilterChain.internalDoFilter(ApplicationFilterChain.java:174)
	at org.apache.catalina.core.ApplicationFilterChain.doFilter(ApplicationFilterChain.java:149)
	at org.springframework.web.filter.CharacterEncodingFilter.doFilterInternal(CharacterEncodingFilter.java:201)
	at org.springframework.web.filter.OncePerRequestFilter.doFilter(OncePerRequestFilter.java:116)
	at org.apache.catalina.core.ApplicationFilterChain.internalDoFilter(ApplicationFilterChain.java:174)
	at org.apache.catalina.core.ApplicationFilterChain.doFilter(ApplicationFilterChain.java:149)
	at org.apache.catalina.core.StandardWrapperValve.invoke(StandardWrapperValve.java:167)
	at org.apache.catalina.core.StandardContextValve.invoke(StandardContextValve.java:90)
	at org.apache.catalina.authenticator.AuthenticatorBase.invoke(AuthenticatorBase.java:482)
	at org.apache.catalina.core.StandardHostValve.invoke(StandardHostValve.java:115)
	at org.apache.catalina.valves.ErrorReportValve.invoke(ErrorReportValve.java:93)
	at org.apache.catalina.core.StandardEngineValve.invoke(StandardEngineValve.java:74)
	at org.apache.catalina.connector.CoyoteAdapter.service(CoyoteAdapter.java:344)
	at org.apache.coyote.http11.Http11Processor.service(Http11Processor.java:391)
	at org.apache.coyote.AbstractProcessorLight.process(AbstractProcessorLight.java:63)
	at org.apache.coyote.AbstractProtocol$ConnectionHandler.process(AbstractProtocol.java:896)
	at org.apache.tomcat.util.net.NioEndpoint$SocketProcessor.doRun(NioEndpoint.java:1744)
	at org.apache.tomcat.util.net.SocketProcessorBase.run(SocketProcessorBase.java:52)
	at org.apache.tomcat.util.threads.ThreadPoolExecutor.runWorker(ThreadPoolExecutor.java:1191)
	at org.apache.tomcat.util.threads.ThreadPoolExecutor$Worker.run(ThreadPoolExecutor.java:659)
	at org.apache.tomcat.util.threads.TaskThread$WrappingRunnable.run(TaskThread.java:63)
	at java.base/java.lang.Thread.run(Thread.java:1583)
2024-04-19 17:17:04.300 [ERROR] [p-nio-80-exec-3] .c.C.[.[.[.[dispatcherServlet] : log                  : 175        : Servlet.service() for servlet [dispatcherServlet] in context with path [] threw exception [Request processing failed: org.mybatis.spring.MyBatisSystemException] with root cause
org.apache.ibatis.binding.BindingException: Parameter 'product_id' not found. Available parameters are [productId, param1]
	at org.apache.ibatis.binding.MapperMethod$ParamMap.get(MapperMethod.java:210)
	at org.apache.ibatis.reflection.wrapper.MapWrapper.get(MapWrapper.java:45)
	at org.apache.ibatis.reflection.MetaObject.getValue(MetaObject.java:116)
	at org.apache.ibatis.executor.BaseExecutor.createCacheKey(BaseExecutor.java:225)
	at org.apache.ibatis.executor.CachingExecutor.createCacheKey(CachingExecutor.java:149)
	at org.apache.ibatis.executor.CachingExecutor.query(CachingExecutor.java:89)
	at org.apache.ibatis.session.defaults.DefaultSqlSession.selectList(DefaultSqlSession.java:154)
	at org.apache.ibatis.session.defaults.DefaultSqlSession.selectList(DefaultSqlSession.java:147)
	at org.apache.ibatis.session.defaults.DefaultSqlSession.selectList(DefaultSqlSession.java:142)
	at org.apache.ibatis.session.defaults.DefaultSqlSession.selectOne(DefaultSqlSession.java:75)
	at java.base/jdk.internal.reflect.DirectMethodHandleAccessor.invoke(DirectMethodHandleAccessor.java:103)
	at java.base/java.lang.reflect.Method.invoke(Method.java:580)
	at org.mybatis.spring.SqlSessionTemplate$SqlSessionInterceptor.invoke(SqlSessionTemplate.java:425)
	at jdk.proxy2/jdk.proxy2.$Proxy110.selectOne(Unknown Source)
	at org.mybatis.spring.SqlSessionTemplate.selectOne(SqlSessionTemplate.java:160)
	at org.apache.ibatis.binding.MapperMethod.execute(MapperMethod.java:87)
	at org.apache.ibatis.binding.MapperProxy$PlainMethodInvoker.invoke(MapperProxy.java:141)
	at org.apache.ibatis.binding.MapperProxy.invoke(MapperProxy.java:86)
	at jdk.proxy2/jdk.proxy2.$Proxy135.findViewById(Unknown Source)
	at java.base/jdk.internal.reflect.DirectMethodHandleAccessor.invoke(DirectMethodHandleAccessor.java:103)
	at java.base/java.lang.reflect.Method.invoke(Method.java:580)
	at org.springframework.aop.support.AopUtils.invokeJoinpointUsingReflection(AopUtils.java:351)
	at org.springframework.aop.framework.ReflectiveMethodInvocation.invokeJoinpoint(ReflectiveMethodInvocation.java:196)
	at org.springframework.aop.framework.ReflectiveMethodInvocation.proceed(ReflectiveMethodInvocation.java:163)
	at org.springframework.dao.support.PersistenceExceptionTranslationInterceptor.invoke(PersistenceExceptionTranslationInterceptor.java:137)
	at org.springframework.aop.framework.ReflectiveMethodInvocation.proceed(ReflectiveMethodInvocation.java:184)
	at org.springframework.aop.framework.JdkDynamicAopProxy.invoke(JdkDynamicAopProxy.java:220)
	at jdk.proxy2/jdk.proxy2.$Proxy136.findViewById(Unknown Source)
	at com.idle.shoppingmall.Service.Product.ProductService.findViewById(ProductService.java:93)
	at java.base/jdk.internal.reflect.DirectMethodHandleAccessor.invoke(DirectMethodHandleAccessor.java:103)
	at java.base/java.lang.reflect.Method.invoke(Method.java:580)
	at org.springframework.aop.support.AopUtils.invokeJoinpointUsingReflection(AopUtils.java:351)
	at org.springframework.aop.framework.CglibAopProxy$DynamicAdvisedInterceptor.intercept(CglibAopProxy.java:713)
	at com.idle.shoppingmall.Service.Product.ProductService$$SpringCGLIB$$0.findViewById(<generated>)
	at com.idle.shoppingmall.Controller.ControllerView.ProductViews.ProductDetailViewController.showDetailPage(ProductDetailViewController.java:19)
	at java.base/jdk.internal.reflect.DirectMethodHandleAccessor.invoke(DirectMethodHandleAccessor.java:103)
	at java.base/java.lang.reflect.Method.invoke(Method.java:580)
	at org.springframework.web.method.support.InvocableHandlerMethod.doInvoke(InvocableHandlerMethod.java:255)
	at org.springframework.web.method.support.InvocableHandlerMethod.invokeForRequest(InvocableHandlerMethod.java:188)
	at org.springframework.web.servlet.mvc.method.annotation.ServletInvocableHandlerMethod.invokeAndHandle(ServletInvocableHandlerMethod.java:118)
	at org.springframework.web.servlet.mvc.method.annotation.RequestMappingHandlerAdapter.invokeHandlerMethod(RequestMappingHandlerAdapter.java:925)
	at org.springframework.web.servlet.mvc.method.annotation.RequestMappingHandlerAdapter.handleInternal(RequestMappingHandlerAdapter.java:830)
	at org.springframework.web.servlet.mvc.method.AbstractHandlerMethodAdapter.handle(AbstractHandlerMethodAdapter.java:87)
	at org.springframework.web.servlet.DispatcherServlet.doDispatch(DispatcherServlet.java:1089)
	at org.springframework.web.servlet.DispatcherServlet.doService(DispatcherServlet.java:979)
	at org.springframework.web.servlet.FrameworkServlet.processRequest(FrameworkServlet.java:1014)
	at org.springframework.web.servlet.FrameworkServlet.doGet(FrameworkServlet.java:903)
	at jakarta.servlet.http.HttpServlet.service(HttpServlet.java:564)
	at org.springframework.web.servlet.FrameworkServlet.service(FrameworkServlet.java:885)
	at jakarta.servlet.http.HttpServlet.service(HttpServlet.java:658)
	at org.apache.catalina.core.ApplicationFilterChain.internalDoFilter(ApplicationFilterChain.java:205)
	at org.apache.catalina.core.ApplicationFilterChain.doFilter(ApplicationFilterChain.java:149)
	at org.apache.tomcat.websocket.server.WsFilter.doFilter(WsFilter.java:51)
	at org.apache.catalina.core.ApplicationFilterChain.internalDoFilter(ApplicationFilterChain.java:174)
	at org.apache.catalina.core.ApplicationFilterChain.doFilter(ApplicationFilterChain.java:149)
	at org.springframework.web.filter.CompositeFilter$VirtualFilterChain.doFilter(CompositeFilter.java:108)
	at org.springframework.security.web.FilterChainProxy.lambda$doFilterInternal$3(FilterChainProxy.java:231)
	at org.springframework.security.web.FilterChainProxy$VirtualFilterChain.doFilter(FilterChainProxy.java:365)
	at org.springframework.security.web.access.intercept.AuthorizationFilter.doFilter(AuthorizationFilter.java:100)
	at org.springframework.security.web.FilterChainProxy$VirtualFilterChain.doFilter(FilterChainProxy.java:374)
	at org.springframework.security.web.access.ExceptionTranslationFilter.doFilter(ExceptionTranslationFilter.java:126)
	at org.springframework.security.web.access.ExceptionTranslationFilter.doFilter(ExceptionTranslationFilter.java:120)
	at org.springframework.security.web.FilterChainProxy$VirtualFilterChain.doFilter(FilterChainProxy.java:374)
	at org.springframework.security.web.authentication.AnonymousAuthenticationFilter.doFilter(AnonymousAuthenticationFilter.java:100)
	at org.springframework.security.web.FilterChainProxy$VirtualFilterChain.doFilter(FilterChainProxy.java:374)
	at org.springframework.security.web.servletapi.SecurityContextHolderAwareRequestFilter.doFilter(SecurityContextHolderAwareRequestFilter.java:179)
	at org.springframework.security.web.FilterChainProxy$VirtualFilterChain.doFilter(FilterChainProxy.java:374)
	at org.springframework.security.web.savedrequest.RequestCacheAwareFilter.doFilter(RequestCacheAwareFilter.java:63)
	at org.springframework.security.web.FilterChainProxy$VirtualFilterChain.doFilter(FilterChainProxy.java:374)
	at org.springframework.security.web.authentication.AbstractAuthenticationProcessingFilter.doFilter(AbstractAuthenticationProcessingFilter.java:227)
	at org.springframework.security.web.authentication.AbstractAuthenticationProcessingFilter.doFilter(AbstractAuthenticationProcessingFilter.java:221)
	at org.springframework.security.web.FilterChainProxy$VirtualFilterChain.doFilter(FilterChainProxy.java:374)
	at org.springframework.security.web.authentication.AbstractAuthenticationProcessingFilter.doFilter(AbstractAuthenticationProcessingFilter.java:227)
	at org.springframework.security.web.authentication.AbstractAuthenticationProcessingFilter.doFilter(AbstractAuthenticationProcessingFilter.java:221)
	at org.springframework.security.web.FilterChainProxy$VirtualFilterChain.doFilter(FilterChainProxy.java:374)
	at org.springframework.security.oauth2.client.web.OAuth2AuthorizationRequestRedirectFilter.doFilterInternal(OAuth2AuthorizationRequestRedirectFilter.java:181)
	at org.springframework.web.filter.OncePerRequestFilter.doFilter(OncePerRequestFilter.java:116)
	at org.springframework.security.web.FilterChainProxy$VirtualFilterChain.doFilter(FilterChainProxy.java:374)
	at org.springframework.security.web.authentication.logout.LogoutFilter.doFilter(LogoutFilter.java:107)
	at org.springframework.security.web.authentication.logout.LogoutFilter.doFilter(LogoutFilter.java:93)
	at org.springframework.security.web.FilterChainProxy$VirtualFilterChain.doFilter(FilterChainProxy.java:374)
	at org.springframework.web.filter.CorsFilter.doFilterInternal(CorsFilter.java:91)
	at org.springframework.web.filter.OncePerRequestFilter.doFilter(OncePerRequestFilter.java:116)
	at org.springframework.security.web.FilterChainProxy$VirtualFilterChain.doFilter(FilterChainProxy.java:374)
	at org.springframework.security.web.header.HeaderWriterFilter.doHeadersAfter(HeaderWriterFilter.java:90)
	at org.springframework.security.web.header.HeaderWriterFilter.doFilterInternal(HeaderWriterFilter.java:75)
	at org.springframework.web.filter.OncePerRequestFilter.doFilter(OncePerRequestFilter.java:116)
	at org.springframework.security.web.FilterChainProxy$VirtualFilterChain.doFilter(FilterChainProxy.java:374)
	at org.springframework.security.web.context.SecurityContextHolderFilter.doFilter(SecurityContextHolderFilter.java:82)
	at org.springframework.security.web.context.SecurityContextHolderFilter.doFilter(SecurityContextHolderFilter.java:69)
	at org.springframework.security.web.FilterChainProxy$VirtualFilterChain.doFilter(FilterChainProxy.java:374)
	at org.springframework.security.web.context.request.async.WebAsyncManagerIntegrationFilter.doFilterInternal(WebAsyncManagerIntegrationFilter.java:62)
	at org.springframework.web.filter.OncePerRequestFilter.doFilter(OncePerRequestFilter.java:116)
	at org.springframework.security.web.FilterChainProxy$VirtualFilterChain.doFilter(FilterChainProxy.java:374)
	at org.springframework.security.web.session.DisableEncodeUrlFilter.doFilterInternal(DisableEncodeUrlFilter.java:42)
	at org.springframework.web.filter.OncePerRequestFilter.doFilter(OncePerRequestFilter.java:116)
	at org.springframework.security.web.FilterChainProxy$VirtualFilterChain.doFilter(FilterChainProxy.java:374)
	at org.springframework.security.web.FilterChainProxy.doFilterInternal(FilterChainProxy.java:233)
	at org.springframework.security.web.FilterChainProxy.doFilter(FilterChainProxy.java:191)
	at org.springframework.web.filter.CompositeFilter$VirtualFilterChain.doFilter(CompositeFilter.java:113)
	at org.springframework.web.servlet.handler.HandlerMappingIntrospector.lambda$createCacheFilter$3(HandlerMappingIntrospector.java:195)
	at org.springframework.web.filter.CompositeFilter$VirtualFilterChain.doFilter(CompositeFilter.java:113)
	at org.springframework.web.filter.CompositeFilter.doFilter(CompositeFilter.java:74)
	at org.springframework.security.config.annotation.web.configuration.WebMvcSecurityConfiguration$CompositeFilterChainProxy.doFilter(WebMvcSecurityConfiguration.java:230)
	at org.springframework.web.filter.DelegatingFilterProxy.invokeDelegate(DelegatingFilterProxy.java:352)
	at org.springframework.web.filter.DelegatingFilterProxy.doFilter(DelegatingFilterProxy.java:268)
	at org.apache.catalina.core.ApplicationFilterChain.internalDoFilter(ApplicationFilterChain.java:174)
	at org.apache.catalina.core.ApplicationFilterChain.doFilter(ApplicationFilterChain.java:149)
	at org.springframework.web.filter.RequestContextFilter.doFilterInternal(RequestContextFilter.java:100)
	at org.springframework.web.filter.OncePerRequestFilter.doFilter(OncePerRequestFilter.java:116)
	at org.apache.catalina.core.ApplicationFilterChain.internalDoFilter(ApplicationFilterChain.java:174)
	at org.apache.catalina.core.ApplicationFilterChain.doFilter(ApplicationFilterChain.java:149)
	at org.springframework.web.filter.FormContentFilter.doFilterInternal(FormContentFilter.java:93)
	at org.springframework.web.filter.OncePerRequestFilter.doFilter(OncePerRequestFilter.java:116)
	at org.apache.catalina.core.ApplicationFilterChain.internalDoFilter(ApplicationFilterChain.java:174)
	at org.apache.catalina.core.ApplicationFilterChain.doFilter(ApplicationFilterChain.java:149)
	at org.springframework.web.filter.CharacterEncodingFilter.doFilterInternal(CharacterEncodingFilter.java:201)
	at org.springframework.web.filter.OncePerRequestFilter.doFilter(OncePerRequestFilter.java:116)
	at org.apache.catalina.core.ApplicationFilterChain.internalDoFilter(ApplicationFilterChain.java:174)
	at org.apache.catalina.core.ApplicationFilterChain.doFilter(ApplicationFilterChain.java:149)
	at org.apache.catalina.core.StandardWrapperValve.invoke(StandardWrapperValve.java:167)
	at org.apache.catalina.core.StandardContextValve.invoke(StandardContextValve.java:90)
	at org.apache.catalina.authenticator.AuthenticatorBase.invoke(AuthenticatorBase.java:482)
	at org.apache.catalina.core.StandardHostValve.invoke(StandardHostValve.java:115)
	at org.apache.catalina.valves.ErrorReportValve.invoke(ErrorReportValve.java:93)
	at org.apache.catalina.core.StandardEngineValve.invoke(StandardEngineValve.java:74)
	at org.apache.catalina.connector.CoyoteAdapter.service(CoyoteAdapter.java:344)
	at org.apache.coyote.http11.Http11Processor.service(Http11Processor.java:391)
	at org.apache.coyote.AbstractProcessorLight.process(AbstractProcessorLight.java:63)
	at org.apache.coyote.AbstractProtocol$ConnectionHandler.process(AbstractProtocol.java:896)
	at org.apache.tomcat.util.net.NioEndpoint$SocketProcessor.doRun(NioEndpoint.java:1744)
	at org.apache.tomcat.util.net.SocketProcessorBase.run(SocketProcessorBase.java:52)
	at org.apache.tomcat.util.threads.ThreadPoolExecutor.runWorker(ThreadPoolExecutor.java:1191)
	at org.apache.tomcat.util.threads.ThreadPoolExecutor$Worker.run(ThreadPoolExecutor.java:659)
	at org.apache.tomcat.util.threads.TaskThread$WrappingRunnable.run(TaskThread.java:63)
	at java.base/java.lang.Thread.run(Thread.java:1583)
2024-04-19 17:17:52.154 [ERROR] [p-nio-80-exec-5] .c.C.[.[.[.[dispatcherServlet] : log                  : 175        : Servlet.service() for servlet [dispatcherServlet] in context with path [] threw exception [Request processing failed: org.mybatis.spring.MyBatisSystemException] with root cause
org.apache.ibatis.binding.BindingException: Parameter 'product_id' not found. Available parameters are [productId, param1]
	at org.apache.ibatis.binding.MapperMethod$ParamMap.get(MapperMethod.java:210)
	at org.apache.ibatis.reflection.wrapper.MapWrapper.get(MapWrapper.java:45)
	at org.apache.ibatis.reflection.MetaObject.getValue(MetaObject.java:116)
	at org.apache.ibatis.executor.BaseExecutor.createCacheKey(BaseExecutor.java:225)
	at org.apache.ibatis.executor.CachingExecutor.createCacheKey(CachingExecutor.java:149)
	at org.apache.ibatis.executor.CachingExecutor.query(CachingExecutor.java:89)
	at org.apache.ibatis.session.defaults.DefaultSqlSession.selectList(DefaultSqlSession.java:154)
	at org.apache.ibatis.session.defaults.DefaultSqlSession.selectList(DefaultSqlSession.java:147)
	at org.apache.ibatis.session.defaults.DefaultSqlSession.selectList(DefaultSqlSession.java:142)
	at org.apache.ibatis.session.defaults.DefaultSqlSession.selectOne(DefaultSqlSession.java:75)
	at java.base/jdk.internal.reflect.DirectMethodHandleAccessor.invoke(DirectMethodHandleAccessor.java:103)
	at java.base/java.lang.reflect.Method.invoke(Method.java:580)
	at org.mybatis.spring.SqlSessionTemplate$SqlSessionInterceptor.invoke(SqlSessionTemplate.java:425)
	at jdk.proxy2/jdk.proxy2.$Proxy110.selectOne(Unknown Source)
	at org.mybatis.spring.SqlSessionTemplate.selectOne(SqlSessionTemplate.java:160)
	at org.apache.ibatis.binding.MapperMethod.execute(MapperMethod.java:87)
	at org.apache.ibatis.binding.MapperProxy$PlainMethodInvoker.invoke(MapperProxy.java:141)
	at org.apache.ibatis.binding.MapperProxy.invoke(MapperProxy.java:86)
	at jdk.proxy2/jdk.proxy2.$Proxy135.findViewById(Unknown Source)
	at java.base/jdk.internal.reflect.DirectMethodHandleAccessor.invoke(DirectMethodHandleAccessor.java:103)
	at java.base/java.lang.reflect.Method.invoke(Method.java:580)
	at org.springframework.aop.support.AopUtils.invokeJoinpointUsingReflection(AopUtils.java:351)
	at org.springframework.aop.framework.ReflectiveMethodInvocation.invokeJoinpoint(ReflectiveMethodInvocation.java:196)
	at org.springframework.aop.framework.ReflectiveMethodInvocation.proceed(ReflectiveMethodInvocation.java:163)
	at org.springframework.dao.support.PersistenceExceptionTranslationInterceptor.invoke(PersistenceExceptionTranslationInterceptor.java:137)
	at org.springframework.aop.framework.ReflectiveMethodInvocation.proceed(ReflectiveMethodInvocation.java:184)
	at org.springframework.aop.framework.JdkDynamicAopProxy.invoke(JdkDynamicAopProxy.java:220)
	at jdk.proxy2/jdk.proxy2.$Proxy136.findViewById(Unknown Source)
	at com.idle.shoppingmall.Service.Product.ProductService.findViewById(ProductService.java:93)
	at java.base/jdk.internal.reflect.DirectMethodHandleAccessor.invoke(DirectMethodHandleAccessor.java:103)
	at java.base/java.lang.reflect.Method.invoke(Method.java:580)
	at org.springframework.aop.support.AopUtils.invokeJoinpointUsingReflection(AopUtils.java:351)
	at org.springframework.aop.framework.CglibAopProxy$DynamicAdvisedInterceptor.intercept(CglibAopProxy.java:713)
	at com.idle.shoppingmall.Service.Product.ProductService$$SpringCGLIB$$0.findViewById(<generated>)
	at com.idle.shoppingmall.Controller.ControllerView.ProductViews.ProductDetailViewController.showDetailPage(ProductDetailViewController.java:19)
	at java.base/jdk.internal.reflect.DirectMethodHandleAccessor.invoke(DirectMethodHandleAccessor.java:103)
	at java.base/java.lang.reflect.Method.invoke(Method.java:580)
	at org.springframework.web.method.support.InvocableHandlerMethod.doInvoke(InvocableHandlerMethod.java:255)
	at org.springframework.web.method.support.InvocableHandlerMethod.invokeForRequest(InvocableHandlerMethod.java:188)
	at org.springframework.web.servlet.mvc.method.annotation.ServletInvocableHandlerMethod.invokeAndHandle(ServletInvocableHandlerMethod.java:118)
	at org.springframework.web.servlet.mvc.method.annotation.RequestMappingHandlerAdapter.invokeHandlerMethod(RequestMappingHandlerAdapter.java:925)
	at org.springframework.web.servlet.mvc.method.annotation.RequestMappingHandlerAdapter.handleInternal(RequestMappingHandlerAdapter.java:830)
	at org.springframework.web.servlet.mvc.method.AbstractHandlerMethodAdapter.handle(AbstractHandlerMethodAdapter.java:87)
	at org.springframework.web.servlet.DispatcherServlet.doDispatch(DispatcherServlet.java:1089)
	at org.springframework.web.servlet.DispatcherServlet.doService(DispatcherServlet.java:979)
	at org.springframework.web.servlet.FrameworkServlet.processRequest(FrameworkServlet.java:1014)
	at org.springframework.web.servlet.FrameworkServlet.doGet(FrameworkServlet.java:903)
	at jakarta.servlet.http.HttpServlet.service(HttpServlet.java:564)
	at org.springframework.web.servlet.FrameworkServlet.service(FrameworkServlet.java:885)
	at jakarta.servlet.http.HttpServlet.service(HttpServlet.java:658)
	at org.apache.catalina.core.ApplicationFilterChain.internalDoFilter(ApplicationFilterChain.java:205)
	at org.apache.catalina.core.ApplicationFilterChain.doFilter(ApplicationFilterChain.java:149)
	at org.apache.tomcat.websocket.server.WsFilter.doFilter(WsFilter.java:51)
	at org.apache.catalina.core.ApplicationFilterChain.internalDoFilter(ApplicationFilterChain.java:174)
	at org.apache.catalina.core.ApplicationFilterChain.doFilter(ApplicationFilterChain.java:149)
	at org.springframework.web.filter.CompositeFilter$VirtualFilterChain.doFilter(CompositeFilter.java:108)
	at org.springframework.security.web.FilterChainProxy.lambda$doFilterInternal$3(FilterChainProxy.java:231)
	at org.springframework.security.web.FilterChainProxy$VirtualFilterChain.doFilter(FilterChainProxy.java:365)
	at org.springframework.security.web.access.intercept.AuthorizationFilter.doFilter(AuthorizationFilter.java:100)
	at org.springframework.security.web.FilterChainProxy$VirtualFilterChain.doFilter(FilterChainProxy.java:374)
	at org.springframework.security.web.access.ExceptionTranslationFilter.doFilter(ExceptionTranslationFilter.java:126)
	at org.springframework.security.web.access.ExceptionTranslationFilter.doFilter(ExceptionTranslationFilter.java:120)
	at org.springframework.security.web.FilterChainProxy$VirtualFilterChain.doFilter(FilterChainProxy.java:374)
	at org.springframework.security.web.authentication.AnonymousAuthenticationFilter.doFilter(AnonymousAuthenticationFilter.java:100)
	at org.springframework.security.web.FilterChainProxy$VirtualFilterChain.doFilter(FilterChainProxy.java:374)
	at org.springframework.security.web.servletapi.SecurityContextHolderAwareRequestFilter.doFilter(SecurityContextHolderAwareRequestFilter.java:179)
	at org.springframework.security.web.FilterChainProxy$VirtualFilterChain.doFilter(FilterChainProxy.java:374)
	at org.springframework.security.web.savedrequest.RequestCacheAwareFilter.doFilter(RequestCacheAwareFilter.java:63)
	at org.springframework.security.web.FilterChainProxy$VirtualFilterChain.doFilter(FilterChainProxy.java:374)
	at org.springframework.security.web.authentication.AbstractAuthenticationProcessingFilter.doFilter(AbstractAuthenticationProcessingFilter.java:227)
	at org.springframework.security.web.authentication.AbstractAuthenticationProcessingFilter.doFilter(AbstractAuthenticationProcessingFilter.java:221)
	at org.springframework.security.web.FilterChainProxy$VirtualFilterChain.doFilter(FilterChainProxy.java:374)
	at org.springframework.security.web.authentication.AbstractAuthenticationProcessingFilter.doFilter(AbstractAuthenticationProcessingFilter.java:227)
	at org.springframework.security.web.authentication.AbstractAuthenticationProcessingFilter.doFilter(AbstractAuthenticationProcessingFilter.java:221)
	at org.springframework.security.web.FilterChainProxy$VirtualFilterChain.doFilter(FilterChainProxy.java:374)
	at org.springframework.security.oauth2.client.web.OAuth2AuthorizationRequestRedirectFilter.doFilterInternal(OAuth2AuthorizationRequestRedirectFilter.java:181)
	at org.springframework.web.filter.OncePerRequestFilter.doFilter(OncePerRequestFilter.java:116)
	at org.springframework.security.web.FilterChainProxy$VirtualFilterChain.doFilter(FilterChainProxy.java:374)
	at org.springframework.security.web.authentication.logout.LogoutFilter.doFilter(LogoutFilter.java:107)
	at org.springframework.security.web.authentication.logout.LogoutFilter.doFilter(LogoutFilter.java:93)
	at org.springframework.security.web.FilterChainProxy$VirtualFilterChain.doFilter(FilterChainProxy.java:374)
	at org.springframework.web.filter.CorsFilter.doFilterInternal(CorsFilter.java:91)
	at org.springframework.web.filter.OncePerRequestFilter.doFilter(OncePerRequestFilter.java:116)
	at org.springframework.security.web.FilterChainProxy$VirtualFilterChain.doFilter(FilterChainProxy.java:374)
	at org.springframework.security.web.header.HeaderWriterFilter.doHeadersAfter(HeaderWriterFilter.java:90)
	at org.springframework.security.web.header.HeaderWriterFilter.doFilterInternal(HeaderWriterFilter.java:75)
	at org.springframework.web.filter.OncePerRequestFilter.doFilter(OncePerRequestFilter.java:116)
	at org.springframework.security.web.FilterChainProxy$VirtualFilterChain.doFilter(FilterChainProxy.java:374)
	at org.springframework.security.web.context.SecurityContextHolderFilter.doFilter(SecurityContextHolderFilter.java:82)
	at org.springframework.security.web.context.SecurityContextHolderFilter.doFilter(SecurityContextHolderFilter.java:69)
	at org.springframework.security.web.FilterChainProxy$VirtualFilterChain.doFilter(FilterChainProxy.java:374)
	at org.springframework.security.web.context.request.async.WebAsyncManagerIntegrationFilter.doFilterInternal(WebAsyncManagerIntegrationFilter.java:62)
	at org.springframework.web.filter.OncePerRequestFilter.doFilter(OncePerRequestFilter.java:116)
	at org.springframework.security.web.FilterChainProxy$VirtualFilterChain.doFilter(FilterChainProxy.java:374)
	at org.springframework.security.web.session.DisableEncodeUrlFilter.doFilterInternal(DisableEncodeUrlFilter.java:42)
	at org.springframework.web.filter.OncePerRequestFilter.doFilter(OncePerRequestFilter.java:116)
	at org.springframework.security.web.FilterChainProxy$VirtualFilterChain.doFilter(FilterChainProxy.java:374)
	at org.springframework.security.web.FilterChainProxy.doFilterInternal(FilterChainProxy.java:233)
	at org.springframework.security.web.FilterChainProxy.doFilter(FilterChainProxy.java:191)
	at org.springframework.web.filter.CompositeFilter$VirtualFilterChain.doFilter(CompositeFilter.java:113)
	at org.springframework.web.servlet.handler.HandlerMappingIntrospector.lambda$createCacheFilter$3(HandlerMappingIntrospector.java:195)
	at org.springframework.web.filter.CompositeFilter$VirtualFilterChain.doFilter(CompositeFilter.java:113)
	at org.springframework.web.filter.CompositeFilter.doFilter(CompositeFilter.java:74)
	at org.springframework.security.config.annotation.web.configuration.WebMvcSecurityConfiguration$CompositeFilterChainProxy.doFilter(WebMvcSecurityConfiguration.java:230)
	at org.springframework.web.filter.DelegatingFilterProxy.invokeDelegate(DelegatingFilterProxy.java:352)
	at org.springframework.web.filter.DelegatingFilterProxy.doFilter(DelegatingFilterProxy.java:268)
	at org.apache.catalina.core.ApplicationFilterChain.internalDoFilter(ApplicationFilterChain.java:174)
	at org.apache.catalina.core.ApplicationFilterChain.doFilter(ApplicationFilterChain.java:149)
	at org.springframework.web.filter.RequestContextFilter.doFilterInternal(RequestContextFilter.java:100)
	at org.springframework.web.filter.OncePerRequestFilter.doFilter(OncePerRequestFilter.java:116)
	at org.apache.catalina.core.ApplicationFilterChain.internalDoFilter(ApplicationFilterChain.java:174)
	at org.apache.catalina.core.ApplicationFilterChain.doFilter(ApplicationFilterChain.java:149)
	at org.springframework.web.filter.FormContentFilter.doFilterInternal(FormContentFilter.java:93)
	at org.springframework.web.filter.OncePerRequestFilter.doFilter(OncePerRequestFilter.java:116)
	at org.apache.catalina.core.ApplicationFilterChain.internalDoFilter(ApplicationFilterChain.java:174)
	at org.apache.catalina.core.ApplicationFilterChain.doFilter(ApplicationFilterChain.java:149)
	at org.springframework.web.filter.CharacterEncodingFilter.doFilterInternal(CharacterEncodingFilter.java:201)
	at org.springframework.web.filter.OncePerRequestFilter.doFilter(OncePerRequestFilter.java:116)
	at org.apache.catalina.core.ApplicationFilterChain.internalDoFilter(ApplicationFilterChain.java:174)
	at org.apache.catalina.core.ApplicationFilterChain.doFilter(ApplicationFilterChain.java:149)
	at org.apache.catalina.core.StandardWrapperValve.invoke(StandardWrapperValve.java:167)
	at org.apache.catalina.core.StandardContextValve.invoke(StandardContextValve.java:90)
	at org.apache.catalina.authenticator.AuthenticatorBase.invoke(AuthenticatorBase.java:482)
	at org.apache.catalina.core.StandardHostValve.invoke(StandardHostValve.java:115)
	at org.apache.catalina.valves.ErrorReportValve.invoke(ErrorReportValve.java:93)
	at org.apache.catalina.core.StandardEngineValve.invoke(StandardEngineValve.java:74)
	at org.apache.catalina.connector.CoyoteAdapter.service(CoyoteAdapter.java:344)
	at org.apache.coyote.http11.Http11Processor.service(Http11Processor.java:391)
	at org.apache.coyote.AbstractProcessorLight.process(AbstractProcessorLight.java:63)
	at org.apache.coyote.AbstractProtocol$ConnectionHandler.process(AbstractProtocol.java:896)
	at org.apache.tomcat.util.net.NioEndpoint$SocketProcessor.doRun(NioEndpoint.java:1744)
	at org.apache.tomcat.util.net.SocketProcessorBase.run(SocketProcessorBase.java:52)
	at org.apache.tomcat.util.threads.ThreadPoolExecutor.runWorker(ThreadPoolExecutor.java:1191)
	at org.apache.tomcat.util.threads.ThreadPoolExecutor$Worker.run(ThreadPoolExecutor.java:659)
	at org.apache.tomcat.util.threads.TaskThread$WrappingRunnable.run(TaskThread.java:63)
	at java.base/java.lang.Thread.run(Thread.java:1583)
2024-04-19 17:19:24.087 [ERROR] [-nio-80-exec-10] .c.C.[.[.[.[dispatcherServlet] : log                  : 175        : Servlet.service() for servlet [dispatcherServlet] in context with path [] threw exception [Request processing failed: org.mybatis.spring.MyBatisSystemException] with root cause
org.apache.ibatis.binding.BindingException: Parameter 'product_id' not found. Available parameters are [productId, param1]
	at org.apache.ibatis.binding.MapperMethod$ParamMap.get(MapperMethod.java:210)
	at org.apache.ibatis.reflection.wrapper.MapWrapper.get(MapWrapper.java:45)
	at org.apache.ibatis.reflection.MetaObject.getValue(MetaObject.java:116)
	at org.apache.ibatis.executor.BaseExecutor.createCacheKey(BaseExecutor.java:225)
	at org.apache.ibatis.executor.CachingExecutor.createCacheKey(CachingExecutor.java:149)
	at org.apache.ibatis.executor.CachingExecutor.query(CachingExecutor.java:89)
	at org.apache.ibatis.session.defaults.DefaultSqlSession.selectList(DefaultSqlSession.java:154)
	at org.apache.ibatis.session.defaults.DefaultSqlSession.selectList(DefaultSqlSession.java:147)
	at org.apache.ibatis.session.defaults.DefaultSqlSession.selectList(DefaultSqlSession.java:142)
	at org.apache.ibatis.session.defaults.DefaultSqlSession.selectOne(DefaultSqlSession.java:75)
	at java.base/jdk.internal.reflect.DirectMethodHandleAccessor.invoke(DirectMethodHandleAccessor.java:103)
	at java.base/java.lang.reflect.Method.invoke(Method.java:580)
	at org.mybatis.spring.SqlSessionTemplate$SqlSessionInterceptor.invoke(SqlSessionTemplate.java:425)
	at jdk.proxy2/jdk.proxy2.$Proxy110.selectOne(Unknown Source)
	at org.mybatis.spring.SqlSessionTemplate.selectOne(SqlSessionTemplate.java:160)
	at org.apache.ibatis.binding.MapperMethod.execute(MapperMethod.java:87)
	at org.apache.ibatis.binding.MapperProxy$PlainMethodInvoker.invoke(MapperProxy.java:141)
	at org.apache.ibatis.binding.MapperProxy.invoke(MapperProxy.java:86)
	at jdk.proxy2/jdk.proxy2.$Proxy135.findViewById(Unknown Source)
	at java.base/jdk.internal.reflect.DirectMethodHandleAccessor.invoke(DirectMethodHandleAccessor.java:103)
	at java.base/java.lang.reflect.Method.invoke(Method.java:580)
	at org.springframework.aop.support.AopUtils.invokeJoinpointUsingReflection(AopUtils.java:351)
	at org.springframework.aop.framework.ReflectiveMethodInvocation.invokeJoinpoint(ReflectiveMethodInvocation.java:196)
	at org.springframework.aop.framework.ReflectiveMethodInvocation.proceed(ReflectiveMethodInvocation.java:163)
	at org.springframework.dao.support.PersistenceExceptionTranslationInterceptor.invoke(PersistenceExceptionTranslationInterceptor.java:137)
	at org.springframework.aop.framework.ReflectiveMethodInvocation.proceed(ReflectiveMethodInvocation.java:184)
	at org.springframework.aop.framework.JdkDynamicAopProxy.invoke(JdkDynamicAopProxy.java:220)
	at jdk.proxy2/jdk.proxy2.$Proxy136.findViewById(Unknown Source)
	at com.idle.shoppingmall.Service.Product.ProductService.findViewById(ProductService.java:93)
	at java.base/jdk.internal.reflect.DirectMethodHandleAccessor.invoke(DirectMethodHandleAccessor.java:103)
	at java.base/java.lang.reflect.Method.invoke(Method.java:580)
	at org.springframework.aop.support.AopUtils.invokeJoinpointUsingReflection(AopUtils.java:351)
	at org.springframework.aop.framework.CglibAopProxy$DynamicAdvisedInterceptor.intercept(CglibAopProxy.java:713)
	at com.idle.shoppingmall.Service.Product.ProductService$$SpringCGLIB$$0.findViewById(<generated>)
	at com.idle.shoppingmall.Controller.ControllerView.ProductViews.ProductDetailViewController.showDetailPage(ProductDetailViewController.java:19)
	at java.base/jdk.internal.reflect.DirectMethodHandleAccessor.invoke(DirectMethodHandleAccessor.java:103)
	at java.base/java.lang.reflect.Method.invoke(Method.java:580)
	at org.springframework.web.method.support.InvocableHandlerMethod.doInvoke(InvocableHandlerMethod.java:255)
	at org.springframework.web.method.support.InvocableHandlerMethod.invokeForRequest(InvocableHandlerMethod.java:188)
	at org.springframework.web.servlet.mvc.method.annotation.ServletInvocableHandlerMethod.invokeAndHandle(ServletInvocableHandlerMethod.java:118)
	at org.springframework.web.servlet.mvc.method.annotation.RequestMappingHandlerAdapter.invokeHandlerMethod(RequestMappingHandlerAdapter.java:925)
	at org.springframework.web.servlet.mvc.method.annotation.RequestMappingHandlerAdapter.handleInternal(RequestMappingHandlerAdapter.java:830)
	at org.springframework.web.servlet.mvc.method.AbstractHandlerMethodAdapter.handle(AbstractHandlerMethodAdapter.java:87)
	at org.springframework.web.servlet.DispatcherServlet.doDispatch(DispatcherServlet.java:1089)
	at org.springframework.web.servlet.DispatcherServlet.doService(DispatcherServlet.java:979)
	at org.springframework.web.servlet.FrameworkServlet.processRequest(FrameworkServlet.java:1014)
	at org.springframework.web.servlet.FrameworkServlet.doGet(FrameworkServlet.java:903)
	at jakarta.servlet.http.HttpServlet.service(HttpServlet.java:564)
	at org.springframework.web.servlet.FrameworkServlet.service(FrameworkServlet.java:885)
	at jakarta.servlet.http.HttpServlet.service(HttpServlet.java:658)
	at org.apache.catalina.core.ApplicationFilterChain.internalDoFilter(ApplicationFilterChain.java:205)
	at org.apache.catalina.core.ApplicationFilterChain.doFilter(ApplicationFilterChain.java:149)
	at org.apache.tomcat.websocket.server.WsFilter.doFilter(WsFilter.java:51)
	at org.apache.catalina.core.ApplicationFilterChain.internalDoFilter(ApplicationFilterChain.java:174)
	at org.apache.catalina.core.ApplicationFilterChain.doFilter(ApplicationFilterChain.java:149)
	at org.springframework.web.filter.CompositeFilter$VirtualFilterChain.doFilter(CompositeFilter.java:108)
	at org.springframework.security.web.FilterChainProxy.lambda$doFilterInternal$3(FilterChainProxy.java:231)
	at org.springframework.security.web.FilterChainProxy$VirtualFilterChain.doFilter(FilterChainProxy.java:365)
	at org.springframework.security.web.access.intercept.AuthorizationFilter.doFilter(AuthorizationFilter.java:100)
	at org.springframework.security.web.FilterChainProxy$VirtualFilterChain.doFilter(FilterChainProxy.java:374)
	at org.springframework.security.web.access.ExceptionTranslationFilter.doFilter(ExceptionTranslationFilter.java:126)
	at org.springframework.security.web.access.ExceptionTranslationFilter.doFilter(ExceptionTranslationFilter.java:120)
	at org.springframework.security.web.FilterChainProxy$VirtualFilterChain.doFilter(FilterChainProxy.java:374)
	at org.springframework.security.web.authentication.AnonymousAuthenticationFilter.doFilter(AnonymousAuthenticationFilter.java:100)
	at org.springframework.security.web.FilterChainProxy$VirtualFilterChain.doFilter(FilterChainProxy.java:374)
	at org.springframework.security.web.servletapi.SecurityContextHolderAwareRequestFilter.doFilter(SecurityContextHolderAwareRequestFilter.java:179)
	at org.springframework.security.web.FilterChainProxy$VirtualFilterChain.doFilter(FilterChainProxy.java:374)
	at org.springframework.security.web.savedrequest.RequestCacheAwareFilter.doFilter(RequestCacheAwareFilter.java:63)
	at org.springframework.security.web.FilterChainProxy$VirtualFilterChain.doFilter(FilterChainProxy.java:374)
	at org.springframework.security.web.authentication.AbstractAuthenticationProcessingFilter.doFilter(AbstractAuthenticationProcessingFilter.java:227)
	at org.springframework.security.web.authentication.AbstractAuthenticationProcessingFilter.doFilter(AbstractAuthenticationProcessingFilter.java:221)
	at org.springframework.security.web.FilterChainProxy$VirtualFilterChain.doFilter(FilterChainProxy.java:374)
	at org.springframework.security.web.authentication.AbstractAuthenticationProcessingFilter.doFilter(AbstractAuthenticationProcessingFilter.java:227)
	at org.springframework.security.web.authentication.AbstractAuthenticationProcessingFilter.doFilter(AbstractAuthenticationProcessingFilter.java:221)
	at org.springframework.security.web.FilterChainProxy$VirtualFilterChain.doFilter(FilterChainProxy.java:374)
	at org.springframework.security.oauth2.client.web.OAuth2AuthorizationRequestRedirectFilter.doFilterInternal(OAuth2AuthorizationRequestRedirectFilter.java:181)
	at org.springframework.web.filter.OncePerRequestFilter.doFilter(OncePerRequestFilter.java:116)
	at org.springframework.security.web.FilterChainProxy$VirtualFilterChain.doFilter(FilterChainProxy.java:374)
	at org.springframework.security.web.authentication.logout.LogoutFilter.doFilter(LogoutFilter.java:107)
	at org.springframework.security.web.authentication.logout.LogoutFilter.doFilter(LogoutFilter.java:93)
	at org.springframework.security.web.FilterChainProxy$VirtualFilterChain.doFilter(FilterChainProxy.java:374)
	at org.springframework.web.filter.CorsFilter.doFilterInternal(CorsFilter.java:91)
	at org.springframework.web.filter.OncePerRequestFilter.doFilter(OncePerRequestFilter.java:116)
	at org.springframework.security.web.FilterChainProxy$VirtualFilterChain.doFilter(FilterChainProxy.java:374)
	at org.springframework.security.web.header.HeaderWriterFilter.doHeadersAfter(HeaderWriterFilter.java:90)
	at org.springframework.security.web.header.HeaderWriterFilter.doFilterInternal(HeaderWriterFilter.java:75)
	at org.springframework.web.filter.OncePerRequestFilter.doFilter(OncePerRequestFilter.java:116)
	at org.springframework.security.web.FilterChainProxy$VirtualFilterChain.doFilter(FilterChainProxy.java:374)
	at org.springframework.security.web.context.SecurityContextHolderFilter.doFilter(SecurityContextHolderFilter.java:82)
	at org.springframework.security.web.context.SecurityContextHolderFilter.doFilter(SecurityContextHolderFilter.java:69)
	at org.springframework.security.web.FilterChainProxy$VirtualFilterChain.doFilter(FilterChainProxy.java:374)
	at org.springframework.security.web.context.request.async.WebAsyncManagerIntegrationFilter.doFilterInternal(WebAsyncManagerIntegrationFilter.java:62)
	at org.springframework.web.filter.OncePerRequestFilter.doFilter(OncePerRequestFilter.java:116)
	at org.springframework.security.web.FilterChainProxy$VirtualFilterChain.doFilter(FilterChainProxy.java:374)
	at org.springframework.security.web.session.DisableEncodeUrlFilter.doFilterInternal(DisableEncodeUrlFilter.java:42)
	at org.springframework.web.filter.OncePerRequestFilter.doFilter(OncePerRequestFilter.java:116)
	at org.springframework.security.web.FilterChainProxy$VirtualFilterChain.doFilter(FilterChainProxy.java:374)
	at org.springframework.security.web.FilterChainProxy.doFilterInternal(FilterChainProxy.java:233)
	at org.springframework.security.web.FilterChainProxy.doFilter(FilterChainProxy.java:191)
	at org.springframework.web.filter.CompositeFilter$VirtualFilterChain.doFilter(CompositeFilter.java:113)
	at org.springframework.web.servlet.handler.HandlerMappingIntrospector.lambda$createCacheFilter$3(HandlerMappingIntrospector.java:195)
	at org.springframework.web.filter.CompositeFilter$VirtualFilterChain.doFilter(CompositeFilter.java:113)
	at org.springframework.web.filter.CompositeFilter.doFilter(CompositeFilter.java:74)
	at org.springframework.security.config.annotation.web.configuration.WebMvcSecurityConfiguration$CompositeFilterChainProxy.doFilter(WebMvcSecurityConfiguration.java:230)
	at org.springframework.web.filter.DelegatingFilterProxy.invokeDelegate(DelegatingFilterProxy.java:352)
	at org.springframework.web.filter.DelegatingFilterProxy.doFilter(DelegatingFilterProxy.java:268)
	at org.apache.catalina.core.ApplicationFilterChain.internalDoFilter(ApplicationFilterChain.java:174)
	at org.apache.catalina.core.ApplicationFilterChain.doFilter(ApplicationFilterChain.java:149)
	at org.springframework.web.filter.RequestContextFilter.doFilterInternal(RequestContextFilter.java:100)
	at org.springframework.web.filter.OncePerRequestFilter.doFilter(OncePerRequestFilter.java:116)
	at org.apache.catalina.core.ApplicationFilterChain.internalDoFilter(ApplicationFilterChain.java:174)
	at org.apache.catalina.core.ApplicationFilterChain.doFilter(ApplicationFilterChain.java:149)
	at org.springframework.web.filter.FormContentFilter.doFilterInternal(FormContentFilter.java:93)
	at org.springframework.web.filter.OncePerRequestFilter.doFilter(OncePerRequestFilter.java:116)
	at org.apache.catalina.core.ApplicationFilterChain.internalDoFilter(ApplicationFilterChain.java:174)
	at org.apache.catalina.core.ApplicationFilterChain.doFilter(ApplicationFilterChain.java:149)
	at org.springframework.web.filter.CharacterEncodingFilter.doFilterInternal(CharacterEncodingFilter.java:201)
	at org.springframework.web.filter.OncePerRequestFilter.doFilter(OncePerRequestFilter.java:116)
	at org.apache.catalina.core.ApplicationFilterChain.internalDoFilter(ApplicationFilterChain.java:174)
	at org.apache.catalina.core.ApplicationFilterChain.doFilter(ApplicationFilterChain.java:149)
	at org.apache.catalina.core.StandardWrapperValve.invoke(StandardWrapperValve.java:167)
	at org.apache.catalina.core.StandardContextValve.invoke(StandardContextValve.java:90)
	at org.apache.catalina.authenticator.AuthenticatorBase.invoke(AuthenticatorBase.java:482)
	at org.apache.catalina.core.StandardHostValve.invoke(StandardHostValve.java:115)
	at org.apache.catalina.valves.ErrorReportValve.invoke(ErrorReportValve.java:93)
	at org.apache.catalina.core.StandardEngineValve.invoke(StandardEngineValve.java:74)
	at org.apache.catalina.connector.CoyoteAdapter.service(CoyoteAdapter.java:344)
	at org.apache.coyote.http11.Http11Processor.service(Http11Processor.java:391)
	at org.apache.coyote.AbstractProcessorLight.process(AbstractProcessorLight.java:63)
	at org.apache.coyote.AbstractProtocol$ConnectionHandler.process(AbstractProtocol.java:896)
	at org.apache.tomcat.util.net.NioEndpoint$SocketProcessor.doRun(NioEndpoint.java:1744)
	at org.apache.tomcat.util.net.SocketProcessorBase.run(SocketProcessorBase.java:52)
	at org.apache.tomcat.util.threads.ThreadPoolExecutor.runWorker(ThreadPoolExecutor.java:1191)
	at org.apache.tomcat.util.threads.ThreadPoolExecutor$Worker.run(ThreadPoolExecutor.java:659)
	at org.apache.tomcat.util.threads.TaskThread$WrappingRunnable.run(TaskThread.java:63)
	at java.base/java.lang.Thread.run(Thread.java:1583)
2024-04-19 17:32:27.306 [ INFO] [ionShutdownHook] tainerEntityManagerFactoryBean : destroy              : 650        : Closing JPA EntityManagerFactory for persistence unit 'default'
2024-04-19 17:32:27.309 [ INFO] [ionShutdownHook] c.z.h.HikariDataSource         : close                : 350        : HikariPool-1 - Shutdown initiated...
2024-04-19 17:32:27.314 [ INFO] [ionShutdownHook] c.z.h.HikariDataSource         : close                : 352        : HikariPool-1 - Shutdown completed.
2024-04-19 17:49:05.877 [ INFO] [kground-preinit] o.h.v.i.u.Version              : <clinit>             : 21         : HV000001: Hibernate Validator 8.0.1.Final
2024-04-19 17:49:05.892 [ INFO] [           main] c.i.s.ShoppingMallApplication  : logStarting          : 50         : Starting ShoppingMallApplication using Java 21.0.2 with PID 92069 (/Users/bagsuyeon/Desktop/Team_idle/target/classes started by bagsuyeon in /Users/bagsuyeon/Desktop/Team_idle)
2024-04-19 17:49:05.893 [ INFO] [           main] c.i.s.ShoppingMallApplication  : ogStartupProfileInfo : 654        : No active profile set, falling back to 1 default profile: "default"
2024-04-19 17:49:06.278 [ INFO] [           main] epositoryConfigurationDelegate : gisterRepositoriesIn : 139        : Bootstrapping Spring Data JPA repositories in DEFAULT mode.
2024-04-19 17:49:06.291 [ INFO] [           main] epositoryConfigurationDelegate : gisterRepositoriesIn : 208        : Finished Spring Data repository scanning in 10 ms. Found 0 JPA repository interfaces.
2024-04-19 17:49:06.540 [ INFO] [           main] o.a.c.h.Http11NioProtocol      : log                  : 173        : Initializing ProtocolHandler ["http-nio-80"]
2024-04-19 17:49:06.541 [ INFO] [           main] o.a.c.c.StandardService        : log                  : 173        : Starting service [Tomcat]
2024-04-19 17:49:06.541 [ INFO] [           main] o.a.c.c.StandardEngine         : log                  : 173        : Starting Servlet engine: [Apache Tomcat/10.1.19]
2024-04-19 17:49:06.563 [ INFO] [           main] o.a.c.c.C.[.[.[/]              : log                  : 173        : Initializing Spring embedded WebApplicationContext
2024-04-19 17:49:06.631 [ INFO] [           main] c.z.h.HikariDataSource         : getConnection        : 110        : HikariPool-1 - Starting...
2024-04-19 17:49:06.872 [ INFO] [           main] c.z.h.p.HikariPool             : checkFailFast        : 565        : HikariPool-1 - Added connection com.mysql.cj.jdbc.ConnectionImpl@611c3eae
2024-04-19 17:49:06.873 [ INFO] [           main] c.z.h.HikariDataSource         : getConnection        : 123        : HikariPool-1 - Start completed.
2024-04-19 17:49:06.892 [ INFO] [           main] o.h.j.i.u.LogHelper            : tenceUnitInformation : 31         : HHH000204: Processing PersistenceUnitInfo [name: default]
2024-04-19 17:49:06.925 [ INFO] [           main] o.h.Version                    : logVersion           : 44         : HHH000412: Hibernate ORM core version 6.4.4.Final
2024-04-19 17:49:06.942 [ INFO] [           main] o.h.c.i.RegionFactoryInitiator : initiateService      : 50         : HHH000026: Second-level cache disabled
2024-04-19 17:49:07.030 [ INFO] [           main] .j.p.SpringPersistenceUnitInfo : addTransformer       : 87         : No LoadTimeWeaver setup: ignoring JPA class transformer
2024-04-19 17:49:07.236 [ INFO] [           main] e.t.j.p.i.JtaPlatformInitiator : initiateService      : 58         : HHH000489: No JTA platform available (set 'hibernate.transaction.jta.platform' to enable JTA platform integration)
2024-04-19 17:49:07.238 [ INFO] [           main] tainerEntityManagerFactoryBean : EntityManagerFactory : 437        : Initialized JPA EntityManagerFactory for persistence unit 'default'
2024-04-19 17:49:07.627 [ WARN] [           main] figuration$JpaWebConfiguration : gerInViewInterceptor : 232        : spring.jpa.open-in-view is enabled by default. Therefore, database queries may be performed during view rendering. Explicitly configure spring.jpa.open-in-view to disable this warning
2024-04-19 17:49:07.736 [ INFO] [           main] s.w.DefaultSecurityFilterChain : <init>               : 54         : Will secure any request with [org.springframework.security.web.session.DisableEncodeUrlFilter@11c40a65, org.springframework.security.web.context.request.async.WebAsyncManagerIntegrationFilter@68c3aa38, org.springframework.security.web.context.SecurityContextHolderFilter@50eae15a, org.springframework.security.web.header.HeaderWriterFilter@12f12744, org.springframework.web.filter.CorsFilter@1196537d, org.springframework.security.web.authentication.logout.LogoutFilter@395c21ee, org.springframework.security.oauth2.client.web.OAuth2AuthorizationRequestRedirectFilter@5dc8448b, org.springframework.security.oauth2.client.web.OAuth2LoginAuthenticationFilter@255b84a9, org.springframework.security.web.authentication.UsernamePasswordAuthenticationFilter@5d200dce, org.springframework.security.web.savedrequest.RequestCacheAwareFilter@5b5f61cc, org.springframework.security.web.servletapi.SecurityContextHolderAwareRequestFilter@39179470, org.springframework.security.web.authentication.AnonymousAuthenticationFilter@267a8777, org.springframework.security.web.access.ExceptionTranslationFilter@775fec4, org.springframework.security.web.access.intercept.AuthorizationFilter@3615f8d9]
2024-04-19 17:49:07.820 [ INFO] [           main] o.a.c.h.Http11NioProtocol      : log                  : 173        : Starting ProtocolHandler ["http-nio-80"]
2024-04-19 17:49:07.830 [ INFO] [           main] c.i.s.ShoppingMallApplication  : logStarted           : 56         : Started ShoppingMallApplication in 2.134 seconds (process running for 2.611)
2024-04-19 17:50:54.470 [ INFO] [p-nio-80-exec-1] o.a.c.c.C.[.[.[/]              : log                  : 173        : Initializing Spring DispatcherServlet 'dispatcherServlet'
2024-04-19 17:50:54.471 [ INFO] [p-nio-80-exec-1] o.s.w.s.DispatcherServlet      : initServletBean      : 532        : Initializing Servlet 'dispatcherServlet'
2024-04-19 17:50:54.472 [ INFO] [p-nio-80-exec-1] o.s.w.s.DispatcherServlet      : initServletBean      : 554        : Completed initialization in 1 ms
2024-04-19 17:51:37.175 [ INFO] [ionShutdownHook] tainerEntityManagerFactoryBean : destroy              : 650        : Closing JPA EntityManagerFactory for persistence unit 'default'
2024-04-19 17:51:37.177 [ INFO] [ionShutdownHook] c.z.h.HikariDataSource         : close                : 350        : HikariPool-1 - Shutdown initiated...
2024-04-19 17:51:37.180 [ INFO] [ionShutdownHook] c.z.h.HikariDataSource         : close                : 352        : HikariPool-1 - Shutdown completed.
2024-04-20 16:19:19.700 [ INFO] [kground-preinit] o.h.v.i.u.Version              : <clinit>             : 21         : HV000001: Hibernate Validator 8.0.1.Final
2024-04-20 16:19:19.713 [ INFO] [           main] c.i.s.ShoppingMallApplication  : logStarting          : 50         : Starting ShoppingMallApplication using Java 21.0.2 with PID 94676 (/Users/bagsuyeon/Desktop/Team_idle/target/classes started by bagsuyeon in /Users/bagsuyeon/Desktop/Team_idle)
2024-04-20 16:19:19.714 [ INFO] [           main] c.i.s.ShoppingMallApplication  : ogStartupProfileInfo : 654        : No active profile set, falling back to 1 default profile: "default"
2024-04-20 16:19:20.080 [ INFO] [           main] epositoryConfigurationDelegate : gisterRepositoriesIn : 139        : Bootstrapping Spring Data JPA repositories in DEFAULT mode.
2024-04-20 16:19:20.092 [ INFO] [           main] epositoryConfigurationDelegate : gisterRepositoriesIn : 208        : Finished Spring Data repository scanning in 9 ms. Found 0 JPA repository interfaces.
2024-04-20 16:19:20.315 [ INFO] [           main] o.a.c.h.Http11NioProtocol      : log                  : 173        : Initializing ProtocolHandler ["http-nio-80"]
2024-04-20 16:19:20.316 [ INFO] [           main] o.a.c.c.StandardService        : log                  : 173        : Starting service [Tomcat]
2024-04-20 16:19:20.316 [ INFO] [           main] o.a.c.c.StandardEngine         : log                  : 173        : Starting Servlet engine: [Apache Tomcat/10.1.19]
2024-04-20 16:19:20.336 [ INFO] [           main] o.a.c.c.C.[.[.[/]              : log                  : 173        : Initializing Spring embedded WebApplicationContext
2024-04-20 16:19:20.406 [ INFO] [           main] c.z.h.HikariDataSource         : getConnection        : 110        : HikariPool-1 - Starting...
2024-04-20 16:19:20.551 [ INFO] [           main] c.z.h.p.HikariPool             : checkFailFast        : 565        : HikariPool-1 - Added connection com.mysql.cj.jdbc.ConnectionImpl@4bf4680c
2024-04-20 16:19:20.551 [ INFO] [           main] c.z.h.HikariDataSource         : getConnection        : 123        : HikariPool-1 - Start completed.
2024-04-20 16:19:20.570 [ INFO] [           main] o.h.j.i.u.LogHelper            : tenceUnitInformation : 31         : HHH000204: Processing PersistenceUnitInfo [name: default]
2024-04-20 16:19:20.599 [ INFO] [           main] o.h.Version                    : logVersion           : 44         : HHH000412: Hibernate ORM core version 6.4.4.Final
2024-04-20 16:19:20.614 [ INFO] [           main] o.h.c.i.RegionFactoryInitiator : initiateService      : 50         : HHH000026: Second-level cache disabled
2024-04-20 16:19:20.705 [ INFO] [           main] .j.p.SpringPersistenceUnitInfo : addTransformer       : 87         : No LoadTimeWeaver setup: ignoring JPA class transformer
2024-04-20 16:19:20.878 [ INFO] [           main] e.t.j.p.i.JtaPlatformInitiator : initiateService      : 58         : HHH000489: No JTA platform available (set 'hibernate.transaction.jta.platform' to enable JTA platform integration)
2024-04-20 16:19:20.880 [ INFO] [           main] tainerEntityManagerFactoryBean : EntityManagerFactory : 437        : Initialized JPA EntityManagerFactory for persistence unit 'default'
2024-04-20 16:19:21.342 [ WARN] [           main] figuration$JpaWebConfiguration : gerInViewInterceptor : 232        : spring.jpa.open-in-view is enabled by default. Therefore, database queries may be performed during view rendering. Explicitly configure spring.jpa.open-in-view to disable this warning
2024-04-20 16:19:21.477 [ INFO] [           main] s.w.DefaultSecurityFilterChain : <init>               : 54         : Will secure any request with [org.springframework.security.web.session.DisableEncodeUrlFilter@26723525, org.springframework.security.web.context.request.async.WebAsyncManagerIntegrationFilter@11c40a65, org.springframework.security.web.context.SecurityContextHolderFilter@344acc03, org.springframework.security.web.header.HeaderWriterFilter@c7d173f, org.springframework.web.filter.CorsFilter@68c3aa38, org.springframework.security.web.authentication.logout.LogoutFilter@6bc8d8bd, org.springframework.security.oauth2.client.web.OAuth2AuthorizationRequestRedirectFilter@26361572, org.springframework.security.oauth2.client.web.OAuth2LoginAuthenticationFilter@33d08a24, org.springframework.security.web.authentication.UsernamePasswordAuthenticationFilter@3615f8d9, org.springframework.security.web.savedrequest.RequestCacheAwareFilter@4bba2704, org.springframework.security.web.servletapi.SecurityContextHolderAwareRequestFilter@5b5f61cc, org.springframework.security.web.authentication.AnonymousAuthenticationFilter@1196537d, org.springframework.security.web.access.ExceptionTranslationFilter@36570936, org.springframework.security.web.access.intercept.AuthorizationFilter@7b55fc83]
2024-04-20 16:19:21.566 [ INFO] [           main] o.a.c.h.Http11NioProtocol      : log                  : 173        : Starting ProtocolHandler ["http-nio-80"]
2024-04-20 16:19:21.577 [ INFO] [           main] c.i.s.ShoppingMallApplication  : logStarted           : 56         : Started ShoppingMallApplication in 2.018 seconds (process running for 2.519)
2024-04-20 16:19:37.547 [ INFO] [p-nio-80-exec-1] o.a.c.c.C.[.[.[/]              : log                  : 173        : Initializing Spring DispatcherServlet 'dispatcherServlet'
2024-04-20 16:19:37.547 [ INFO] [p-nio-80-exec-1] o.s.w.s.DispatcherServlet      : initServletBean      : 532        : Initializing Servlet 'dispatcherServlet'
2024-04-20 16:19:37.548 [ INFO] [p-nio-80-exec-1] o.s.w.s.DispatcherServlet      : initServletBean      : 554        : Completed initialization in 1 ms
2024-04-20 16:21:40.766 [ INFO] [ionShutdownHook] tainerEntityManagerFactoryBean : destroy              : 650        : Closing JPA EntityManagerFactory for persistence unit 'default'
2024-04-20 16:21:40.767 [ INFO] [ionShutdownHook] c.z.h.HikariDataSource         : close                : 350        : HikariPool-1 - Shutdown initiated...
2024-04-20 16:21:40.770 [ INFO] [ionShutdownHook] c.z.h.HikariDataSource         : close                : 352        : HikariPool-1 - Shutdown completed.
2024-04-22 10:06:16.999 [ INFO] [kground-preinit] o.h.v.i.u.Version              : <clinit>             : 21         : HV000001: Hibernate Validator 8.0.1.Final
2024-04-22 10:06:17.013 [ INFO] [           main] c.i.s.ShoppingMallApplication  : logStarting          : 50         : Starting ShoppingMallApplication using Java 21.0.2 with PID 2205 (/Users/bagsuyeon/Desktop/Team_idle/target/classes started by bagsuyeon in /Users/bagsuyeon/Desktop/Team_idle)
2024-04-22 10:06:17.014 [ INFO] [           main] c.i.s.ShoppingMallApplication  : ogStartupProfileInfo : 654        : No active profile set, falling back to 1 default profile: "default"
2024-04-22 10:06:17.429 [ INFO] [           main] epositoryConfigurationDelegate : gisterRepositoriesIn : 139        : Bootstrapping Spring Data JPA repositories in DEFAULT mode.
2024-04-22 10:06:17.441 [ INFO] [           main] epositoryConfigurationDelegate : gisterRepositoriesIn : 208        : Finished Spring Data repository scanning in 8 ms. Found 0 JPA repository interfaces.
2024-04-22 10:06:17.663 [ INFO] [           main] o.a.c.h.Http11NioProtocol      : log                  : 173        : Initializing ProtocolHandler ["http-nio-80"]
2024-04-22 10:06:17.663 [ INFO] [           main] o.a.c.c.StandardService        : log                  : 173        : Starting service [Tomcat]
2024-04-22 10:06:17.664 [ INFO] [           main] o.a.c.c.StandardEngine         : log                  : 173        : Starting Servlet engine: [Apache Tomcat/10.1.19]
2024-04-22 10:06:17.681 [ INFO] [           main] o.a.c.c.C.[.[.[/]              : log                  : 173        : Initializing Spring embedded WebApplicationContext
2024-04-22 10:06:17.744 [ INFO] [           main] c.z.h.HikariDataSource         : getConnection        : 110        : HikariPool-1 - Starting...
2024-04-22 10:06:17.924 [ INFO] [           main] c.z.h.p.HikariPool             : checkFailFast        : 565        : HikariPool-1 - Added connection com.mysql.cj.jdbc.ConnectionImpl@1201769d
2024-04-22 10:06:17.925 [ INFO] [           main] c.z.h.HikariDataSource         : getConnection        : 123        : HikariPool-1 - Start completed.
2024-04-22 10:06:17.942 [ INFO] [           main] o.h.j.i.u.LogHelper            : tenceUnitInformation : 31         : HHH000204: Processing PersistenceUnitInfo [name: default]
2024-04-22 10:06:17.967 [ INFO] [           main] o.h.Version                    : logVersion           : 44         : HHH000412: Hibernate ORM core version 6.4.4.Final
2024-04-22 10:06:17.979 [ INFO] [           main] o.h.c.i.RegionFactoryInitiator : initiateService      : 50         : HHH000026: Second-level cache disabled
2024-04-22 10:06:18.060 [ INFO] [           main] .j.p.SpringPersistenceUnitInfo : addTransformer       : 87         : No LoadTimeWeaver setup: ignoring JPA class transformer
2024-04-22 10:06:18.246 [ INFO] [           main] e.t.j.p.i.JtaPlatformInitiator : initiateService      : 58         : HHH000489: No JTA platform available (set 'hibernate.transaction.jta.platform' to enable JTA platform integration)
2024-04-22 10:06:18.248 [ INFO] [           main] tainerEntityManagerFactoryBean : EntityManagerFactory : 437        : Initialized JPA EntityManagerFactory for persistence unit 'default'
2024-04-22 10:06:18.653 [ WARN] [           main] figuration$JpaWebConfiguration : gerInViewInterceptor : 232        : spring.jpa.open-in-view is enabled by default. Therefore, database queries may be performed during view rendering. Explicitly configure spring.jpa.open-in-view to disable this warning
2024-04-22 10:06:18.770 [ INFO] [           main] s.w.DefaultSecurityFilterChain : <init>               : 54         : Will secure any request with [org.springframework.security.web.session.DisableEncodeUrlFilter@9e4388d, org.springframework.security.web.context.request.async.WebAsyncManagerIntegrationFilter@28532753, org.springframework.security.web.context.SecurityContextHolderFilter@c76762, org.springframework.security.web.header.HeaderWriterFilter@80b70fd, org.springframework.web.filter.CorsFilter@21399e53, org.springframework.security.web.authentication.logout.LogoutFilter@2ef63b6d, org.springframework.security.oauth2.client.web.OAuth2AuthorizationRequestRedirectFilter@3d2b8e, org.springframework.security.oauth2.client.web.OAuth2LoginAuthenticationFilter@2bd158ea, org.springframework.security.web.authentication.UsernamePasswordAuthenticationFilter@2480acc3, org.springframework.security.web.savedrequest.RequestCacheAwareFilter@2db82155, org.springframework.security.web.servletapi.SecurityContextHolderAwareRequestFilter@128d397c, org.springframework.security.web.authentication.AnonymousAuthenticationFilter@2a6871ad, org.springframework.security.web.access.ExceptionTranslationFilter@13976c57, org.springframework.security.web.access.intercept.AuthorizationFilter@22e253c7]
2024-04-22 10:06:18.849 [ INFO] [           main] o.a.c.h.Http11NioProtocol      : log                  : 173        : Starting ProtocolHandler ["http-nio-80"]
2024-04-22 10:06:18.859 [ INFO] [           main] c.i.s.ShoppingMallApplication  : logStarted           : 56         : Started ShoppingMallApplication in 2.023 seconds (process running for 2.584)
2024-04-22 10:06:27.567 [ INFO] [p-nio-80-exec-1] o.a.c.c.C.[.[.[/]              : log                  : 173        : Initializing Spring DispatcherServlet 'dispatcherServlet'
2024-04-22 10:06:27.567 [ INFO] [p-nio-80-exec-1] o.s.w.s.DispatcherServlet      : initServletBean      : 532        : Initializing Servlet 'dispatcherServlet'
2024-04-22 10:06:27.568 [ INFO] [p-nio-80-exec-1] o.s.w.s.DispatcherServlet      : initServletBean      : 554        : Completed initialization in 1 ms
2024-04-22 10:13:13.306 [ INFO] [ionShutdownHook] tainerEntityManagerFactoryBean : destroy              : 650        : Closing JPA EntityManagerFactory for persistence unit 'default'
2024-04-22 10:13:13.308 [ INFO] [ionShutdownHook] c.z.h.HikariDataSource         : close                : 350        : HikariPool-1 - Shutdown initiated...
2024-04-22 10:13:13.312 [ INFO] [ionShutdownHook] c.z.h.HikariDataSource         : close                : 352        : HikariPool-1 - Shutdown completed.
2024-04-22 10:13:15.095 [ INFO] [kground-preinit] o.h.v.i.u.Version              : <clinit>             : 21         : HV000001: Hibernate Validator 8.0.1.Final
2024-04-22 10:13:15.106 [ INFO] [           main] c.i.s.ShoppingMallApplication  : logStarting          : 50         : Starting ShoppingMallApplication using Java 21.0.2 with PID 2333 (/Users/bagsuyeon/Desktop/Team_idle/target/classes started by bagsuyeon in /Users/bagsuyeon/Desktop/Team_idle)
2024-04-22 10:13:15.107 [ INFO] [           main] c.i.s.ShoppingMallApplication  : ogStartupProfileInfo : 654        : No active profile set, falling back to 1 default profile: "default"
2024-04-22 10:13:15.392 [ INFO] [           main] epositoryConfigurationDelegate : gisterRepositoriesIn : 139        : Bootstrapping Spring Data JPA repositories in DEFAULT mode.
2024-04-22 10:13:15.402 [ INFO] [           main] epositoryConfigurationDelegate : gisterRepositoriesIn : 208        : Finished Spring Data repository scanning in 7 ms. Found 0 JPA repository interfaces.
2024-04-22 10:13:15.584 [ INFO] [           main] o.a.c.h.Http11NioProtocol      : log                  : 173        : Initializing ProtocolHandler ["http-nio-80"]
2024-04-22 10:13:15.585 [ INFO] [           main] o.a.c.c.StandardService        : log                  : 173        : Starting service [Tomcat]
2024-04-22 10:13:15.585 [ INFO] [           main] o.a.c.c.StandardEngine         : log                  : 173        : Starting Servlet engine: [Apache Tomcat/10.1.19]
2024-04-22 10:13:15.605 [ INFO] [           main] o.a.c.c.C.[.[.[/]              : log                  : 173        : Initializing Spring embedded WebApplicationContext
2024-04-22 10:13:15.662 [ INFO] [           main] c.z.h.HikariDataSource         : getConnection        : 110        : HikariPool-1 - Starting...
2024-04-22 10:13:15.802 [ INFO] [           main] c.z.h.p.HikariPool             : checkFailFast        : 565        : HikariPool-1 - Added connection com.mysql.cj.jdbc.ConnectionImpl@566c1e71
2024-04-22 10:13:15.803 [ INFO] [           main] c.z.h.HikariDataSource         : getConnection        : 123        : HikariPool-1 - Start completed.
2024-04-22 10:13:15.823 [ INFO] [           main] o.h.j.i.u.LogHelper            : tenceUnitInformation : 31         : HHH000204: Processing PersistenceUnitInfo [name: default]
2024-04-22 10:13:15.852 [ INFO] [           main] o.h.Version                    : logVersion           : 44         : HHH000412: Hibernate ORM core version 6.4.4.Final
2024-04-22 10:13:15.867 [ INFO] [           main] o.h.c.i.RegionFactoryInitiator : initiateService      : 50         : HHH000026: Second-level cache disabled
2024-04-22 10:13:15.947 [ INFO] [           main] .j.p.SpringPersistenceUnitInfo : addTransformer       : 87         : No LoadTimeWeaver setup: ignoring JPA class transformer
2024-04-22 10:13:16.114 [ INFO] [           main] e.t.j.p.i.JtaPlatformInitiator : initiateService      : 58         : HHH000489: No JTA platform available (set 'hibernate.transaction.jta.platform' to enable JTA platform integration)
2024-04-22 10:13:16.116 [ INFO] [           main] tainerEntityManagerFactoryBean : EntityManagerFactory : 437        : Initialized JPA EntityManagerFactory for persistence unit 'default'
2024-04-22 10:13:16.497 [ WARN] [           main] figuration$JpaWebConfiguration : gerInViewInterceptor : 232        : spring.jpa.open-in-view is enabled by default. Therefore, database queries may be performed during view rendering. Explicitly configure spring.jpa.open-in-view to disable this warning
2024-04-22 10:13:16.611 [ INFO] [           main] s.w.DefaultSecurityFilterChain : <init>               : 54         : Will secure any request with [org.springframework.security.web.session.DisableEncodeUrlFilter@28532753, org.springframework.security.web.context.request.async.WebAsyncManagerIntegrationFilter@21399e53, org.springframework.security.web.context.SecurityContextHolderFilter@5318731f, org.springframework.security.web.header.HeaderWriterFilter@5af7e2f, org.springframework.web.filter.CorsFilter@2a6871ad, org.springframework.security.web.authentication.logout.LogoutFilter@377cc0f8, org.springframework.security.oauth2.client.web.OAuth2AuthorizationRequestRedirectFilter@3dcf6026, org.springframework.security.oauth2.client.web.OAuth2LoginAuthenticationFilter@42d96745, org.springframework.security.web.authentication.UsernamePasswordAuthenticationFilter@4fe3199d, org.springframework.security.web.savedrequest.RequestCacheAwareFilter@128d397c, org.springframework.security.web.servletapi.SecurityContextHolderAwareRequestFilter@294ab038, org.springframework.security.web.authentication.AnonymousAuthenticationFilter@260043d, org.springframework.security.web.access.ExceptionTranslationFilter@10b7b5f0, org.springframework.security.web.access.intercept.AuthorizationFilter@2480acc3]
2024-04-22 10:13:16.691 [ INFO] [           main] o.a.c.h.Http11NioProtocol      : log                  : 173        : Starting ProtocolHandler ["http-nio-80"]
2024-04-22 10:13:16.700 [ INFO] [           main] c.i.s.ShoppingMallApplication  : logStarted           : 56         : Started ShoppingMallApplication in 1.729 seconds (process running for 2.073)
2024-04-22 10:13:17.152 [ INFO] [p-nio-80-exec-1] o.a.c.c.C.[.[.[/]              : log                  : 173        : Initializing Spring DispatcherServlet 'dispatcherServlet'
2024-04-22 10:13:17.152 [ INFO] [p-nio-80-exec-1] o.s.w.s.DispatcherServlet      : initServletBean      : 532        : Initializing Servlet 'dispatcherServlet'
2024-04-22 10:13:17.154 [ INFO] [p-nio-80-exec-1] o.s.w.s.DispatcherServlet      : initServletBean      : 554        : Completed initialization in 2 ms
2024-04-22 10:13:31.879 [ INFO] [ionShutdownHook] tainerEntityManagerFactoryBean : destroy              : 650        : Closing JPA EntityManagerFactory for persistence unit 'default'
2024-04-22 10:13:31.880 [ INFO] [ionShutdownHook] c.z.h.HikariDataSource         : close                : 350        : HikariPool-1 - Shutdown initiated...
2024-04-22 10:13:31.883 [ INFO] [ionShutdownHook] c.z.h.HikariDataSource         : close                : 352        : HikariPool-1 - Shutdown completed.
